-- MySQL dump 10.13  Distrib 8.0.32, for Linux (x86_64)
--
-- Host: 127.0.0.1    Database: alcpt
-- ------------------------------------------------------
-- Server version	8.0.32

/*!40101 SET @OLD_CHARACTER_SET_CLIENT=@@CHARACTER_SET_CLIENT */;
/*!40101 SET @OLD_CHARACTER_SET_RESULTS=@@CHARACTER_SET_RESULTS */;
/*!40101 SET @OLD_COLLATION_CONNECTION=@@COLLATION_CONNECTION */;
/*!50503 SET NAMES utf8mb4 */;
/*!40103 SET @OLD_TIME_ZONE=@@TIME_ZONE */;
/*!40103 SET TIME_ZONE='+00:00' */;
/*!40014 SET @OLD_UNIQUE_CHECKS=@@UNIQUE_CHECKS, UNIQUE_CHECKS=0 */;
/*!40014 SET @OLD_FOREIGN_KEY_CHECKS=@@FOREIGN_KEY_CHECKS, FOREIGN_KEY_CHECKS=0 */;
/*!40101 SET @OLD_SQL_MODE=@@SQL_MODE, SQL_MODE='NO_AUTO_VALUE_ON_ZERO' */;
/*!40111 SET @OLD_SQL_NOTES=@@SQL_NOTES, SQL_NOTES=0 */;

--
-- Table structure for table `alcpt_achievement`
--

DROP TABLE IF EXISTS `alcpt_achievement`;
/*!40101 SET @saved_cs_client     = @@character_set_client */;
/*!50503 SET character_set_client = utf8mb4 */;
CREATE TABLE `alcpt_achievement` (
  `id` int NOT NULL AUTO_INCREMENT,
  `name` varchar(75) NOT NULL,
  `key` varchar(75) NOT NULL,
  `description` longtext,
  `category` smallint unsigned NOT NULL,
  `point` int NOT NULL,
  `level` int NOT NULL,
  `completion` int NOT NULL,
  `trophy` varchar(100) NOT NULL,
  PRIMARY KEY (`id`),
  CONSTRAINT `alcpt_achievement_category_2815ad42_check` CHECK ((`category` >= 0))
) ENGINE=InnoDB AUTO_INCREMENT=43 DEFAULT CHARSET=utf8mb4 COLLATE=utf8mb4_0900_ai_ci;
/*!40101 SET character_set_client = @saved_cs_client */;

--
-- Dumping data for table `alcpt_achievement`
--

LOCK TABLES `alcpt_achievement` WRITE;
/*!40000 ALTER TABLE `alcpt_achievement` DISABLE KEYS */;
INSERT INTO `alcpt_achievement` VALUES (13,'鑑測新手','模擬測驗1次','模擬測驗1次',1,50,1,1,'photos/default_trophy_lHo5TbD.png'),(14,'在鑑測的路上','模擬測驗3次','模擬測驗3次',1,200,1,3,'photos/default_trophy_ZMyAq8R.png'),(15,'誰說模擬考很困難','模擬測驗5次','模擬測驗5次',1,500,1,5,'photos/default_trophy_Rxmwfxh.png'),(16,'模擬考大佬','模擬測驗7次','模擬測驗7次',1,1000,1,7,'photos/default_trophy_3tojuCa.png'),(17,'黑道老大','模擬測驗9次','模擬測驗9次',1,1500,1,9,'photos/default_trophy_c6F1D2Y.png'),(18,'CEO','模擬測驗12次','模擬測驗12次',1,2000,1,12,'photos/default_trophy_Ga1DFri.png'),(19,'薑還是老的辣','模擬測驗15次','模擬測驗15次',1,2500,1,15,'photos/default_trophy_33FRKne.png'),(20,'聽力新手登場','聽力練習1次','聽力練習1次',3,50,1,1,'photos/default_trophy_MIIz214.png'),(21,'發掘英文聽力之路','聽力練習5次','聽力練習5次',3,100,1,5,'photos/default_trophy_MIIz214.png'),(22,'誰說聽力很困難','聽力練習10次','聽力練習10次',3,100,1,10,'photos/default_trophy_rltPrpX.png'),(23,'聽力真正的開始','聽力練習20次','聽力練習20次',3,200,1,20,'photos/default_trophy_uFTbtk0.png'),(24,'聽力回不去了','聽力練習30次','聽力練習30次',3,200,1,30,'photos/default_trophy_vcZ8mIV.png'),(25,'不可能的聽力','聽力練習50次','聽力練習50次',3,500,1,50,'photos/default_trophy_xPOKnsV.png'),(26,'上帝也在聽','聽力練習100次','聽力練習100次',3,1000,1,100,'photos/default_trophy_yzLHNea.png'),(27,'閱讀新手登場','閱讀練習1次','閱讀練習1次',4,50,1,1,'photos/default_trophy_yzLHNea.png'),(28,'發掘閱讀英文之路','閱讀練習5次','閱讀練習5次',4,100,1,5,'photos/default_trophy_yzLHNea.png'),(29,'誰說閱讀英文很困難','閱讀練習10次','閱讀練習10次',4,100,1,10,'photos/default_trophy_yzLHNea.png'),(30,'閱讀真正的開始','閱讀練習20次','閱讀練習20次',4,100,1,20,'photos/default_trophy_yzLHNea.png'),(31,'回不去的閱讀','閱讀練習30次','閱讀練習30次',4,200,1,30,'photos/default_trophy_yzLHNea.png'),(32,'不可能的閱讀','閱讀練習50次','閱讀練習50次',4,500,1,50,'photos/default_trophy_yzLHNea.png'),(33,'上帝也閱讀','閱讀練習100次','閱讀練習100次',4,1000,1,100,'photos/default_trophy_yzLHNea.png'),(34,'衝鋒敢死隊','模擬考30分以下1次','閱讀練習30分以下1次',5,50,1,1,'photos/default_trophy_yzLHNea.png'),(35,'靜心大師','模擬考30分以下3次','閱讀練習30分以下3次',5,100,1,3,'photos/default_trophy_yzLHNea.png'),(36,'我能怎麼辦我也很絕望啊','模擬考30分以下5次','閱讀練習30分以下5次',5,200,1,5,'photos/default_trophy_yzLHNea.png'),(37,'真沒意思','聽力練習30分以下1次','聽力練習30分以下1次',6,50,1,1,'photos/default_trophy_yzLHNea.png'),(38,'我聽不懂','聽力練習30分以下3次','聽力練習30分以下3次',6,100,1,3,'photos/default_trophy_yzLHNea.png'),(39,'蛋蛋管理員','聽力練習30分以下5次','聽力練習30分以下5次',6,200,1,5,'photos/default_trophy_yzLHNea.png'),(40,'有什麼好怕的','閱讀練習30分以下1次','閱讀練習30分以下1次',7,50,1,1,'photos/default_trophy_yzLHNea.png'),(41,'出來混，遲早是要還的','閱讀練習30分以下3次','閱讀練習30分以下3次',7,100,1,3,'photos/default_trophy_yzLHNea.png'),(42,'越在乎越珍惜','閱讀練習30分以下5次','閱讀練習30分以下5次',7,200,1,5,'photos/default_trophy_yzLHNea.png');
/*!40000 ALTER TABLE `alcpt_achievement` ENABLE KEYS */;
UNLOCK TABLES;

--
-- Table structure for table `alcpt_answer`
--

DROP TABLE IF EXISTS `alcpt_answer`;
/*!40101 SET @saved_cs_client     = @@character_set_client */;
/*!50503 SET character_set_client = utf8mb4 */;
CREATE TABLE `alcpt_answer` (
  `id` int NOT NULL AUTO_INCREMENT,
  `selected` smallint NOT NULL,
  `answer_sheet_id` int NOT NULL,
  `question_id` int NOT NULL,
  PRIMARY KEY (`id`),
  KEY `alcpt_answer_answer_sheet_id_c4fe1234_fk_alcpt_answersheet_id` (`answer_sheet_id`),
  KEY `alcpt_answer_question_id_af4ab1ab_fk_alcpt_question_id` (`question_id`),
  CONSTRAINT `alcpt_answer_answer_sheet_id_c4fe1234_fk_alcpt_answersheet_id` FOREIGN KEY (`answer_sheet_id`) REFERENCES `alcpt_answersheet` (`id`),
  CONSTRAINT `alcpt_answer_question_id_af4ab1ab_fk_alcpt_question_id` FOREIGN KEY (`question_id`) REFERENCES `alcpt_question` (`id`)
) ENGINE=InnoDB AUTO_INCREMENT=4573 DEFAULT CHARSET=utf8mb3;
/*!40101 SET character_set_client = @saved_cs_client */;

--
-- Dumping data for table `alcpt_answer`
--

LOCK TABLES `alcpt_answer` WRITE;
/*!40000 ALTER TABLE `alcpt_answer` DISABLE KEYS */;
INSERT INTO `alcpt_answer` VALUES (1788,-1,68,43),(1789,-1,68,47),(1790,-1,68,537),(1791,-1,68,33),(1792,-1,68,41),(1793,-1,68,31),(1794,-1,68,40),(1795,-1,68,45),(1796,-1,68,44),(1797,-1,68,42),(1798,-1,69,190),(1799,-1,69,277),(1800,-1,69,294),(1801,-1,69,289),(1802,-1,69,129),(1803,-1,69,270),(1804,-1,69,264),(1805,-1,69,214),(1806,-1,69,281),(1807,-1,69,132),(1808,1,70,34),(1809,1,70,29),(1810,1,70,60),(1811,1,70,5),(1812,1,70,35),(1813,1,70,1),(1814,1,70,37),(1815,1,70,33),(1816,1,70,42),(1817,1,70,31),(1818,1,70,44),(1819,1,70,47),(1820,1,70,41),(1821,1,70,46),(1822,1,70,537),(1823,-1,71,33),(1824,-1,71,537),(1825,-1,71,60),(1826,-1,71,42),(1827,-1,71,31),(1828,-1,71,37),(1829,-1,71,34),(1830,-1,71,35),(1831,-1,71,41),(1832,-1,71,46),(1833,-1,71,44),(1834,-1,71,29),(1835,-1,71,1),(1836,-1,71,47),(1837,-1,71,5),(1838,-1,72,44),(1839,-1,72,34),(1840,-1,72,537),(1841,-1,72,41),(1842,-1,72,5),(1843,-1,72,42),(1844,-1,72,31),(1845,-1,72,60),(1846,-1,72,1),(1847,-1,72,46),(1848,-1,72,37),(1849,-1,72,35),(1850,-1,72,33),(1851,-1,72,47),(1852,-1,72,29),(1853,1,73,35),(1854,2,73,37),(1855,2,73,29),(1856,1,73,5),(1857,3,73,41),(1858,4,73,44),(1859,2,73,42),(1860,3,73,34),(1861,2,73,537),(1862,3,73,1),(1863,2,73,33),(1864,2,73,47),(1865,2,73,60),(1866,3,73,31),(1867,3,73,46),(1868,-1,74,1),(1869,-1,74,34),(1870,-1,74,35),(1871,-1,74,5),(1872,-1,74,42),(1873,-1,74,33),(1874,-1,74,60),(1875,-1,74,46),(1876,-1,74,44),(1877,-1,74,537),(1878,-1,74,29),(1879,-1,74,31),(1880,-1,74,47),(1881,-1,74,41),(1882,-1,74,37),(1883,-1,75,34),(1884,-1,75,29),(1885,-1,75,47),(1886,-1,75,537),(1887,-1,75,35),(1888,-1,75,41),(1889,-1,75,1),(1890,-1,75,42),(1891,-1,75,33),(1892,-1,75,31),(1893,-1,75,44),(1894,-1,75,46),(1895,-1,75,5),(1896,-1,75,60),(1897,-1,75,37),(1898,2,76,47),(1899,2,76,537),(1900,3,76,41),(1901,3,76,37),(1902,2,76,46),(1903,2,76,1),(1904,3,76,42),(1905,2,76,34),(1906,2,76,33),(1907,3,76,5),(1908,3,76,29),(1909,3,76,35),(1910,3,76,31),(1911,3,76,44),(1912,3,76,60),(1913,-1,77,37),(1914,-1,77,41),(1915,-1,77,33),(1916,-1,77,1),(1917,-1,77,60),(1918,-1,77,29),(1919,-1,77,42),(1920,-1,77,5),(1921,-1,77,35),(1922,-1,77,31),(1923,-1,77,34),(1924,-1,77,46),(1925,-1,77,47),(1926,-1,77,44),(1927,-1,77,537),(1928,-1,78,47),(1929,-1,78,537),(1930,-1,78,35),(1931,-1,78,44),(1932,-1,78,1),(1933,-1,78,29),(1934,-1,78,41),(1935,-1,78,42),(1936,-1,78,33),(1937,-1,78,31),(1938,-1,78,46),(1939,-1,78,60),(1940,-1,78,34),(1941,-1,78,37),(1942,-1,78,5),(1943,1,79,37),(1944,4,79,43),(1945,1,79,32),(1946,1,79,33),(1947,3,79,46),(1948,3,79,31),(1949,2,79,60),(1950,3,79,1),(1951,3,79,5),(1952,3,79,29),(1953,1,80,44),(1954,2,80,46),(1955,2,80,29),(1956,2,80,1),(1957,3,80,41),(1958,3,80,33),(1959,3,80,42),(1960,2,80,31),(1961,2,80,47),(1962,3,80,37),(1963,3,80,60),(1964,4,80,5),(1965,3,80,537),(1966,3,80,34),(1967,3,80,35),(1968,-1,81,46),(1969,-1,81,37),(1970,-1,81,537),(1971,-1,81,5),(1972,-1,81,35),(1973,-1,81,42),(1974,-1,81,31),(1975,-1,81,1),(1976,-1,81,60),(1977,-1,81,34),(1978,-1,81,41),(1979,-1,81,33),(1980,-1,81,47),(1981,-1,81,44),(1982,-1,81,29),(1983,-1,82,41),(1984,-1,82,31),(1985,-1,82,1),(1986,-1,82,37),(1987,-1,82,34),(1988,-1,82,42),(1989,-1,82,537),(1990,-1,82,46),(1991,-1,82,35),(1992,-1,82,33),(1993,-1,82,5),(1994,-1,82,47),(1995,-1,82,44),(1996,-1,82,60),(1997,-1,82,29),(1998,-1,83,5),(1999,-1,83,48),(2000,-1,83,32),(2001,-1,83,29),(2002,-1,83,37),(2003,-1,83,34),(2004,-1,83,537),(2005,-1,83,1),(2006,-1,83,45),(2007,-1,83,60),(2008,-1,84,47),(2009,-1,84,37),(2010,-1,84,34),(2011,-1,84,35),(2012,-1,84,32),(2013,-1,84,31),(2014,-1,84,45),(2015,-1,84,42),(2016,-1,84,33),(2017,-1,84,29),(2018,-1,84,48),(2019,-1,84,43),(2020,-1,84,40),(2021,-1,84,537),(2022,-1,84,5),(2023,-1,85,31),(2024,-1,85,37),(2025,-1,85,43),(2026,-1,85,537),(2027,-1,85,33),(2028,-1,85,29),(2029,-1,85,34),(2030,-1,85,42),(2031,-1,85,48),(2032,-1,85,5),(2033,-1,85,47),(2034,-1,85,40),(2035,-1,85,35),(2036,-1,85,45),(2037,-1,85,32),(2038,1,86,45),(2039,2,86,40),(2040,1,86,537),(2041,-1,86,33),(2042,-1,86,42),(2043,-1,86,34),(2044,-1,86,31),(2045,-1,86,37),(2046,-1,86,29),(2047,-1,86,32),(2048,-1,86,35),(2049,-1,86,5),(2050,-1,86,43),(2051,-1,86,47),(2052,-1,86,48),(2053,-1,87,43),(2054,-1,87,45),(2055,-1,87,36),(2056,-1,87,537),(2057,-1,87,5),(2058,-1,87,33),(2059,-1,87,47),(2060,-1,87,48),(2061,-1,87,37),(2062,-1,87,32),(2063,-1,88,32),(2064,-1,88,37),(2065,-1,88,34),(2066,-1,88,537),(2067,-1,88,33),(2068,-1,88,40),(2069,-1,88,44),(2070,-1,88,42),(2071,-1,88,47),(2072,-1,88,60),(2073,1,89,40),(2074,3,89,46),(2075,4,89,1),(2076,4,89,35),(2077,1,89,34),(2078,1,89,48),(2079,1,89,537),(2080,1,89,45),(2081,1,89,43),(2082,1,89,36),(2083,3,90,41),(2084,4,90,1),(2085,2,90,31),(2086,2,90,42),(2087,4,90,47),(2088,2,90,5),(2089,2,90,44),(2090,4,90,33),(2091,3,90,46),(2092,2,90,537),(2093,4,90,29),(2094,1,90,37),(2095,4,90,34),(2096,4,90,35),(2097,3,90,60),(2098,-1,91,46),(2099,-1,91,5),(2100,-1,91,34),(2101,-1,91,47),(2102,-1,91,1),(2103,-1,91,35),(2104,-1,91,60),(2105,-1,91,42),(2106,-1,91,41),(2107,-1,91,33),(2108,-1,91,31),(2109,-1,91,44),(2110,-1,91,37),(2111,-1,91,537),(2112,-1,91,29),(2113,-1,92,41),(2114,-1,92,31),(2115,-1,92,46),(2116,-1,92,34),(2117,-1,92,60),(2118,-1,92,537),(2119,-1,92,44),(2120,-1,92,33),(2121,-1,92,29),(2122,-1,92,47),(2123,-1,92,42),(2124,-1,92,37),(2125,-1,92,5),(2126,-1,92,1),(2127,-1,92,35),(2128,2,93,290),(2129,2,93,214),(2130,2,93,153),(2131,2,93,157),(2132,2,93,146),(2133,2,93,294),(2134,2,93,192),(2135,2,93,289),(2136,2,93,155),(2137,2,93,263),(2138,1,94,28),(2139,3,94,145),(2140,1,94,282),(2141,3,94,208),(2142,4,94,256),(2143,1,94,154),(2144,2,94,219),(2145,1,94,128),(2146,3,94,206),(2147,3,94,126),(2148,2,95,104),(2149,2,95,74),(2150,3,95,88),(2151,1,95,67),(2152,2,95,49),(2153,4,95,77),(2154,3,95,90),(2155,1,95,75),(2156,2,95,55),(2157,2,95,111),(2158,3,96,339),(2159,3,96,236),(2160,2,96,282),(2161,4,96,277),(2162,3,96,213),(2163,1,96,202),(2164,1,96,298),(2165,1,96,85),(2166,1,96,148),(2167,1,96,31),(2168,1,96,297),(2169,1,96,6),(2170,1,96,165),(2171,1,96,155),(2172,1,96,128),(2173,1,96,279),(2174,1,96,201),(2175,1,96,100),(2176,1,96,110),(2177,1,96,299),(2178,1,96,347),(2179,1,96,166),(2180,1,96,42),(2181,1,96,303),(2182,1,96,296),(2183,1,96,72),(2184,1,96,139),(2185,1,96,33),(2186,1,96,341),(2187,1,96,48),(2188,1,96,184),(2189,1,96,36),(2190,1,96,178),(2191,1,96,209),(2192,1,96,109),(2193,1,96,159),(2194,1,96,210),(2195,1,96,344),(2196,1,96,1),(2197,1,96,211),(2198,1,96,50),(2199,1,96,130),(2200,1,96,182),(2201,1,96,37),(2202,1,96,238),(2203,1,96,80),(2204,1,96,53),(2205,1,96,284),(2206,1,96,343),(2207,1,96,134),(2208,1,96,143),(2209,1,96,194),(2210,1,96,345),(2211,1,96,29),(2212,1,96,266),(2213,1,96,113),(2214,1,96,176),(2215,1,96,164),(2216,1,96,52),(2217,1,96,87),(2218,1,96,340),(2219,1,96,177),(2220,1,96,179),(2221,1,96,180),(2222,1,96,204),(2223,1,96,346),(2224,1,96,196),(2225,1,96,103),(2226,1,96,261),(2227,1,96,47),(2228,1,96,203),(2229,1,96,115),(2230,1,96,304),(2231,1,96,218),(2232,1,96,78),(2233,1,96,280),(2234,1,96,40),(2235,1,96,181),(2236,1,96,43),(2237,1,96,154),(2238,1,96,288),(2239,1,96,243),(2240,1,96,167),(2241,1,96,183),(2242,1,96,46),(2243,1,96,32),(2244,1,96,54),(2245,1,96,142),(2246,1,96,175),(2247,1,96,172),(2248,1,96,190),(2249,1,96,193),(2250,1,96,192),(2251,1,96,141),(2252,1,96,302),(2253,1,96,44),(2254,1,96,189),(2255,1,96,537),(2256,1,96,348),(2257,1,96,171),(2258,1,97,40),(2259,3,97,47),(2260,3,97,5),(2261,2,97,37),(2262,3,97,45),(2263,4,97,60),(2264,3,97,46),(2265,2,97,31),(2266,1,97,539),(2267,4,97,44),(2268,1,98,44),(2269,2,98,29),(2270,3,98,37),(2271,1,98,47),(2272,4,98,41),(2273,2,98,33),(2274,3,98,46),(2275,3,98,60),(2276,1,98,42),(2277,4,98,31),(2278,1,99,82),(2279,2,99,42),(2280,3,99,111),(2281,4,99,72),(2282,2,99,33),(2283,1,99,81),(2284,3,99,1),(2285,1,99,29),(2286,4,99,2),(2287,3,99,47),(2288,1,100,125),(2289,3,100,130),(2290,4,100,134),(2291,3,100,150),(2292,2,100,141),(2293,4,100,289),(2294,1,100,282),(2295,2,100,204),(2296,3,100,148),(2297,4,100,196),(2298,1,101,236),(2299,2,101,305),(2300,3,101,303),(2301,4,101,184),(2302,1,101,304),(2303,1,101,175),(2304,3,101,297),(2305,2,101,177),(2306,1,101,299),(2307,4,101,300),(2308,2,102,537),(2309,4,102,33),(2310,2,102,44),(2311,4,102,34),(2312,1,102,31),(2313,4,102,46),(2314,2,102,42),(2315,4,102,47),(2316,1,102,37),(2317,4,102,29),(2318,3,102,41),(2319,2,102,5),(2320,4,102,35),(2321,3,102,60),(2322,4,102,1),(2323,2,103,41),(2324,3,103,35),(2325,2,103,29),(2326,3,103,37),(2327,2,103,537),(2328,1,103,34),(2329,4,103,1),(2330,3,103,5),(2331,2,103,60),(2332,3,103,42),(2333,2,103,31),(2334,2,103,46),(2335,3,103,44),(2336,2,103,33),(2337,4,103,47),(2338,-1,104,42),(2339,-1,104,46),(2340,-1,104,537),(2341,-1,104,44),(2342,-1,104,29),(2343,-1,104,5),(2344,-1,104,31),(2345,-1,104,60),(2346,-1,104,1),(2347,-1,104,47),(2348,-1,104,35),(2349,-1,104,41),(2350,-1,104,33),(2351,-1,104,37),(2352,-1,104,34),(2353,4,105,46),(2354,3,105,60),(2355,2,105,36),(2356,2,105,5),(2357,3,105,32),(2358,3,105,41),(2359,4,105,47),(2360,4,105,29),(2361,1,105,43),(2362,1,105,48),(2363,4,105,1),(2364,2,105,44),(2365,1,105,40),(2366,3,105,34),(2367,1,105,539),(2368,4,106,32),(2369,4,106,47),(2370,4,106,29),(2371,1,106,539),(2372,1,106,40),(2373,4,106,46),(2374,4,106,34),(2375,3,106,36),(2376,1,106,48),(2377,4,106,1),(2378,3,106,41),(2379,2,106,5),(2380,1,106,43),(2381,2,106,44),(2382,3,106,60),(2383,3,107,46),(2384,2,107,5),(2385,3,107,41),(2386,3,107,32),(2387,4,107,1),(2388,1,107,48),(2389,4,107,34),(2390,4,107,47),(2391,1,107,43),(2392,1,107,40),(2393,2,107,44),(2394,1,107,539),(2395,3,107,60),(2396,2,107,36),(2397,4,107,29),(2398,4,108,1),(2399,3,108,36),(2400,4,108,46),(2401,3,108,43),(2402,1,108,539),(2403,1,108,34),(2404,1,108,40),(2405,4,108,32),(2406,4,108,60),(2407,1,108,5),(2408,2,108,44),(2409,4,108,29),(2410,1,108,48),(2411,4,108,47),(2412,3,108,41),(2413,1,109,48),(2414,2,109,5),(2415,3,109,32),(2416,4,109,47),(2417,3,109,60),(2418,1,109,539),(2419,3,109,46),(2420,2,109,44),(2421,4,109,34),(2422,4,109,29),(2423,1,109,40),(2424,4,109,1),(2425,4,109,43),(2426,2,109,36),(2427,3,109,41),(2428,1,110,33),(2429,2,110,35),(2430,3,110,29),(2431,2,110,44),(2432,-1,110,5),(2433,-1,110,41),(2434,-1,110,31),(2435,-1,110,42),(2436,-1,110,46),(2437,-1,110,47),(2438,-1,110,537),(2439,-1,110,37),(2440,-1,110,34),(2441,-1,110,1),(2442,-1,110,60),(2443,-1,111,1),(2444,-1,111,5),(2445,-1,111,35),(2446,-1,111,537),(2447,-1,111,44),(2448,-1,111,34),(2449,-1,111,42),(2450,-1,111,41),(2451,-1,111,33),(2452,-1,111,29),(2453,-1,111,60),(2454,-1,111,31),(2455,-1,111,47),(2456,-1,111,37),(2457,-1,111,46),(2458,-1,112,31),(2459,-1,112,33),(2460,-1,112,29),(2461,-1,112,34),(2462,-1,112,37),(2463,-1,112,5),(2464,-1,112,537),(2465,-1,112,44),(2466,-1,112,60),(2467,-1,112,35),(2468,-1,112,46),(2469,-1,112,42),(2470,-1,112,41),(2471,-1,112,1),(2472,-1,112,47),(2473,-1,113,44),(2474,-1,113,1),(2475,-1,113,31),(2476,-1,113,537),(2477,-1,113,34),(2478,-1,113,42),(2479,-1,113,37),(2480,-1,113,46),(2481,-1,113,60),(2482,-1,113,33),(2483,-1,113,35),(2484,-1,113,47),(2485,-1,113,29),(2486,-1,113,41),(2487,-1,113,5),(2488,-1,114,60),(2489,-1,114,41),(2490,-1,114,44),(2491,-1,114,5),(2492,-1,114,537),(2493,-1,114,35),(2494,-1,114,33),(2495,-1,114,42),(2496,-1,114,46),(2497,-1,114,31),(2498,-1,114,37),(2499,-1,114,1),(2500,-1,114,29),(2501,-1,114,34),(2502,-1,114,47),(2503,1,115,43),(2504,-1,115,300),(2505,-1,115,31),(2506,-1,115,47),(2507,-1,115,60),(2508,-1,115,236),(2509,-1,115,180),(2510,-1,115,539),(2511,-1,115,41),(2512,-1,115,5),(2513,-1,115,40),(2514,-1,115,1),(2515,-1,115,34),(2516,-1,115,183),(2517,-1,115,296),(2518,-1,115,181),(2519,-1,115,299),(2520,-1,115,48),(2521,-1,115,175),(2522,-1,115,179),(2523,-1,115,297),(2524,-1,115,238),(2525,-1,115,302),(2526,-1,115,304),(2527,-1,115,298),(2528,-1,115,45),(2529,-1,115,32),(2530,-1,115,305),(2531,-1,115,177),(2532,-1,115,46),(2533,-1,115,537),(2534,-1,115,182),(2535,-1,115,243),(2536,-1,115,176),(2537,-1,115,303),(2538,-1,116,32),(2539,-1,116,238),(2540,-1,116,300),(2541,-1,116,302),(2542,-1,116,243),(2543,-1,116,183),(2544,-1,116,45),(2545,-1,116,299),(2546,-1,116,47),(2547,-1,116,48),(2548,-1,116,236),(2549,-1,116,40),(2550,-1,116,41),(2551,-1,116,297),(2552,-1,116,182),(2553,-1,116,43),(2554,-1,116,303),(2555,-1,116,305),(2556,-1,116,177),(2557,-1,116,31),(2558,-1,116,34),(2559,-1,116,176),(2560,-1,116,181),(2561,-1,116,537),(2562,-1,116,539),(2563,-1,116,46),(2564,-1,116,5),(2565,-1,116,304),(2566,-1,116,1),(2567,-1,116,175),(2568,-1,116,298),(2569,-1,116,180),(2570,-1,116,296),(2571,-1,116,179),(2572,-1,116,60),(2573,-1,117,296),(2574,-1,117,298),(2575,-1,117,300),(2576,-1,117,46),(2577,-1,117,238),(2578,-1,117,179),(2579,-1,117,297),(2580,-1,117,31),(2581,-1,117,181),(2582,-1,117,47),(2583,-1,117,45),(2584,-1,117,182),(2585,-1,117,539),(2586,-1,117,5),(2587,-1,117,175),(2588,-1,117,180),(2589,-1,117,32),(2590,-1,117,34),(2591,-1,117,299),(2592,-1,117,48),(2593,-1,117,41),(2594,-1,117,1),(2595,-1,117,304),(2596,-1,117,236),(2597,-1,117,537),(2598,-1,117,43),(2599,-1,117,183),(2600,-1,117,243),(2601,-1,117,176),(2602,-1,117,60),(2603,-1,117,40),(2604,-1,117,305),(2605,-1,117,302),(2606,-1,117,177),(2607,-1,117,303),(2608,-1,118,5),(2609,-1,118,180),(2610,-1,118,236),(2611,-1,118,297),(2612,-1,118,303),(2613,-1,118,40),(2614,-1,118,179),(2615,-1,118,183),(2616,-1,118,305),(2617,-1,118,304),(2618,-1,118,302),(2619,-1,118,48),(2620,-1,118,298),(2621,-1,118,296),(2622,-1,118,32),(2623,-1,118,60),(2624,-1,118,176),(2625,-1,118,45),(2626,-1,118,47),(2627,-1,118,539),(2628,-1,118,43),(2629,-1,118,177),(2630,-1,118,243),(2631,-1,118,46),(2632,-1,118,238),(2633,-1,118,34),(2634,-1,118,175),(2635,-1,118,300),(2636,-1,118,537),(2637,-1,118,182),(2638,-1,118,1),(2639,-1,118,299),(2640,-1,118,41),(2641,-1,118,31),(2642,-1,118,181),(2643,-1,119,34),(2644,-1,119,243),(2645,-1,119,47),(2646,-1,119,303),(2647,-1,119,182),(2648,-1,119,41),(2649,-1,119,176),(2650,-1,119,305),(2651,-1,119,300),(2652,-1,119,40),(2653,-1,119,298),(2654,-1,119,179),(2655,-1,119,299),(2656,-1,119,32),(2657,-1,119,238),(2658,-1,119,180),(2659,-1,119,48),(2660,-1,119,46),(2661,-1,119,181),(2662,-1,119,296),(2663,-1,119,537),(2664,-1,119,177),(2665,-1,119,175),(2666,-1,119,43),(2667,-1,119,45),(2668,-1,119,302),(2669,-1,119,31),(2670,-1,119,236),(2671,-1,119,539),(2672,-1,119,297),(2673,-1,119,60),(2674,-1,119,5),(2675,-1,119,304),(2676,-1,119,183),(2677,-1,119,1),(2678,-1,120,35),(2679,-1,120,46),(2680,-1,120,31),(2681,-1,120,47),(2682,-1,120,41),(2683,-1,120,5),(2684,-1,120,37),(2685,-1,120,34),(2686,-1,120,42),(2687,-1,120,44),(2688,-1,120,1),(2689,-1,120,29),(2690,-1,120,537),(2691,-1,120,33),(2692,-1,120,60),(2693,3,121,36),(2694,2,121,31),(2695,4,121,35),(2696,1,121,37),(2697,4,121,34),(2698,4,121,29),(2699,2,121,5),(2700,4,121,33),(2701,3,121,32),(2702,1,121,40),(2703,2,122,537),(2704,1,122,32),(2705,4,122,47),(2706,1,122,31),(2707,1,122,60),(2708,4,122,540),(2709,4,122,5),(2710,2,122,44),(2711,3,122,45),(2712,1,122,42),(2713,1,123,66),(2714,-1,123,116),(2715,-1,123,54),(2716,-1,123,110),(2717,-1,123,85),(2718,-1,123,69),(2719,-1,123,95),(2720,-1,123,71),(2721,-1,123,93),(2722,-1,123,88),(2723,3,124,41),(2724,1,124,40),(2725,2,124,537),(2726,4,124,35),(2727,2,124,44),(2728,4,124,47),(2729,1,124,48),(2730,2,124,60),(2731,4,124,540),(2732,1,124,37),(2733,4,125,47),(2734,3,125,45),(2735,1,125,31),(2736,2,125,44),(2737,2,125,32),(2738,3,125,41),(2739,2,125,42),(2740,2,125,43),(2741,4,125,540),(2742,3,125,60),(2743,3,126,540),(2744,4,126,46),(2745,1,126,539),(2746,4,126,29),(2747,4,126,35),(2748,2,126,42),(2749,3,126,45),(2750,4,126,47),(2751,4,126,33),(2752,3,126,41),(2753,1,127,539),(2754,3,127,36),(2755,2,127,44),(2756,1,127,37),(2757,4,127,35),(2758,2,127,537),(2759,2,127,5),(2760,4,127,29),(2761,3,127,41),(2762,4,127,47),(2763,2,128,36),(2764,2,128,5),(2765,2,128,32),(2766,1,128,37),(2767,3,128,41),(2768,3,128,60),(2769,4,128,540),(2770,4,128,34),(2771,2,128,537),(2772,1,128,539),(2773,1,129,37),(2774,2,129,32),(2775,1,129,31),(2776,3,129,36),(2777,4,129,34),(2778,2,129,5),(2779,1,129,40),(2780,4,129,33),(2781,4,129,35),(2782,4,129,29),(2783,2,130,5),(2784,3,130,36),(2785,1,130,40),(2786,1,130,37),(2787,4,130,33),(2788,4,130,35),(2789,1,130,32),(2790,4,130,34),(2791,1,130,31),(2792,4,130,29),(2793,1,131,37),(2794,3,131,41),(2795,3,131,36),(2796,3,131,45),(2797,1,131,539),(2798,2,131,46),(2799,1,131,40),(2800,4,131,47),(2801,4,131,540),(2802,4,131,33),(2803,1,132,539),(2804,4,132,47),(2805,2,132,60),(2806,1,132,37),(2807,2,132,31),(2808,3,132,33),(2809,3,132,32),(2810,4,132,46),(2811,3,132,36),(2812,3,132,45),(2813,4,133,35),(2814,2,133,31),(2815,2,133,43),(2816,3,133,36),(2817,4,133,34),(2818,2,133,40),(2819,4,133,29),(2820,2,133,5),(2821,2,133,42),(2822,3,133,46),(2823,4,134,29),(2824,1,134,31),(2825,2,134,36),(2826,4,134,34),(2827,4,134,33),(2828,1,134,32),(2829,4,134,35),(2830,1,134,37),(2831,1,134,40),(2832,2,134,5),(2833,4,135,47),(2834,2,135,31),(2835,2,135,5),(2836,2,135,42),(2837,4,135,34),(2838,4,135,60),(2839,2,135,537),(2840,1,135,48),(2841,1,135,539),(2842,4,135,35),(2843,4,136,35),(2844,4,136,32),(2845,1,136,37),(2846,1,136,48),(2847,1,136,43),(2848,4,136,46),(2849,2,136,42),(2850,4,136,33),(2851,4,136,47),(2852,1,136,539),(2853,2,137,31),(2854,4,137,34),(2855,2,137,33),(2856,2,137,5),(2857,4,137,35),(2858,1,137,40),(2859,4,137,29),(2860,1,137,37),(2861,3,137,32),(2862,3,137,36),(2863,2,138,5),(2864,4,138,33),(2865,4,138,29),(2866,3,138,31),(2867,3,138,32),(2868,4,138,35),(2869,1,138,37),(2870,1,138,40),(2871,4,138,34),(2872,3,138,36),(2873,4,139,33),(2874,3,139,31),(2875,3,139,36),(2876,4,139,29),(2877,4,139,34),(2878,1,139,37),(2879,4,139,35),(2880,4,139,32),(2881,2,139,5),(2882,1,139,40),(2883,4,140,46),(2884,1,140,43),(2885,4,140,35),(2886,4,140,33),(2887,3,140,60),(2888,4,140,47),(2889,1,140,539),(2890,3,140,540),(2891,1,140,48),(2892,3,140,41),(2893,2,141,44),(2894,1,141,539),(2895,1,141,33),(2896,2,141,45),(2897,3,141,32),(2898,3,141,540),(2899,4,141,29),(2900,3,141,36),(2901,1,141,40),(2902,4,141,47),(2903,1,142,111),(2904,1,142,42),(2905,1,142,345),(2906,4,142,61),(2907,4,142,52),(2908,3,142,100),(2909,4,142,32),(2910,1,142,343),(2911,3,142,46),(2912,1,142,339),(2913,4,143,35),(2914,2,143,5),(2915,2,143,31),(2916,2,143,537),(2917,1,143,40),(2918,3,143,41),(2919,2,143,43),(2920,3,143,45),(2921,4,143,34),(2922,4,143,33),(2923,2,144,44),(2924,2,144,48),(2925,1,144,45),(2926,2,144,46),(2927,2,144,540),(2928,2,144,35),(2929,2,144,40),(2930,2,144,42),(2931,2,144,34),(2932,2,144,537),(2933,-1,145,150),(2934,-1,145,157),(2935,-1,145,137),(2936,-1,145,263),(2937,-1,145,125),(2938,-1,145,202),(2939,-1,145,213),(2940,-1,145,195),(2941,-1,145,289),(2942,-1,145,162),(2943,3,146,276),(2944,2,146,265),(2945,-1,146,291),(2946,-1,146,268),(2947,-1,146,270),(2948,-1,146,153),(2949,-1,146,28),(2950,-1,146,136),(2951,-1,146,204),(2952,-1,146,266),(2953,4,147,260),(2954,1,147,141),(2955,4,147,211),(2956,-1,147,284),(2957,-1,147,259),(2958,-1,147,207),(2959,-1,147,156),(2960,-1,147,274),(2961,-1,147,126),(2962,-1,147,137),(2963,-1,148,296),(2964,-1,148,48),(2965,-1,148,32),(2966,-1,148,180),(2967,-1,148,238),(2968,-1,148,183),(2969,-1,148,305),(2970,-1,148,175),(2971,-1,148,302),(2972,-1,148,31),(2973,-1,148,179),(2974,-1,148,46),(2975,-1,148,303),(2976,-1,148,34),(2977,-1,148,40),(2978,-1,148,537),(2979,-1,148,60),(2980,-1,148,45),(2981,-1,148,43),(2982,-1,148,236),(2983,-1,148,243),(2984,-1,148,298),(2985,-1,148,1),(2986,-1,148,5),(2987,-1,148,300),(2988,-1,148,177),(2989,-1,148,181),(2990,-1,148,297),(2991,-1,148,182),(2992,-1,148,47),(2993,-1,148,41),(2994,-1,148,539),(2995,-1,148,299),(2996,-1,148,176),(2997,-1,148,304),(2998,2,149,34),(2999,3,149,305),(3000,4,149,46),(3001,1,149,182),(3002,3,149,32),(3003,3,149,176),(3004,4,149,177),(3005,2,149,238),(3006,3,149,45),(3007,1,149,300),(3008,3,149,539),(3009,1,149,299),(3010,2,149,5),(3011,1,149,304),(3012,3,149,236),(3013,4,149,181),(3014,1,149,31),(3015,2,149,243),(3016,3,149,298),(3017,1,149,183),(3018,3,149,180),(3019,2,149,302),(3020,4,149,47),(3021,1,149,40),(3022,2,149,48),(3023,1,149,297),(3024,3,149,43),(3025,4,149,41),(3026,1,149,537),(3027,3,149,179),(3028,2,149,296),(3029,1,149,60),(3030,3,149,175),(3031,3,149,303),(3032,3,149,1),(3033,1,150,5),(3034,1,150,177),(3035,2,150,300),(3036,2,150,180),(3037,2,150,32),(3038,3,150,31),(3039,2,150,243),(3040,2,150,182),(3041,2,150,34),(3042,2,150,47),(3043,2,150,238),(3044,2,150,60),(3045,2,150,179),(3046,2,150,48),(3047,2,150,236),(3048,2,150,181),(3049,2,150,296),(3050,2,150,304),(3051,2,150,298),(3052,2,150,40),(3053,2,150,46),(3054,2,150,45),(3055,2,150,537),(3056,2,150,539),(3057,2,150,41),(3058,2,150,305),(3059,2,150,303),(3060,2,150,299),(3061,2,150,176),(3062,2,150,43),(3063,2,150,297),(3064,2,150,175),(3065,2,150,1),(3066,2,150,302),(3067,2,150,183),(3068,3,151,182),(3069,4,151,60),(3070,2,151,539),(3071,2,151,299),(3072,4,151,183),(3073,2,151,298),(3074,2,151,176),(3075,4,151,40),(3076,3,151,47),(3077,4,151,43),(3078,2,151,1),(3079,3,151,243),(3080,1,151,31),(3081,4,151,236),(3082,3,151,179),(3083,3,151,45),(3084,2,151,305),(3085,4,151,175),(3086,2,151,302),(3087,3,151,32),(3088,4,151,238),(3089,2,151,48),(3090,3,151,180),(3091,1,151,46),(3092,4,151,5),(3093,3,151,34),(3094,1,151,300),(3095,3,151,296),(3096,2,151,304),(3097,4,151,303),(3098,3,151,177),(3099,1,151,181),(3100,3,151,41),(3101,4,151,537),(3102,1,151,297),(3103,-1,152,33),(3104,-1,152,35),(3105,-1,152,44),(3106,-1,152,37),(3107,-1,152,34),(3108,-1,152,47),(3109,-1,152,42),(3110,-1,152,5),(3111,-1,152,60),(3112,-1,152,537),(3113,-1,152,46),(3114,-1,152,1),(3115,-1,152,29),(3116,-1,152,41),(3117,-1,152,31),(3118,1,153,35),(3119,2,153,46),(3120,2,153,60),(3121,3,153,537),(3122,3,153,47),(3123,3,153,33),(3124,3,153,5),(3125,3,153,29),(3126,3,153,1),(3127,3,153,37),(3128,3,153,42),(3129,3,153,44),(3130,3,153,31),(3131,3,153,34),(3132,3,153,41),(3133,3,154,34),(3134,4,154,41),(3135,1,154,1),(3136,3,154,37),(3137,2,154,35),(3138,3,154,46),(3139,2,154,47),(3140,4,154,31),(3141,2,154,42),(3142,3,154,537),(3143,1,154,33),(3144,3,154,60),(3145,4,154,29),(3146,2,154,5),(3147,3,154,44),(3148,1,155,40),(3149,1,155,35),(3150,1,155,36),(3151,1,155,37),(3152,1,155,33),(3153,1,155,31),(3154,1,155,5),(3155,1,155,32),(3156,1,155,34),(3157,1,155,29),(3158,1,156,35),(3159,1,156,29),(3160,1,156,31),(3161,1,156,40),(3162,1,156,32),(3163,1,156,5),(3164,1,156,33),(3165,1,156,37),(3166,1,156,34),(3167,1,156,36),(3168,3,157,33),(3169,4,157,35),(3170,1,157,32),(3171,3,157,40),(3172,3,157,34),(3173,3,157,31),(3174,2,157,36),(3175,4,157,29),(3176,1,157,37),(3177,2,157,5),(3178,2,158,178),(3179,3,158,154),(3180,3,158,183),(3181,3,158,144),(3182,3,158,180),(3183,3,158,165),(3184,3,158,218),(3185,3,158,243),(3186,3,158,181),(3187,3,158,204),(3188,4,159,157),(3189,3,159,180),(3190,4,159,213),(3191,1,159,304),(3192,4,159,260),(3193,1,159,28),(3194,1,159,178),(3195,2,159,298),(3196,4,159,281),(3197,4,159,130),(3198,3,159,305),(3199,1,159,274),(3200,4,159,151),(3201,2,159,182),(3202,4,159,183),(3203,1,159,171),(3204,3,159,302),(3205,3,159,177),(3206,2,159,175),(3207,3,159,273),(3208,1,160,159),(3209,2,160,172),(3210,1,160,147),(3211,1,160,298),(3212,2,160,238),(3213,3,160,243),(3214,4,160,295),(3215,2,160,305),(3216,4,160,213),(3217,1,160,178),(3218,2,161,179),(3219,2,161,296),(3220,2,161,189),(3221,4,161,276),(3222,2,161,181),(3223,3,161,157),(3224,2,161,199),(3225,3,161,302),(3226,1,161,264),(3227,4,161,137),(3228,3,161,210),(3229,3,161,305),(3230,4,161,134),(3231,1,161,304),(3232,1,161,267),(3233,4,161,183),(3234,3,161,292),(3235,3,161,177),(3236,4,161,297),(3237,2,161,236),(3238,1,162,238),(3239,2,162,275),(3240,4,162,285),(3241,2,162,304),(3242,3,162,180),(3243,1,162,128),(3244,2,162,210),(3245,3,162,152),(3246,3,162,305),(3247,2,162,184),(3248,4,162,156),(3249,2,162,179),(3250,3,162,132),(3251,1,162,302),(3252,3,162,181),(3253,1,162,127),(3254,4,162,183),(3255,1,162,295),(3256,2,162,208),(3257,3,162,300),(3258,2,163,181),(3259,2,163,172),(3260,2,163,183),(3261,3,163,305),(3262,2,163,290),(3263,2,163,156),(3264,2,163,209),(3265,2,163,303),(3266,2,163,293),(3267,2,163,300),(3268,2,164,139),(3269,4,164,302),(3270,1,164,304),(3271,1,164,148),(3272,4,164,173),(3273,4,164,145),(3274,2,164,179),(3275,1,164,184),(3276,1,164,243),(3277,2,164,271),(3278,1,165,257),(3279,1,165,177),(3280,1,165,296),(3281,1,165,302),(3282,1,165,184),(3283,1,165,303),(3284,1,165,290),(3285,1,165,28),(3286,1,165,300),(3287,1,165,182),(3288,1,165,148),(3289,1,165,305),(3290,1,165,263),(3291,1,165,134),(3292,1,165,178),(3293,1,165,131),(3294,2,165,280),(3295,3,165,236),(3296,2,165,132),(3297,4,165,200),(3298,1,166,180),(3299,1,166,146),(3300,1,166,179),(3301,2,166,129),(3302,1,166,286),(3303,1,166,194),(3304,1,166,188),(3305,2,166,126),(3306,1,166,181),(3307,1,166,268),(3308,1,166,300),(3309,1,166,269),(3310,1,166,299),(3311,1,166,200),(3312,1,166,178),(3313,1,166,296),(3314,1,166,157),(3315,1,166,176),(3316,1,166,243),(3317,1,166,236),(3318,3,167,299),(3319,3,167,298),(3320,2,167,179),(3321,3,167,140),(3322,4,167,296),(3323,1,167,136),(3324,3,167,180),(3325,4,167,137),(3326,3,167,303),(3327,3,167,236),(3328,4,167,175),(3329,3,167,243),(3330,2,167,288),(3331,1,167,156),(3332,1,167,184),(3333,4,167,131),(3334,4,167,206),(3335,4,167,192),(3336,3,167,212),(3337,2,167,283),(3338,1,168,341),(3339,1,168,49),(3340,1,168,40),(3341,4,168,29),(3342,4,168,35),(3343,4,168,61),(3344,4,168,34),(3345,4,168,81),(3346,4,168,540),(3347,1,168,109),(3348,3,168,340),(3349,2,168,60),(3350,1,168,539),(3351,3,168,339),(3352,3,168,41),(3353,3,168,52),(3354,3,168,344),(3355,4,168,55),(3356,1,168,342),(3357,1,168,53),(3358,3,168,345),(3359,2,168,347),(3360,3,168,70),(3361,4,168,343),(3362,1,168,97),(3363,3,168,115),(3364,3,168,348),(3365,3,168,59),(3366,4,168,33),(3367,1,168,48),(3368,2,169,537),(3369,2,169,52),(3370,4,169,344),(3371,1,169,57),(3372,2,169,92),(3373,4,169,33),(3374,2,169,44),(3375,1,169,348),(3376,4,169,341),(3377,2,169,62),(3378,2,170,346),(3379,3,170,348),(3380,3,170,52),(3381,2,170,44),(3382,3,170,540),(3383,4,170,91),(3384,4,170,76),(3385,3,170,344),(3386,1,170,110),(3387,3,170,41),(3388,2,171,236),(3389,2,171,305),(3390,1,171,182),(3391,3,171,181),(3392,2,171,243),(3393,2,171,300),(3394,2,171,302),(3395,2,171,238),(3396,2,171,178),(3397,2,171,296),(3398,2,172,6),(3399,3,172,87),(3400,2,172,94),(3401,3,172,41),(3402,1,172,539),(3403,2,172,43),(3404,2,172,5),(3405,1,172,34),(3406,1,172,111),(3407,1,172,81),(3408,3,173,345),(3409,1,173,341),(3410,3,173,35),(3411,4,173,113),(3412,2,173,34),(3413,1,173,98),(3414,2,173,41),(3415,2,173,348),(3416,3,173,63),(3417,2,173,343),(3418,4,174,46),(3419,1,174,101),(3420,2,174,60),(3421,4,174,29),(3422,3,174,116),(3423,3,174,89),(3424,1,174,3),(3425,3,174,42),(3426,1,174,68),(3427,3,174,41),(3428,1,175,343),(3429,3,175,45),(3430,1,175,341),(3431,1,175,66),(3432,2,175,346),(3433,1,175,48),(3434,4,175,69),(3435,1,175,68),(3436,1,175,340),(3437,1,175,43),(3438,2,176,347),(3439,3,176,102),(3440,3,176,341),(3441,4,176,105),(3442,1,176,74),(3443,4,176,345),(3444,3,176,33),(3445,1,176,100),(3446,4,176,342),(3447,2,176,85),(3448,1,176,89),(3449,4,176,91),(3450,2,176,41),(3451,1,176,32),(3452,4,176,104),(3453,4,176,348),(3454,3,176,79),(3455,3,176,47),(3456,1,176,37),(3457,2,176,340),(3458,4,176,42),(3459,1,176,339),(3460,3,176,52),(3461,2,176,77),(3462,2,176,34),(3463,1,176,46),(3464,3,176,346),(3465,4,176,29),(3466,4,176,343),(3467,4,176,48),(3468,1,177,345),(3469,2,177,344),(3470,2,177,47),(3471,2,177,86),(3472,3,177,342),(3473,1,177,339),(3474,4,177,53),(3475,4,177,90),(3476,1,177,340),(3477,2,177,96),(3478,3,177,341),(3479,3,177,36),(3480,1,177,5),(3481,3,177,34),(3482,4,177,2),(3483,3,177,89),(3484,1,177,33),(3485,1,177,48),(3486,2,177,348),(3487,2,177,343),(3488,1,178,92),(3489,2,178,81),(3490,3,178,40),(3491,3,178,60),(3492,1,178,340),(3493,1,178,343),(3494,3,178,35),(3495,2,178,50),(3496,2,178,339),(3497,4,178,110),(3498,1,178,345),(3499,3,178,341),(3500,2,178,347),(3501,3,178,89),(3502,4,178,36),(3503,4,178,540),(3504,1,178,346),(3505,4,178,52),(3506,4,178,102),(3507,4,178,42),(3508,4,179,222),(3509,2,179,236),(3510,3,179,268),(3511,2,179,300),(3512,1,179,182),(3513,2,179,279),(3514,2,179,266),(3515,3,179,177),(3516,2,179,191),(3517,2,179,303),(3518,4,179,140),(3519,2,179,176),(3520,3,179,180),(3521,2,179,184),(3522,3,179,238),(3523,2,179,192),(3524,4,179,179),(3525,2,179,28),(3526,1,179,218),(3527,3,179,159),(3528,4,180,46),(3529,1,180,42),(3530,3,180,5),(3531,2,180,537),(3532,1,180,37),(3533,1,180,33),(3534,3,180,41),(3535,4,180,35),(3536,4,180,29),(3537,2,180,31),(3538,4,180,540),(3539,1,180,36),(3540,1,180,45),(3541,1,180,60),(3542,2,180,44),(3543,2,180,48),(3544,2,180,40),(3545,2,180,32),(3546,2,180,34),(3547,2,180,43),(3548,-1,181,187),(3549,-1,181,286),(3550,-1,181,195),(3551,-1,181,151),(3552,-1,181,199),(3553,-1,181,260),(3554,-1,181,163),(3555,-1,181,215),(3556,-1,181,173),(3557,-1,181,273),(3558,-1,182,75),(3559,-1,182,23),(3560,-1,182,67),(3561,-1,182,105),(3562,-1,182,68),(3563,-1,182,59),(3564,-1,182,66),(3565,-1,182,58),(3566,-1,182,89),(3567,-1,182,95),(3568,-1,183,117),(3569,-1,183,107),(3570,-1,183,69),(3571,-1,183,76),(3572,-1,183,64),(3573,-1,183,68),(3574,-1,183,71),(3575,-1,183,110),(3576,-1,183,51),(3577,-1,183,88),(3578,3,184,340),(3579,1,184,341),(3580,2,184,52),(3581,4,184,348),(3582,1,184,339),(3583,3,184,346),(3584,4,184,343),(3585,3,184,347),(3586,3,184,342),(3587,3,184,344),(3588,2,185,23),(3589,2,185,65),(3590,2,185,112),(3591,2,185,86),(3592,3,185,66),(3593,4,185,103),(3594,1,185,76),(3595,2,185,97),(3596,1,185,51),(3597,2,185,71),(3598,2,186,131),(3599,1,186,146),(3600,2,186,278),(3601,2,186,214),(3602,2,186,217),(3603,2,186,220),(3604,2,186,152),(3605,2,186,153),(3606,2,186,270),(3607,2,186,286),(3608,1,187,287),(3609,1,187,164),(3610,1,187,209),(3611,1,187,276),(3612,1,187,162),(3613,1,187,188),(3614,1,187,197),(3615,2,187,149),(3616,2,187,198),(3617,2,187,218),(3618,2,188,540),(3619,3,188,43),(3620,3,188,539),(3621,3,188,33),(3622,3,188,537),(3623,4,188,32),(3624,3,188,45),(3625,2,188,44),(3626,1,188,37),(3627,2,188,41),(3628,1,189,60),(3629,2,189,47),(3630,-1,189,44),(3631,-1,189,41),(3632,-1,189,537),(3633,-1,189,40),(3634,-1,189,35),(3635,-1,189,29),(3636,-1,189,34),(3637,-1,189,36),(3638,-1,190,40),(3639,-1,190,60),(3640,-1,190,5),(3641,-1,190,539),(3642,-1,190,34),(3643,-1,190,29),(3644,-1,190,32),(3645,-1,190,36),(3646,-1,190,43),(3647,-1,190,44),(3648,-1,190,1),(3649,-1,190,41),(3650,-1,190,47),(3651,-1,190,46),(3652,-1,190,48),(3653,-1,191,43),(3654,-1,191,47),(3655,-1,191,29),(3656,-1,191,32),(3657,-1,191,1),(3658,-1,191,34),(3659,-1,191,41),(3660,-1,191,46),(3661,-1,191,48),(3662,-1,191,40),(3663,-1,191,36),(3664,-1,191,60),(3665,-1,191,44),(3666,-1,191,5),(3667,-1,191,539),(3668,2,192,5),(3669,2,192,48),(3670,2,192,32),(3671,2,192,539),(3672,3,192,36),(3673,3,192,46),(3674,3,192,29),(3675,2,192,41),(3676,4,192,47),(3677,1,192,34),(3678,2,192,43),(3679,-1,192,40),(3680,-1,192,44),(3681,-1,192,60),(3682,-1,192,1),(3683,3,193,340),(3684,2,193,342),(3685,1,193,339),(3686,4,193,343),(3687,3,193,347),(3688,2,193,345),(3689,3,193,344),(3690,4,193,341),(3691,1,193,348),(3692,2,193,346),(3693,2,194,340),(3694,1,194,37),(3695,2,194,104),(3696,2,194,48),(3697,2,194,342),(3698,2,194,41),(3699,1,194,341),(3700,4,194,76),(3701,1,194,345),(3702,4,194,99),(3703,2,195,339),(3704,4,195,540),(3705,2,195,44),(3706,3,195,344),(3707,3,195,97),(3708,3,195,341),(3709,4,195,348),(3710,2,195,84),(3711,3,195,77),(3712,1,195,5),(3713,3,196,257),(3714,2,196,175),(3715,3,196,133),(3716,4,196,197),(3717,2,196,199),(3718,1,196,305),(3719,4,196,297),(3720,3,196,291),(3721,4,196,183),(3722,3,196,243),(3723,2,197,35),(3724,3,197,40),(3725,1,197,29),(3726,3,197,33),(3727,2,197,42),(3728,3,197,5),(3729,4,197,540),(3730,2,197,36),(3731,2,197,44),(3732,3,197,43),(3733,3,198,219),(3734,4,198,272),(3735,-1,198,194),(3736,-1,198,182),(3737,-1,198,299),(3738,-1,198,292),(3739,-1,198,183),(3740,-1,198,243),(3741,-1,198,125),(3742,-1,198,215),(3743,-1,198,167),(3744,-1,198,146),(3745,-1,198,176),(3746,-1,198,187),(3747,-1,198,148),(3748,-1,198,276),(3749,-1,198,175),(3750,-1,198,178),(3751,-1,198,298),(3752,-1,198,296),(3753,-1,198,208),(3754,-1,198,277),(3755,-1,198,159),(3756,-1,198,177),(3757,-1,198,172),(3758,-1,198,297),(3759,-1,198,238),(3760,-1,198,180),(3761,-1,198,304),(3762,-1,198,181),(3763,4,199,540),(3764,4,199,47),(3765,1,199,539),(3766,2,199,537),(3767,3,199,45),(3768,4,199,46),(3769,1,199,31),(3770,4,199,34),(3771,2,199,42),(3772,1,199,40),(3773,-1,200,69),(3774,-1,200,347),(3775,-1,200,49),(3776,-1,200,40),(3777,-1,200,346),(3778,-1,200,341),(3779,-1,200,65),(3780,-1,200,348),(3781,-1,200,31),(3782,-1,200,539),(3783,4,201,297),(3784,1,201,28),(3785,4,201,295),(3786,4,201,272),(3787,3,201,291),(3788,1,201,305),(3789,3,201,177),(3790,2,201,287),(3791,1,201,238),(3792,3,201,298),(3793,-1,202,5),(3794,-1,202,47),(3795,-1,202,105),(3796,-1,202,51),(3797,-1,202,36),(3798,-1,202,346),(3799,-1,202,344),(3800,-1,202,343),(3801,-1,202,108),(3802,-1,202,341),(3803,3,203,97),(3804,1,203,343),(3805,4,203,47),(3806,1,203,35),(3807,4,203,29),(3808,4,203,45),(3809,2,203,73),(3810,1,203,80),(3811,4,203,339),(3812,2,203,43),(3813,4,203,115),(3814,2,203,345),(3815,3,203,37),(3816,1,203,91),(3817,3,203,347),(3818,2,203,52),(3819,4,203,40),(3820,4,203,348),(3821,2,203,79),(3822,2,203,31),(3823,4,203,32),(3824,3,203,100),(3825,1,203,341),(3826,4,203,107),(3827,2,203,72),(3828,4,203,101),(3829,2,203,342),(3830,1,203,36),(3831,2,203,344),(3832,4,203,346),(3833,3,204,101),(3834,4,204,81),(3835,1,204,6),(3836,3,204,340),(3837,1,204,90),(3838,2,204,345),(3839,3,204,339),(3840,2,204,52),(3841,1,204,74),(3842,3,204,347),(3843,1,205,178),(3844,2,205,288),(3845,4,205,305),(3846,2,205,267),(3847,4,205,275),(3848,1,205,203),(3849,2,205,300),(3850,1,205,238),(3851,3,205,184),(3852,1,205,155),(3853,2,205,209),(3854,3,205,176),(3855,2,205,304),(3856,1,205,296),(3857,1,205,236),(3858,1,205,219),(3859,1,205,214),(3860,4,205,183),(3861,1,205,167),(3862,4,205,280),(3863,2,206,42),(3864,2,206,5),(3865,3,206,88),(3866,1,206,37),(3867,3,206,112),(3868,1,206,95),(3869,4,206,35),(3870,2,206,78),(3871,1,206,40),(3872,1,206,80),(3873,1,207,40),(3874,1,207,53),(3875,-1,207,32),(3876,-1,207,94),(3877,-1,207,102),(3878,-1,207,537),(3879,-1,207,42),(3880,-1,207,37),(3881,-1,207,71),(3882,-1,207,114),(3883,3,208,163),(3884,3,208,203),(3885,4,208,291),(3886,2,208,208),(3887,2,208,179),(3888,3,208,177),(3889,2,208,288),(3890,4,208,296),(3891,1,208,181),(3892,3,208,243),(3893,3,209,87),(3894,2,209,2),(3895,2,209,75),(3896,2,209,56),(3897,4,209,98),(3898,1,209,65),(3899,1,209,116),(3900,1,209,57),(3901,3,209,79),(3902,1,209,66),(3903,1,210,114),(3904,4,210,104),(3905,1,210,74),(3906,4,210,91),(3907,3,210,97),(3908,1,210,49),(3909,2,210,78),(3910,1,210,89),(3911,1,210,54),(3912,4,210,70),(3913,2,211,151),(3914,4,211,265),(3915,3,211,187),(3916,2,211,238),(3917,1,211,179),(3918,1,211,178),(3919,2,211,297),(3920,3,211,291),(3921,2,211,180),(3922,2,211,129),(3923,2,212,163),(3924,3,212,164),(3925,1,212,165),(3926,4,212,160),(3927,3,212,126),(3928,2,212,166),(3929,3,212,158),(3930,1,212,142),(3931,4,212,144),(3932,3,212,273),(3933,-1,213,149),(3934,-1,213,200),(3935,-1,213,225),(3936,-1,213,154),(3937,-1,213,219),(3938,-1,213,196),(3939,-1,213,142),(3940,-1,213,163),(3941,-1,213,292),(3942,-1,213,215),(3943,2,214,198),(3944,2,214,179),(3945,3,214,299),(3946,1,214,206),(3947,4,214,297),(3948,1,214,271),(3949,2,214,238),(3950,1,214,144),(3951,4,214,286),(3952,2,214,182),(3953,4,215,270),(3954,2,215,202),(3955,3,215,179),(3956,3,215,177),(3957,3,215,269),(3958,3,215,200),(3959,3,215,300),(3960,3,215,180),(3961,3,215,236),(3962,3,215,211),(3963,4,216,46),(3964,2,216,43),(3965,4,216,29),(3966,4,216,47),(3967,4,216,35),(3968,1,216,31),(3969,1,216,539),(3970,1,216,48),(3971,1,216,32),(3972,3,216,34),(3973,4,217,47),(3974,3,217,342),(3975,3,217,77),(3976,2,217,32),(3977,3,217,56),(3978,3,217,346),(3979,4,217,60),(3980,2,217,99),(3981,3,217,347),(3982,1,217,345),(3983,1,218,173),(3984,2,218,281),(3985,2,218,274),(3986,3,218,143),(3987,1,218,257),(3988,2,218,266),(3989,3,218,152),(3990,2,218,136),(3991,2,218,199),(3992,2,218,217),(3993,4,218,192),(3994,4,218,267),(3995,3,218,194),(3996,1,218,214),(3997,2,218,195),(3998,3,218,128),(3999,4,218,258),(4000,1,218,288),(4001,2,218,280),(4002,3,218,149),(4003,-1,219,49),(4004,-1,219,35),(4005,-1,219,52),(4006,-1,219,87),(4007,-1,219,40),(4008,-1,219,36),(4009,-1,219,348),(4010,-1,219,341),(4011,-1,219,347),(4012,-1,219,59),(4013,2,220,37),(4014,1,220,539),(4015,4,220,46),(4016,3,220,36),(4017,1,220,40),(4018,4,220,33),(4019,4,220,540),(4020,4,220,32),(4021,2,220,48),(4022,4,220,45),(4023,2,221,50),(4024,1,221,93),(4025,3,221,31),(4026,4,221,29),(4027,1,221,339),(4028,3,221,347),(4029,3,221,69),(4030,1,221,37),(4031,3,221,52),(4032,2,221,346),(4033,-1,222,108),(4034,-1,222,340),(4035,-1,222,537),(4036,-1,222,40),(4037,-1,222,346),(4038,-1,222,29),(4039,-1,222,77),(4040,-1,222,344),(4041,-1,222,100),(4042,-1,222,341),(4043,3,223,129),(4044,2,223,203),(4045,2,223,162),(4046,4,223,265),(4047,4,223,283),(4048,2,223,125),(4049,1,223,159),(4050,3,223,210),(4051,1,223,126),(4052,3,223,281),(4053,1,224,171),(4054,1,224,262),(4055,4,224,197),(4056,2,224,181),(4057,1,224,270),(4058,3,224,243),(4059,1,224,178),(4060,4,224,296),(4061,4,224,261),(4062,4,224,298),(4063,2,225,52),(4064,3,225,41),(4065,3,225,23),(4066,3,225,56),(4067,1,225,345),(4068,1,225,68),(4069,2,225,44),(4070,4,225,55),(4071,4,225,33),(4072,4,225,343),(4073,3,225,32),(4074,1,225,107),(4075,3,225,340),(4076,3,225,347),(4077,4,225,66),(4078,1,225,539),(4079,2,225,31),(4080,2,225,348),(4081,3,225,342),(4082,3,225,346),(4083,1,226,347),(4084,3,226,345),(4085,3,226,348),(4086,2,226,341),(4087,3,226,339),(4088,2,226,52),(4089,3,226,340),(4090,3,226,342),(4091,2,226,344),(4092,4,226,346),(4093,3,227,111),(4094,3,227,341),(4095,3,227,343),(4096,3,227,339),(4097,4,227,81),(4098,4,227,35),(4099,2,227,342),(4100,2,227,537),(4101,2,227,71),(4102,3,227,33),(4103,4,228,537),(4104,2,228,31),(4105,4,228,47),(4106,1,228,43),(4107,1,228,37),(4108,4,228,540),(4109,2,228,42),(4110,3,228,44),(4111,3,228,46),(4112,1,228,539),(4113,-1,229,95),(4114,-1,229,537),(4115,-1,229,342),(4116,-1,229,50),(4117,-1,229,103),(4118,-1,229,346),(4119,-1,229,32),(4120,-1,229,348),(4121,-1,229,343),(4122,-1,229,29),(4123,1,230,89),(4124,1,230,539),(4125,2,230,343),(4126,3,230,117),(4127,1,230,56),(4128,2,230,339),(4129,1,230,342),(4130,3,230,346),(4131,2,230,46),(4132,4,230,47),(4133,4,231,269),(4134,3,231,127),(4135,4,231,133),(4136,3,231,163),(4137,2,231,193),(4138,2,231,145),(4139,3,231,165),(4140,3,231,211),(4141,3,231,222),(4142,2,231,207),(4143,4,232,55),(4144,1,232,34),(4145,2,232,47),(4146,1,232,75),(4147,2,232,37),(4148,3,232,29),(4149,2,232,42),(4150,1,232,64),(4151,2,232,86),(4152,1,232,109),(4153,-1,233,145),(4154,-1,233,299),(4155,-1,233,193),(4156,-1,233,201),(4157,-1,233,302),(4158,-1,233,289),(4159,-1,233,243),(4160,-1,233,175),(4161,-1,233,160),(4162,-1,233,305),(4163,1,234,184),(4164,1,234,181),(4165,2,234,194),(4166,3,234,302),(4167,3,234,219),(4168,3,234,176),(4169,3,234,144),(4170,1,234,284),(4171,1,234,296),(4172,3,234,140),(4173,3,235,177),(4174,3,235,304),(4175,2,235,217),(4176,3,235,280),(4177,2,235,179),(4178,4,235,200),(4179,3,235,265),(4180,1,235,192),(4181,2,235,176),(4182,1,235,181),(4183,2,236,42),(4184,3,236,60),(4185,2,236,537),(4186,3,236,40),(4187,3,236,37),(4188,4,236,46),(4189,2,236,35),(4190,4,236,29),(4191,3,236,33),(4192,1,236,32),(4193,-1,237,37),(4194,-1,237,42),(4195,-1,237,33),(4196,-1,237,46),(4197,-1,237,48),(4198,-1,237,31),(4199,-1,237,47),(4200,-1,237,34),(4201,-1,237,539),(4202,-1,237,41),(4203,1,238,144),(4204,3,238,205),(4205,4,238,295),(4206,2,238,148),(4207,3,238,288),(4208,4,238,142),(4209,2,238,154),(4210,1,238,219),(4211,4,238,151),(4212,2,238,135),(4213,1,239,243),(4214,2,239,280),(4215,2,239,190),(4216,3,239,173),(4217,2,239,184),(4218,3,239,291),(4219,3,239,180),(4220,3,239,286),(4221,1,239,178),(4222,3,239,238),(4223,4,240,33),(4224,1,240,86),(4225,1,240,115),(4226,3,240,346),(4227,1,240,37),(4228,3,240,60),(4229,1,240,341),(4230,2,240,57),(4231,3,240,344),(4232,2,240,52),(4233,4,241,29),(4234,3,241,32),(4235,4,241,43),(4236,3,241,540),(4237,-1,241,45),(4238,-1,241,34),(4239,-1,241,42),(4240,-1,241,44),(4241,-1,241,37),(4242,-1,241,5),(4243,-1,242,32),(4244,-1,242,48),(4245,-1,242,41),(4246,-1,242,36),(4247,-1,242,539),(4248,-1,242,47),(4249,-1,242,40),(4250,-1,242,33),(4251,-1,242,44),(4252,-1,242,45),(4253,1,243,342),(4254,3,243,345),(4255,2,243,67),(4256,3,243,113),(4257,3,243,341),(4258,2,243,340),(4259,3,243,32),(4260,2,243,60),(4261,3,243,33),(4262,4,243,55),(4263,2,243,43),(4264,1,243,92),(4265,1,243,346),(4266,4,243,52),(4267,2,243,64),(4268,2,243,82),(4269,2,243,348),(4270,4,243,339),(4271,3,243,73),(4272,3,243,91),(4273,3,243,41),(4274,2,243,347),(4275,4,243,31),(4276,2,243,94),(4277,2,243,537),(4278,3,243,344),(4279,1,243,96),(4280,3,243,34),(4281,4,243,35),(4282,2,243,44),(4283,3,244,157),(4284,1,244,262),(4285,4,244,266),(4286,4,244,131),(4287,3,244,190),(4288,4,244,263),(4289,4,244,151),(4290,2,244,199),(4291,3,244,285),(4292,2,244,268),(4293,3,245,36),(4294,3,245,60),(4295,1,245,43),(4296,4,245,35),(4297,1,245,31),(4298,2,245,45),(4299,2,245,44),(4300,1,245,48),(4301,4,245,34),(4302,4,245,47),(4303,3,246,32),(4304,2,246,44),(4305,1,246,5),(4306,2,246,31),(4307,2,246,34),(4308,3,246,42),(4309,4,246,40),(4310,2,246,43),(4311,4,246,29),(4312,3,246,41),(4313,3,247,63),(4314,4,247,81),(4315,3,248,100),(4316,3,247,95),(4317,3,248,60),(4318,2,247,88),(4319,1,248,40),(4320,4,247,117),(4321,3,248,343),(4322,4,247,61),(4323,3,248,74),(4324,1,247,2),(4325,2,248,344),(4326,1,247,93),(4327,3,248,346),(4328,2,247,62),(4329,3,248,347),(4330,2,247,87),(4331,2,248,36),(4332,4,248,102),(4333,1,249,88),(4334,1,249,107),(4335,1,249,94),(4336,1,249,3),(4337,1,249,65),(4338,2,249,83),(4339,3,249,112),(4340,3,249,71),(4341,1,249,72),(4342,3,249,87),(4343,3,250,40),(4344,1,250,34),(4345,2,250,60),(4346,3,250,5),(4347,3,250,42),(4348,4,250,36),(4349,3,250,46),(4350,4,250,37),(4351,3,250,540),(4352,3,250,31),(4353,-1,251,56),(4354,-1,251,42),(4355,-1,251,40),(4356,-1,251,112),(4357,-1,251,33),(4358,-1,251,59),(4359,-1,251,102),(4360,-1,251,31),(4361,-1,251,116),(4362,-1,251,58),(4363,-1,251,540),(4364,-1,251,90),(4365,-1,251,43),(4366,-1,251,69),(4367,-1,251,82),(4368,-1,251,29),(4369,-1,251,64),(4370,-1,251,5),(4371,-1,251,37),(4372,-1,251,47),(4373,2,252,108),(4374,2,252,31),(4375,1,252,53),(4376,4,252,35),(4377,2,252,65),(4378,4,252,348),(4379,3,252,346),(4380,2,252,60),(4381,1,252,345),(4382,3,252,342),(4383,3,253,296),(4384,2,253,156),(4385,3,253,176),(4386,4,253,182),(4387,1,253,175),(4388,2,253,304),(4389,3,253,298),(4390,4,253,159),(4391,1,253,183),(4392,2,253,269),(4393,3,253,274),(4394,4,253,243),(4395,4,253,135),(4396,3,253,300),(4397,2,253,206),(4398,1,253,213),(4399,2,253,180),(4400,3,253,266),(4401,4,253,280),(4402,1,253,279),(4403,2,253,178),(4404,3,253,181),(4405,4,253,220),(4406,2,253,238),(4407,1,253,184),(4408,3,253,215),(4409,4,253,264),(4410,2,253,194),(4411,1,253,305),(4412,4,253,186),(4413,1,254,141),(4414,2,254,136),(4415,3,254,299),(4416,1,254,205),(4417,3,254,298),(4418,2,254,300),(4419,1,254,305),(4420,1,254,130),(4421,3,254,163),(4422,4,254,238),(4423,-1,255,300),(4424,-1,255,176),(4425,-1,255,222),(4426,-1,255,187),(4427,-1,255,184),(4428,-1,255,179),(4429,-1,255,285),(4430,-1,255,190),(4431,-1,255,282),(4432,-1,255,180),(4433,-1,256,297),(4434,-1,256,177),(4435,-1,256,140),(4436,-1,256,152),(4437,-1,256,183),(4438,-1,256,143),(4439,-1,256,296),(4440,-1,256,180),(4441,-1,256,274),(4442,-1,256,184),(4443,-1,256,181),(4444,-1,256,298),(4445,-1,256,175),(4446,-1,256,271),(4447,-1,256,187),(4448,-1,256,182),(4449,-1,256,256),(4450,-1,256,190),(4451,-1,256,137),(4452,-1,256,214),(4453,1,257,5),(4454,2,257,45),(4455,3,257,34),(4456,2,257,40),(4457,1,257,33),(4458,2,257,44),(4459,2,257,42),(4460,1,257,48),(4461,4,257,540),(4462,3,257,46),(4463,-1,258,294),(4464,-1,258,184),(4465,-1,258,265),(4466,-1,258,157),(4467,-1,258,178),(4468,-1,258,179),(4469,-1,258,149),(4470,-1,258,304),(4471,-1,258,143),(4472,-1,258,176),(4473,-1,259,297),(4474,-1,259,243),(4475,-1,259,180),(4476,-1,259,304),(4477,-1,259,178),(4478,-1,259,177),(4479,-1,259,175),(4480,-1,259,184),(4481,-1,259,300),(4482,-1,259,183),(4483,-1,260,71),(4484,-1,260,41),(4485,-1,260,101),(4486,-1,260,540),(4487,-1,260,54),(4488,-1,260,32),(4489,-1,260,51),(4490,-1,260,34),(4491,-1,260,29),(4492,-1,260,59),(4493,-1,261,132),(4494,-1,261,262),(4495,-1,261,178),(4496,-1,261,175),(4497,-1,261,177),(4498,-1,261,300),(4499,-1,261,296),(4500,-1,261,243),(4501,-1,261,165),(4502,-1,261,215),(4503,-1,261,299),(4504,-1,261,154),(4505,-1,261,195),(4506,-1,261,260),(4507,-1,261,298),(4508,-1,261,157),(4509,-1,261,191),(4510,-1,261,179),(4511,-1,261,302),(4512,-1,261,205),(4513,-1,262,104),(4514,-1,262,43),(4515,-1,262,45),(4516,-1,262,110),(4517,-1,262,40),(4518,-1,262,70),(4519,-1,262,44),(4520,-1,262,345),(4521,-1,262,339),(4522,-1,262,341),(4523,-1,262,73),(4524,-1,262,60),(4525,-1,262,344),(4526,-1,262,342),(4527,-1,262,348),(4528,-1,262,87),(4529,-1,262,343),(4530,-1,262,103),(4531,-1,262,52),(4532,-1,262,31),(4533,1,263,199),(4534,1,263,177),(4535,2,263,175),(4536,2,263,299),(4537,3,263,210),(4538,1,263,176),(4539,4,263,295),(4540,2,263,236),(4541,3,263,212),(4542,2,263,125),(4543,2,264,537),(4544,4,264,540),(4545,1,264,5),(4546,3,264,36),(4547,3,264,41),(4548,4,264,46),(4549,1,264,40),(4550,4,264,47),(4551,2,264,44),(4552,1,264,539),(4553,3,265,23),(4554,-1,265,58),(4555,-1,265,117),(4556,-1,265,68),(4557,-1,265,93),(4558,-1,265,107),(4559,-1,265,91),(4560,-1,265,86),(4561,-1,265,63),(4562,-1,265,87),(4563,4,266,55),(4564,1,266,105),(4565,1,266,66),(4566,4,266,81),(4567,2,266,113),(4568,3,266,103),(4569,2,266,72),(4570,1,266,82),(4571,4,266,95),(4572,4,266,79);
/*!40000 ALTER TABLE `alcpt_answer` ENABLE KEYS */;
UNLOCK TABLES;

--
-- Table structure for table `alcpt_answersheet`
--

DROP TABLE IF EXISTS `alcpt_answersheet`;
/*!40101 SET @saved_cs_client     = @@character_set_client */;
/*!50503 SET character_set_client = utf8mb4 */;
CREATE TABLE `alcpt_answersheet` (
  `id` int NOT NULL AUTO_INCREMENT,
  `finish_time` datetime(6) NOT NULL,
  `is_finished` tinyint(1) NOT NULL,
  `score` smallint unsigned DEFAULT NULL,
  `exam_id` int NOT NULL,
  `user_id` int NOT NULL,
  `is_tested` tinyint(1) NOT NULL,
  PRIMARY KEY (`id`),
  KEY `alcpt_answersheet_exam_id_147bc9a1_fk_alcpt_exam_id` (`exam_id`),
  KEY `alcpt_answersheet_user_id_8e290a44_fk_alcpt_user_id` (`user_id`),
  CONSTRAINT `alcpt_answersheet_exam_id_147bc9a1_fk_alcpt_exam_id` FOREIGN KEY (`exam_id`) REFERENCES `alcpt_exam` (`id`),
  CONSTRAINT `alcpt_answersheet_user_id_8e290a44_fk_alcpt_user_id` FOREIGN KEY (`user_id`) REFERENCES `alcpt_user` (`id`)
) ENGINE=InnoDB AUTO_INCREMENT=267 DEFAULT CHARSET=utf8mb3;
/*!40101 SET character_set_client = @saved_cs_client */;

--
-- Dumping data for table `alcpt_answersheet`
--

LOCK TABLES `alcpt_answersheet` WRITE;
/*!40000 ALTER TABLE `alcpt_answersheet` DISABLE KEYS */;
INSERT INTO `alcpt_answersheet` VALUES (68,'2020-12-29 15:53:03.036726',1,0,62,5,1),(69,'2020-12-29 15:53:18.843196',1,0,63,5,1),(70,'2020-12-29 19:37:24.890300',1,6,64,5,1),(71,'2020-12-29 19:37:24.910695',0,NULL,64,8,0),(72,'2020-12-29 19:37:24.929691',0,NULL,64,9,0),(73,'2020-12-29 19:51:06.729570',1,26,65,5,1),(74,'2020-12-29 19:51:06.750211',0,NULL,65,8,0),(75,'2020-12-29 19:51:06.768039',0,NULL,65,9,0),(76,'2020-12-29 21:00:49.346811',1,20,66,5,1),(77,'2020-12-29 21:00:49.368007',0,NULL,66,8,0),(78,'2020-12-29 21:00:49.385882',1,NULL,66,9,0),(79,'2021-01-04 10:46:16.172500',1,30,67,9,1),(80,'2021-01-18 10:49:12.368002',1,20,68,5,1),(81,'2021-01-18 10:49:12.391929',0,NULL,68,8,0),(82,'2021-01-18 10:49:12.410529',1,NULL,68,9,0),(83,'2021-01-25 10:34:44.062548',0,NULL,69,9,1),(84,'2021-01-25 10:40:25.303783',1,NULL,70,5,0),(85,'2021-01-25 10:40:25.322252',0,NULL,70,8,0),(86,'2021-01-25 10:40:25.340439',1,0,70,9,1),(87,'2021-01-25 10:56:38.051590',0,NULL,71,9,1),(88,'2021-01-25 11:15:05.608507',0,NULL,72,9,1),(89,'2021-01-25 11:31:35.885000',1,50,73,19,1),(90,'2021-02-01 10:36:27.087260',1,100,74,5,1),(91,'2021-02-01 10:36:27.108957',0,NULL,74,8,0),(92,'2021-02-01 10:36:27.127072',0,NULL,74,9,0),(93,'2021-03-13 16:31:16.802486',1,20,75,5,1),(94,'2021-10-12 15:20:26.329289',1,30,76,36,1),(95,'2021-10-12 15:22:57.411913',1,0,77,36,1),(96,'2021-10-12 16:43:25.943277',1,32,78,36,1),(97,'2021-10-19 14:09:56.392562',1,40,79,36,1),(98,'2021-11-04 10:26:34.610367',1,20,80,36,1),(99,'2021-11-04 10:52:50.602507',1,10,81,36,1),(100,'2021-11-04 11:00:21.960511',1,30,82,36,1),(101,'2021-11-04 23:11:06.793729',1,30,83,36,1),(102,'2021-11-30 11:00:04.864412',1,86,84,36,1),(103,'2021-12-02 11:44:56.607617',1,26,85,36,1),(104,'2021-12-07 14:41:51.880153',0,NULL,86,36,0),(105,'2022-03-12 23:08:34.860802',1,66,87,36,1),(106,'2022-03-12 23:08:34.896268',1,80,87,38,1),(107,'2022-03-12 23:08:34.920023',1,80,87,39,1),(108,'2022-03-12 23:08:34.941108',1,60,87,40,1),(109,'2022-03-12 23:08:34.961687',1,80,87,41,1),(110,'2022-05-03 11:11:16.902471',0,NULL,88,36,1),(111,'2022-05-03 11:11:16.924529',0,NULL,88,38,0),(112,'2022-05-03 11:11:16.941415',0,NULL,88,39,0),(113,'2022-05-03 11:11:16.962888',0,NULL,88,40,0),(114,'2022-05-03 11:11:16.983350',0,NULL,88,41,0),(115,'2022-05-03 11:12:49.596202',1,0,89,36,1),(116,'2022-05-03 11:12:49.631552',0,NULL,89,38,0),(117,'2022-05-03 11:12:49.668712',0,NULL,89,39,0),(118,'2022-05-03 11:12:49.701041',0,NULL,89,40,0),(119,'2022-05-03 11:12:49.732552',0,NULL,89,41,0),(120,'2022-05-12 15:26:35.276895',1,0,90,36,1),(121,'2022-05-12 15:52:26.090867',1,90,91,36,1),(122,'2022-05-12 16:44:26.828128',1,40,92,36,1),(123,'2022-05-12 17:06:09.749055',1,10,93,36,1),(124,'2022-05-12 18:06:41.746865',1,80,94,36,1),(125,'2022-05-12 18:07:47.741239',1,60,95,36,1),(126,'2022-05-12 18:08:48.615111',1,80,96,36,1),(127,'2022-05-12 18:09:51.810667',1,100,97,36,1),(128,'2022-05-12 18:12:37.097770',1,70,98,36,1),(129,'2022-05-12 18:17:00.186950',1,80,99,36,1),(130,'2022-05-12 23:04:04.981182',1,90,100,36,1),(131,'2022-05-13 10:17:59.963004',1,70,101,36,1),(132,'2022-05-13 10:24:57.840410',1,50,102,36,1),(133,'2022-05-13 10:28:15.901880',1,90,103,36,1),(134,'2022-05-16 01:27:58.029612',1,80,104,36,1),(135,'2022-05-17 12:20:34.661125',1,90,105,36,1),(136,'2022-05-17 14:18:04.110207',1,70,106,36,1),(137,'2022-05-18 18:15:16.946636',1,80,107,36,1),(138,'2022-05-19 00:09:32.124393',1,80,108,36,1),(139,'2022-05-19 00:33:08.398400',1,80,109,36,1),(140,'2022-05-19 18:41:38.996549',1,80,110,36,1),(141,'2022-05-19 18:44:12.540404',1,80,111,36,1),(142,'2023-03-30 22:08:44.899310',1,50,112,42,1),(143,'2023-03-30 22:14:57.751364',1,90,113,44,1),(144,'2023-03-30 23:21:40.280071',1,30,114,43,1),(145,'2023-03-31 07:43:39.501131',1,0,115,44,1),(146,'2023-03-31 07:54:36.532292',1,0,116,44,1),(147,'2023-03-31 07:56:40.482942',1,20,117,44,1),(148,'2023-04-05 22:25:11.374623',0,NULL,118,36,0),(149,'2023-04-05 22:36:36.974369',1,25,119,42,1),(150,'2023-04-05 22:36:37.012049',1,22,119,43,1),(151,'2023-04-05 22:36:37.048882',1,22,119,44,1),(152,'2023-04-05 22:44:18.655546',0,NULL,120,42,0),(153,'2023-04-05 22:44:18.676973',1,6,120,43,1),(154,'2023-04-05 22:44:18.697671',1,33,120,44,1),(155,'2023-04-05 22:51:48.450749',1,30,121,42,1),(156,'2023-04-05 22:51:48.466217',1,30,121,43,1),(157,'2023-04-05 22:51:48.481233',1,50,121,44,1),(158,'2023-04-06 10:05:38.062766',1,40,123,50,1),(159,'2023-04-06 10:07:39.244665',1,70,124,45,1),(160,'2023-04-06 10:07:51.120963',1,80,122,47,1),(161,'2023-04-06 10:07:56.507891',1,80,125,49,1),(162,'2023-04-06 10:08:04.165522',1,30,126,48,1),(163,'2023-04-06 10:08:07.404714',1,20,127,50,1),(164,'2023-04-06 10:08:13.742096',1,30,128,46,1),(165,'2023-04-06 10:09:02.822785',1,25,129,51,1),(166,'2023-04-06 10:09:07.100114',1,10,130,52,1),(167,'2023-04-06 10:09:38.867400',1,80,131,9,1),(168,'2023-04-06 10:17:58.144546',1,60,132,47,1),(169,'2023-04-06 10:18:47.944199',1,50,133,46,1),(170,'2023-04-06 10:22:08.404100',1,40,134,50,1),(171,'2023-04-06 10:26:14.823305',1,20,135,50,1),(172,'2023-04-06 10:29:11.786149',1,70,137,50,1),(173,'2023-04-06 10:36:27.494896',1,40,138,47,1),(174,'2023-04-06 10:39:24.163704',1,50,139,47,1),(175,'2023-04-06 10:46:28.406008',1,50,140,49,1),(176,'2023-04-06 10:47:46.202914',1,30,141,46,1),(177,'2023-04-06 10:48:08.345655',1,25,142,51,1),(178,'2023-04-06 10:48:13.835117',1,20,143,52,1),(179,'2023-04-06 10:51:02.414022',1,35,144,53,1),(180,'2023-04-06 10:52:08.158972',1,40,145,54,1),(181,'2023-04-06 10:58:42.963452',1,0,146,54,1),(182,'2023-04-13 11:26:03.845063',1,0,147,56,1),(183,'2023-04-13 11:30:15.360523',1,0,148,56,1),(184,'2023-04-13 11:33:56.948825',1,60,149,57,1),(185,'2023-04-13 11:35:00.235402',1,20,150,56,1),(186,'2023-04-13 11:53:50.585165',1,40,151,56,1),(187,'2023-04-13 22:37:56.489238',1,20,152,59,1),(188,'2023-04-13 23:15:18.627256',1,20,153,44,1),(189,'2023-04-13 23:17:17.709357',1,0,154,44,1),(190,'2023-04-13 23:31:31.614739',0,NULL,155,42,0),(191,'2023-04-13 23:31:31.636814',0,NULL,155,43,0),(192,'2023-04-13 23:31:31.658681',0,NULL,155,44,1),(193,'2023-04-13 23:58:53.396046',1,30,156,44,1),(194,'2023-04-14 07:48:44.148115',1,30,158,52,1),(195,'2023-04-14 07:57:32.312279',1,30,159,164,1),(196,'2023-04-14 07:57:44.844186',1,50,160,139,1),(197,'2023-04-14 07:58:06.336922',1,20,161,147,1),(198,'2023-04-14 07:58:37.350100',1,0,162,168,1),(199,'2023-04-14 08:02:20.934586',0,NULL,163,150,1),(200,'2023-04-14 08:03:39.205317',1,0,164,142,1),(201,'2023-04-14 08:05:13.135955',1,70,166,139,1),(202,'2023-04-14 08:05:22.651271',0,NULL,165,142,1),(203,'2023-04-14 08:06:02.787980',1,26,167,52,1),(204,'2023-04-14 08:06:28.045991',1,70,169,138,1),(205,'2023-04-14 08:06:34.113829',1,30,170,46,1),(206,'2023-04-14 08:06:37.989455',1,80,168,150,1),(207,'2023-04-14 08:06:42.938099',1,20,172,49,1),(208,'2023-04-14 08:06:44.646992',1,90,171,159,1),(209,'2023-04-14 08:06:45.606677',1,50,173,141,1),(210,'2023-04-14 08:06:53.557377',1,90,174,158,1),(211,'2023-04-14 08:06:55.438834',1,40,175,142,1),(212,'2023-04-14 08:07:34.068789',1,0,176,160,1),(213,'2023-04-14 08:07:37.617908',1,0,178,172,1),(214,'2023-04-14 08:07:38.023155',1,70,177,60,1),(215,'2023-04-14 08:08:19.923453',1,20,179,172,1),(216,'2023-04-14 08:08:24.266805',1,70,180,164,1),(217,'2023-04-14 08:08:29.906207',1,70,181,154,1),(218,'2023-04-14 08:08:34.884736',1,35,182,48,1),(219,'2023-04-14 08:08:45.076824',1,0,183,151,1),(220,'2023-04-14 08:08:47.656649',1,40,184,147,1),(221,'2023-04-14 08:09:06.824026',1,40,185,140,1),(222,'2023-04-14 08:09:17.059170',1,0,186,151,1),(223,'2023-04-14 08:09:24.054365',1,60,187,143,1),(224,'2023-04-14 08:09:31.606173',1,50,188,163,1),(225,'2023-04-14 08:09:33.617555',1,85,190,137,1),(226,'2023-04-14 08:09:35.360938',1,30,189,155,1),(227,'2023-04-14 08:09:38.480988',1,50,191,139,1),(228,'2023-04-14 08:09:52.209753',1,60,194,144,1),(229,'2023-04-14 08:09:56.489972',1,0,193,54,1),(230,'2023-04-14 08:10:00.357181',1,40,196,171,1),(231,'2023-04-14 08:10:00.772366',1,40,195,145,1),(232,'2023-04-14 08:10:25.858187',1,20,199,182,1),(233,'2023-04-14 08:10:32.016263',1,0,200,151,1),(234,'2023-04-14 08:10:38.900445',1,60,201,168,1),(235,'2023-04-14 08:11:01.823622',1,70,203,151,1),(236,'2023-04-14 08:11:06.864368',1,50,204,160,1),(237,'2023-04-14 08:11:13.479510',1,0,192,165,1),(238,'2023-04-14 08:11:13.537631',1,10,205,52,1),(239,'2023-04-14 08:11:22.948591',1,40,206,171,1),(240,'2023-04-14 08:11:23.653600',1,80,202,148,1),(241,'2023-04-14 08:11:37.568616',0,NULL,207,166,1),(242,'2023-04-14 08:11:46.153606',1,0,208,165,1),(243,'2023-04-14 08:12:20.005299',1,40,209,190,1),(244,'2023-04-14 08:12:59.075330',1,60,210,170,1),(245,'2023-04-14 08:13:53.574727',1,80,213,165,1),(246,'2023-04-14 08:14:10.357183',1,50,214,52,1),(247,'2023-04-14 08:14:20.260769',1,70,216,143,1),(248,'2023-04-14 08:14:20.261962',1,60,215,163,1),(249,'2023-04-14 08:15:03.502445',1,40,217,141,1),(250,'2023-04-14 08:15:58.533991',1,20,219,166,1),(251,'2023-04-14 08:16:16.796493',0,NULL,218,49,1),(252,'2023-04-14 08:17:10.682560',1,60,220,145,1),(253,'2023-04-14 08:17:30.889758',1,13,221,190,1),(254,'2023-04-14 08:18:27.799831',1,50,222,61,1),(255,'2023-04-14 08:20:25.092395',0,NULL,223,49,1),(256,'2023-04-14 08:20:45.043433',0,NULL,225,49,1),(257,'2023-04-14 08:20:47.227563',1,50,224,170,1),(258,'2023-04-14 08:22:27.570718',0,NULL,226,49,1),(259,'2023-04-14 08:22:41.893391',0,NULL,227,49,1),(260,'2023-04-14 08:22:51.744073',0,NULL,211,49,1),(261,'2023-04-14 08:23:12.862606',0,NULL,228,49,1),(262,'2023-04-14 08:23:24.503167',1,0,229,49,1),(263,'2023-04-14 08:24:18.373418',1,50,230,51,1),(264,'2023-04-14 08:31:12.078257',1,70,231,152,1),(265,'2023-04-14 08:33:26.469762',0,NULL,232,149,1),(266,'2023-04-14 08:47:32.860496',1,80,233,167,1);
/*!40000 ALTER TABLE `alcpt_answersheet` ENABLE KEYS */;
UNLOCK TABLES;

--
-- Table structure for table `alcpt_choice`
--

DROP TABLE IF EXISTS `alcpt_choice`;
/*!40101 SET @saved_cs_client     = @@character_set_client */;
/*!50503 SET character_set_client = utf8mb4 */;
CREATE TABLE `alcpt_choice` (
  `id` int NOT NULL AUTO_INCREMENT,
  `c_content` varchar(255) NOT NULL,
  `is_answer` tinyint(1) NOT NULL,
  `question_id` int NOT NULL,
  PRIMARY KEY (`id`),
  KEY `alcpt_choice_question_id_cdc3736d_fk_alcpt_question_id` (`question_id`),
  CONSTRAINT `alcpt_choice_question_id_cdc3736d_fk_alcpt_question_id` FOREIGN KEY (`question_id`) REFERENCES `alcpt_question` (`id`)
) ENGINE=InnoDB AUTO_INCREMENT=2117 DEFAULT CHARSET=utf8mb3;
/*!40101 SET character_set_client = @saved_cs_client */;

--
-- Dumping data for table `alcpt_choice`
--

LOCK TABLES `alcpt_choice` WRITE;
/*!40000 ALTER TABLE `alcpt_choice` DISABLE KEYS */;
INSERT INTO `alcpt_choice` VALUES (1,'officer',0,1),(2,'officers',0,1),(3,'a officer',0,1),(4,'an officer',1,1),(5,'ICBM',0,2),(6,'IRBM',1,2),(7,'MRBM',0,2),(8,'SRBM',0,2),(9,'machine gun',0,3),(10,'pistol',1,3),(11,'grenade',0,3),(12,'tank',0,3),(17,'wear',0,5),(18,'had worn',1,5),(19,'wears',0,5),(20,'wearing',0,5),(21,'infantrymen',1,6),(22,'artillerymen',0,6),(23,'paratrooper',0,6),(24,'scout',0,6),(65,'Urban Operations',0,23),(66,'Engineers',0,23),(67,'engagement',1,23),(68,'Armor',0,23),(69,'鄧紫棋',1,28),(70,'林宥嘉',0,28),(71,'吳青峰',0,28),(72,'華晨宇',0,28),(89,'that',0,29),(90,'and',0,29),(91,'but',0,29),(92,'because',1,29),(93,'during',0,30),(94,'since',0,30),(95,'between',0,30),(96,'for',1,30),(97,'likes',0,31),(98,'like',1,31),(99,'are like',0,31),(100,'were alike',0,31),(101,'see',1,32),(102,'sees',0,32),(103,'saw',0,32),(104,'had seen',0,32),(105,'listen to',0,33),(106,'listens by',0,33),(107,'to listen',0,33),(108,'listening to',1,33),(109,'if',0,34),(110,'unless',0,34),(111,'that',0,34),(112,'so',1,34),(113,'May',0,35),(114,'Could',0,35),(115,'If',0,35),(116,'Would',1,35),(117,'did',0,36),(118,'had to',0,36),(119,'ought to',1,36),(120,'would',0,36),(121,'for',1,37),(122,'since',0,37),(123,'during',0,37),(124,'until',0,37),(133,'couldn\'t see very far',1,40),(134,'didn\'t have much money',0,40),(135,'was sick',0,40),(136,'made a bad grade',0,40),(137,'last',0,41),(138,'lowest',0,41),(139,'first',1,41),(140,'slower',0,41),(141,'What',0,42),(142,'It',1,42),(143,'She',0,42),(144,'He',0,42),(145,'for downtown',0,43),(146,'downtown',1,43),(147,'at downtown',0,43),(148,'into downtown',0,43),(149,'good',0,44),(150,'better',1,44),(151,'nice',0,44),(152,'best',0,44),(153,'consider',0,45),(154,'considering',1,45),(155,'considered',0,45),(156,'considers',0,45),(157,'Will use',0,46),(158,'Use',0,46),(159,'To use',1,46),(160,'Using',0,46),(161,'at',0,47),(162,'for',0,47),(163,'during',0,47),(164,'with',1,47),(165,'have',1,48),(166,'had',0,48),(167,'has',0,48),(168,'having',0,48),(169,'rifle',1,49),(170,'commander',0,49),(171,'grenade',0,49),(172,'pistol',0,49),(173,'rifles',0,50),(174,'surrenders',0,50),(175,'service pistols',1,50),(176,'bullets',0,50),(177,'large',0,51),(178,'designed',0,51),(179,'indirect',0,51),(180,'portable',1,51),(181,'They use smoothbore machine guns.',1,52),(182,'They use tracks to travel over rough land.',0,52),(183,'They use three different types of weapons.',0,52),(184,'They can aim their weapons automatically.',0,52),(185,'disappointed',1,53),(186,'satisfied',0,53),(187,'cheerful',0,53),(188,'capable',0,53),(189,'complicated',1,54),(190,'energetic',0,54),(191,'extravagant',0,54),(192,'intelligent',0,54),(193,'cherished',0,55),(194,'easygoing',0,55),(195,'flexible',0,55),(196,'negative',1,55),(197,'is lacking an address',0,56),(198,'is lost among my papers',0,56),(199,'requires your urgent comment',1,56),(200,'has been posted as you requested',0,56),(201,'rented out lately',0,57),(202,'seriously deteriorating',1,57),(203,'well-cared by its tenants',0,57),(204,'unfortunately occupied',0,57),(205,'debated',1,58),(206,'alternated',0,58),(207,'founded',0,58),(208,'inherited',0,58),(209,'discipline',0,59),(210,'facility',0,59),(211,'privacy',1,59),(212,'representation',0,59),(213,'eager',0,60),(214,'liberal ',0,60),(215,'mean',1,60),(216,'inferior',0,60),(217,'conveyed',0,61),(218,'associated',0,61),(219,'interpreted',0,61),(220,'predicted',1,61),(221,'landmarks',0,62),(222,'restrictions',1,62),(223,'percentages',0,62),(224,'circumstances',0,62),(225,'advised',0,63),(226,'occupied',0,63),(227,'proposed',1,63),(228,'recognized',0,63),(229,' sociable',0,64),(230,' expressive',1,64),(231,' reasonable',0,64),(232,' objective',0,64),(233,' particularly',1,65),(234,'sensibly',0,65),(235,'moderately',0,65),(236,' considerably',0,65),(237,' stumble',1,66),(238,' graze',0,66),(239,'navigate',0,66),(240,' dwell',0,66),(241,' initial ',0,67),(242,' annual',1,67),(243,' evident',0,67),(244,' occasional',0,67),(245,' factors',1,68),(246,'outcomes',0,68),(247,' missions',0,68),(248,' identities',0,68),(249,' distantly',0,69),(250,' meaningfully',0,69),(251,' cheerfully',0,69),(252,' vividly',1,69),(253,'napping',0,70),(254,' scooping',0,70),(255,'flipping',0,70),(256,' chirping',1,70),(257,' benefit',0,71),(258,' contact',1,71),(259,' gesture',0,71),(260,' favor',0,71),(261,' causal',0,72),(262,'durable',0,72),(263,' manual ',1,72),(264,'violent',0,72),(265,' mature',0,73),(266,' usual',0,73),(267,' seasonal',1,73),(268,' particular',0,73),(269,' requirements',1,74),(270,' techniques',0,74),(271,' situations',0,74),(272,'principles',0,74),(273,' distribute',0,75),(274,' fulfill',1,75),(275,' convince',0,75),(276,'monitor',0,75),(277,' chilly',0,76),(278,' liberal',0,76),(279,' hollow',1,76),(280,' definite',0,76),(281,'slipped',0,77),(282,'dumped',0,77),(283,' twisted',1,77),(284,'recovered',0,77),(285,' decisions',0,78),(286,' beliefs',1,78),(287,' styles',0,78),(288,' degrees',0,78),(289,' persuasive',0,79),(290,' tolerable',0,79),(291,' suspicious',0,79),(292,' demanding',1,79),(293,' anxiously',1,80),(294,' precisely',0,80),(295,'evidently',0,80),(296,' distinctly',0,80),(297,' deposited',0,81),(298,' reserved',0,81),(299,' vanished',0,81),(300,' surrounded',1,81),(301,' credit',0,82),(302,' impress',1,82),(303,' relieve',0,82),(304,' acquire',0,82),(305,' flake',0,83),(306,' blossom',0,83),(307,' blanket',1,83),(308,' flash',0,83),(309,' angles',0,84),(310,' margins',1,84),(311,' exceptions',0,84),(312,' limitations',0,84),(313,' hardship',0,85),(314,'comment',0,85),(315,' bargain',0,85),(316,'penalty',1,85),(317,' conducted',1,86),(318,' confirmed',0,86),(319,' implied',0,86),(320,' improved',0,86),(321,' efficient',0,87),(322,' reliable',0,87),(323,'massive',1,87),(324,' adequate',0,87),(325,' tenderly',0,88),(326,' properly',1,88),(327,' solidly',0,88),(328,' favorably',0,88),(329,'pursue',1,89),(330,'swear',0,89),(331,' reserve',0,89),(332,'draft',0,89),(333,' native',1,90),(334,'tricky',0,90),(335,' remote',0,90),(336,'vacant',0,90),(337,' appoint',0,91),(338,'eliminate',0,91),(339,' occupy',0,91),(340,' identify',1,91),(341,'relaxing',0,92),(342,' embarrassing',1,92),(343,' appealing',0,92),(344,' defending',0,92),(345,' barely',1,93),(346,' fairly',0,93),(347,' merely',0,93),(348,'readily',0,93),(349,' guide',0,94),(350,' trace',1,94),(351,' code',0,94),(352,'print',0,94),(353,' accessed',0,95),(354,' edited',0,95),(355,' imposed',0,95),(356,' urged',1,95),(357,'constitutions',0,96),(358,'objections',0,96),(359,' sculptures',1,96),(360,'adventures',0,96),(361,' dip',0,97),(362,' beam',1,97),(363,' spark',0,97),(364,' path',0,97),(365,' enclosed',1,98),(366,' installed',0,98),(367,' preserved',0,98),(368,' rewarded',0,98),(369,' signal',0,99),(370,'glory',0,99),(371,'medal',1,99),(372,' profit',0,99),(373,'balanced',0,100),(374,' calculated',0,100),(375,'disguised',1,100),(376,' registered',0,100),(377,' aware',1,101),(378,'ashamed',0,101),(379,'doubtful',0,101),(380,'guilty',0,101),(381,' innocence',0,102),(382,' estimation',0,102),(383,'assurance',0,102),(384,'observation',1,102),(385,' journey',0,103),(386,' traffic',0,103),(387,' concert',1,103),(388,'record',0,103),(389,' awful',0,104),(390,' drowsy',0,104),(391,' tragic',0,104),(392,' upset',1,104),(393,' accent',1,105),(394,' identity',0,105),(395,'gratitude',0,105),(396,'signature',0,105),(397,' ceased',0,106),(398,' committed',0,106),(399,' confined',1,106),(400,' conveyed',0,106),(401,' injury',1,107),(402,' offense',0,107),(403,'sacrifice',0,107),(404,' victim',0,107),(405,'security',0,108),(406,'maturity',0,108),(407,' facility',0,108),(408,' generosity',1,108),(409,' tolerates',0,109),(410,' associates',0,109),(411,' demonstrates',1,109),(412,'exaggerates',0,109),(413,'durable',0,110),(414,'private',0,110),(415,'realistic',0,110),(416,'numerous',1,110),(417,'Occasionally',1,111),(418,'Automatically',0,111),(419,'Enormously',0,111),(420,' Innocently',0,111),(421,' isolation',0,112),(422,' promotion',0,112),(423,' retirement',1,112),(424,' announcement',0,112),(425,' alert',0,113),(426,' itchy',1,113),(427,'steady',0,113),(428,' flexible',0,113),(429,' conquered',1,114),(430,'estimated',0,114),(431,' guaranteed',0,114),(432,' intensified',0,114),(433,' ruined',1,115),(434,'cracked',0,115),(435,'hastened',0,115),(436,'neglected',0,115),(437,' primitive',0,116),(438,'spiritual',0,116),(439,' representative',1,116),(440,' informative',0,116),(441,' liberally',0,117),(442,'individually',0,117),(443,'financially',0,117),(444,'environmentally',1,117),(473,'when there is no danger',0,125),(474,'when the building is on fire',1,125),(475,'when there is a high-ranking visitor',0,125),(476,'when the weather is cold',0,125),(477,'happy',1,126),(478,'sad',0,126),(479,'angry',0,126),(480,'jealous',0,126),(481,'find',0,127),(482,'plan',1,127),(483,'enjoy',0,127),(484,'suggest',0,127),(485,'a leader',0,128),(486,'a commander',0,128),(487,'an instructor',0,128),(488,'a specialist',1,128),(489,'He should increase his speed.',0,129),(490,'He should continue at the same speed.',0,129),(491,'He should decrease his speed.',1,129),(492,'He should stop.',0,129),(493,'to begin',1,130),(494,'to change',0,130),(495,'to process',0,130),(496,'to finish',0,130),(497,'a few',0,131),(498,'none',0,131),(499,'a little',0,131),(500,'a lot',1,131),(501,'It was established.',1,132),(502,'It stopped operating.',0,132),(503,'It was making a lot of money.',0,132),(504,'A new branch office was set up.',0,132),(505,'Were you involved?',1,133),(506,'Did you wash him?',0,133),(507,'Did you assist him?',0,133),(508,'Did you watch what he did?',0,133),(509,'an argument',0,134),(510,'a command',0,134),(511,'a farm',0,134),(512,'a report',1,134),(513,'something expensive',1,135),(514,'something delicious',0,135),(515,'something cheap',0,135),(516,'something heavy',0,135),(517,'The heat should be very hot.',0,136),(518,'The heat should be medium.',1,136),(519,'The heat should be very low.',0,136),(520,'The heat should be turned off.',0,136),(521,'to start again',0,137),(522,'to be stolen',0,137),(523,'to break into pieces',0,137),(524,'to stop working suddenly',1,137),(525,'a stick',1,138),(526,'a ball',0,138),(527,'a hole',0,138),(528,'a box',0,138),(529,'a little hot',1,139),(530,'very warm',0,139),(531,'quite cold',0,139),(532,'freezing',0,139),(533,'on top of the refrigerator',0,140),(534,'in front of the refrigerator',0,140),(535,'behind the refrigerator',1,140),(536,'to the left of the refrigerator',0,140),(537,'houses for sale',0,141),(538,'houses to let',1,141),(539,'houses to buy',0,141),(540,'land to build a house on',0,141),(541,'The wire is not good.',0,142),(542,'The wire is not protected.',1,142),(543,'The wire is not carrying electricity.',0,142),(544,'The wire is not visible.',0,142),(545,'an unusual one',0,143),(546,'the first one',0,143),(547,'an ordinary one',1,143),(548,'the last one',0,143),(549,'It was too expensive.',0,144),(550,'There was a lot of fruit in stock.',0,144),(551,'It had gone bad.',1,144),(552,'She didn\'t feel like eating fruit.',0,144),(553,'I\'ll tell you anything you want to know.',0,145),(554,'I\'ll help in any way I can.',1,145),(555,'I won\'t be able to stop laughing.',0,145),(556,'I haven\'t thought about him in years.',0,145),(557,'The camera is out of order.',0,146),(558,'The film is out of order.',1,146),(559,'There is no film in the camera.',0,146),(560,'The film is sold out.',0,146),(561,'through blood',1,147),(562,'by a human mistake',0,147),(563,'through an animal',0,147),(564,'through food',0,147),(565,'His eye was hit by a baseball.',1,148),(566,'The light of the sun hurt his eyes.',0,148),(567,'He sat through last night\'s game.',0,148),(568,'He was expelled from last night\'s game.',0,148),(569,'I\'d like to have them both.',1,149),(570,'I drink it when it\'s cold.',0,149),(571,'We don\'t have to stay here long.',0,149),(572,'I\'d like a cup of coffee, please.',0,149),(573,'She has just graduated from college.',0,150),(574,'She never graduated from college.',0,150),(575,'She will be studying at college.',0,150),(576,'She is going to graduate from college.',1,150),(577,'They were alternated.',0,151),(578,'They were congratulated.',0,151),(579,'They were discharged.',1,151),(580,'They were graduated.',0,151),(581,'He frightened them.',0,152),(582,'He repelled them.',1,152),(583,'He trusted them.',0,152),(584,'He made friends with them.',0,152),(585,'Her voice is beautiful.',0,153),(586,'Her house is beautiful.',0,153),(587,'Her face is beautiful.',0,153),(588,'Her body shape is beautiful.',1,153),(589,'He was chosen to deal with the crisis.',1,154),(590,'He couldn\'t get out of the trouble.',0,154),(591,'He was blamed for the mistake.',0,154),(592,'He successfully solved the problem.',0,154),(593,'He drew it up.',0,155),(594,'He is against it.',1,155),(595,'He is explaining it.',0,155),(596,'He will carry it out.',0,155),(597,'He is searching for a brand-new car.',1,156),(598,'He is testing his new car.',0,156),(599,'He is shopping for a second-hand car.',0,156),(600,'He is selling a second -hand car.',0,156),(601,'He went ahead of us.',0,157),(602,'He would come with us.',0,157),(603,'He wanted to join us.',1,157),(604,'He could go with us.',0,157),(605,'A schedule was lost.',0,158),(606,'A schedule was destroyed.',0,158),(607,'A schedule was found.',0,158),(608,'A schedule was established.',1,158),(609,'I\'m grateful to you.',1,159),(610,'I think nothing of it.',0,159),(611,'I can\'t wait to have it.',0,159),(612,'I totally agree with you.',0,159),(613,'There is no one in the waiting room.',0,160),(614,'There are a lot of people in the waiting room.',1,160),(615,'There are few people in the waiting room.',0,160),(616,'There are a few people in the waiting room.',0,160),(617,'She must roll it up.',1,161),(618,'She must double it over.',0,161),(619,'She must clean it up.',0,161),(620,'She must read it again.',0,161),(621,'It was raining.',0,162),(622,'There was a lot of snow.',0,162),(623,'It was getting dark.',0,162),(624,'The visibility was poor.',1,162),(625,'She became very happy.',0,163),(626,'She received a surprise.',0,163),(627,'She felt unsteady.',1,163),(628,'She got a good deal.',0,163),(629,'Mr. Johnson is their cousin.',0,164),(630,'Mr. Johnson is their father.',1,164),(631,'Mr. Johnson is their brother.',0,164),(632,'Mr. Johnson is their uncle.',0,164),(633,'Harry wanted a sedan.',0,165),(634,'Harry didn\'t want a sports car.',0,165),(635,'Harry bought a sedan.',1,165),(636,'Harry bought a sports car.',0,165),(637,'They have to receive extensive training.',1,166),(638,'They train lightly because of exhaustion.',0,166),(639,'They skip extensive training.',0,166),(640,'They dislike extensive training.',0,166),(641,'It is just around the corner.',1,167),(642,'It is coming to an end.',0,167),(643,'It is about to finish.',0,167),(644,'It is never too late.',0,167),(645,'It mixed the shells up.',1,168),(646,'It put in the shells.',0,168),(647,'It fired the shells out.',0,168),(648,'It threw away the shells.',0,168),(649,'Their friends won\'t use the seats.',1,169),(650,'Their friends are in the seats.',0,169),(651,'The seats for their friends are cheap.',0,169),(652,'The seats are being held for their friends.',0,169),(657,'It is not working.',1,171),(658,'It has broken into pieces.',0,171),(659,'It is ready for sale.',0,171),(660,'It was broadcast live.',0,171),(661,'You and I are alike.',0,172),(662,'I think I\'ve seen you before.',1,172),(663,'I know you very well.',0,172),(664,'You look like someone in my family.',0,172),(665,'He is getting a shot.',1,173),(666,'He is getting weighed.',0,173),(667,'He is being examined.',0,173),(668,'He is being rescued.',0,173),(673,'cost',0,175),(674,'length',0,175),(675,'size',0,175),(676,'temperature',1,175),(677,'a steering device',0,176),(678,'a source of power',1,176),(679,'a job to do',0,176),(680,'a way of stopping',0,176),(681,'show her how to write',0,177),(682,'give her something to do',0,177),(683,'give her a pen to use',1,177),(684,'show her around',0,177),(685,'look for mistakes',1,178),(686,'write it again',0,178),(687,'begin a new job',0,178),(688,'pay him for his work',0,178),(689,'a way into the room',0,179),(690,'a way out of the room',1,179),(691,'a way to go though the window',0,179),(692,'a way to lock the door',0,179),(693,'in a fancy restaurant',0,180),(694,'at a noodle stand',0,180),(695,'in a fast food restaurant',1,180),(696,'in a Chinese restaurant',0,180),(697,'It was just cooked.',1,181),(698,'It was a warm day.',0,181),(699,'I already finished eating.',0,181),(700,'That\'s my favorite meal.',0,181),(701,'The girl looks nothing like her sister',0,182),(702,'The girl looks a lot like the woman\'s sister.',1,182),(703,'The girl acts like she\'s the woman\'s sister.',0,182),(704,'The girl is a little taller.',0,182),(705,'The cars are too heavy.',0,183),(706,'The road is quite wide.',0,183),(707,'The cars cannot go very fast.',0,183),(708,'The cars cannot pass each other.',1,183),(709,'It\'s a good place for exercising.',0,184),(710,'It\'s quiet there.',1,184),(711,'It\'s noisy there.',0,184),(712,'It\'s near their house.',0,184),(717,'slowly',0,186),(718,'fast',1,186),(719,'well',0,186),(720,'straight',0,186),(721,'It will probably rain.',1,187),(722,'It will not rain.',0,187),(723,'It will rain for sure.',0,187),(724,'It is impossible to rain this weekend.',0,187),(725,'They moved to the city.',0,188),(726,'They left the city.',0,188),(727,'They did some sightseeing.',1,188),(728,'The didn\'t like the city.',0,188),(729,'It is very important.',0,189),(730,'It is not woking very well.',1,189),(731,'It is destroyed.',0,189),(732,'It needs to be recharged.',0,189),(733,'A disaster was avoided.',0,190),(734,'A disaster was predicted.',0,190),(735,'A disaster occurred.',1,190),(736,'A disaster passed.',0,190),(737,'We had breakfast.',0,191),(738,'We exercised.',0,191),(739,'We talked.',1,191),(740,'We relaxed.',0,191),(741,'She wants us to stop playing around.',0,192),(742,'She wants us to wake up soon.',0,192),(743,'She wants us not to ride the horses.',1,192),(744,'She wants us to stop hanging around.',0,192),(745,'the dock',1,193),(746,'the raft',0,193),(747,'the truck',0,193),(748,'the swimming pool',0,193),(749,'drink it ',0,194),(750,'rub it on',1,194),(751,'dry it out',0,194),(752,'paint it',0,194),(753,'before they learned English',0,195),(754,'before 2005',0,195),(755,'in 2005',1,195),(756,'to attend flight school',0,195),(757,'a weapon',0,196),(758,'a signal',0,196),(759,'an award',0,196),(760,'an assignment',1,196),(761,'David drilled it.',1,197),(762,'David sewed it.',0,197),(763,'David wrote it.',0,197),(764,'David bought it.',0,197),(765,'He wants to wait before going to the beach.',0,198),(766,'He is excited about going to the beach.',1,198),(767,'He doesn\'t care for being outdoors.',0,198),(768,'He has to wait on the beach.',0,198),(769,'once a day',0,199),(770,'two times a day',1,199),(771,'once each two days',0,199),(772,'three times a day',0,199),(773,'It rains very often.',0,200),(774,'It remains the same.',0,200),(775,'It is always hot.',0,200),(776,'It changes often.',1,200),(777,'Yes, they use traffic lights.',0,201),(778,'Yes, they use helicopters.',1,201),(779,'Yes, they use radios.',0,201),(780,'Yes, they use police cars.',0,201),(781,'handle the books',0,202),(782,'test the magazines',0,202),(783,'have a quick look at them',1,202),(784,'buy a few of them',0,202),(785,'I answer James\' call.',0,203),(786,'I fought with James.',0,203),(787,'I met James',1,203),(788,'I scolded James.',0,203),(789,'Yes, she is happy and carefree.',1,204),(790,'Yes, she is English.',0,204),(791,'Nom she is carefree and happy.',0,204),(792,'No, she is saleswoman.',0,204),(793,'to indicate atmospheric pressure',0,205),(794,'to record air speed',0,205),(795,'to measure precipitation',0,205),(796,'to regulate temperature',1,205),(797,'because the car is rough',0,206),(798,'because the car is hot and dry',0,206),(799,'because the car stops',0,206),(800,'because the car slides easily',1,206),(801,'buy a newspaper',0,207),(802,'take a bus',1,207),(803,'see a doctor',0,207),(804,'go to bed early',0,207),(805,'She thinks she will fail the course.',0,208),(806,'She thinks she will succeed.',1,208),(807,'She wants to drop the course.',0,208),(808,'She wants to take it over.',0,208),(809,'He can\'t see very well.',0,209),(810,'He is mute.',0,209),(811,'Ir is hard to listen to him sing.',0,209),(812,'There is a problem with his hearing.',1,209),(813,'He is worse than David.',0,210),(814,'He is more handsome than David.',0,210),(815,'He is much better than David.',1,210),(816,'He is a better friend than David.',0,210),(817,'He gave them a briefing.',0,211),(818,'He organized their vehicles.',0,211),(819,'He gave them a big hand.',0,211),(820,'He watched them march.',1,211),(821,'You will very likely feel cold.',0,212),(822,'You will very likely feel warm.',0,212),(823,'You will very likely get sick.',1,212),(824,'You will very likely buy a coat.',0,212),(825,'I don\'t like to read.',0,213),(826,'I like to read all the time.',0,213),(827,'I like to read about cars.',0,213),(828,'I like to read when I am free.',1,213),(829,'There was an ambulance behind John.',1,214),(830,'There was a taxi behind John.',0,214),(831,'There was music behind John.',0,214),(832,'There was a bicycle behind John.',0,214),(833,'The weather is bad.',0,215),(834,'The work is too hard.',1,215),(835,'The road is rough.',0,215),(836,'The picture is all right.',0,215),(837,'He took it away.',1,216),(838,'He bought it.',0,216),(839,'He took off its cover.',0,216),(840,'He read it.',0,216),(841,'The solution was unknown.',0,217),(842,'The solution was apparent.',1,217),(843,'The solution was dangerous.',0,217),(844,'The solution was essential.',0,217),(845,'It must be flat.',1,218),(846,'It must be long.',0,218),(847,'It must be square.',0,218),(848,'It must be large.',0,218),(849,'We confused the enemy.',0,219),(850,'We met the enemy.',1,219),(851,'We defeated the enemy.',0,219),(852,'We avoided the enemy.',0,219),(853,'Mary will compete with the female candidate.',0,220),(854,'Mary will choose the female candidate.',1,220),(855,'Mary doesn\'t like the female candidate.',0,220),(856,'Mary will work for the female candidate.',0,220),(857,'It can\'t fit.',1,221),(858,'He doesn\'t own it.',0,221),(859,'It was too heavy for him.',0,221),(860,'He doesn\'t like it.',0,221),(861,'He didn\'t see the passengers.',0,222),(862,'He didn\'t like the noise it made.',0,222),(863,'He didn\'t see the plane landing.',0,222),(864,'He didn\'t know the arrival time.',1,222),(865,'Peter can\'t understand them.',1,223),(866,'Peter can\'t stand up to them.',0,223),(867,'Peter will make them stand up.',0,223),(868,'Peter can\'t tolerate them.',0,223),(869,'They\'re becoming longer.',1,224),(870,'They\'re becoming more interesting.',0,224),(871,'They\'re becoming more rigid.',0,224),(872,'They\'re becoming more important.',0,224),(873,'They saved him.',1,225),(874,'They surrounded him.',0,225),(875,'They located him.',0,225),(876,'They buried him.',0,225),(877,'She doesn\'t know the truth.',1,226),(878,'She wants to tell the truth.',0,226),(879,'She is willing to tell the truth.',0,226),(880,'She doesn\'t want to tell the truth.',0,226),(881,'They neglected his warning.',1,227),(882,'They liked his warning.',0,227),(883,'They forgot his warning.',0,227),(884,'They remembered his warning.',0,227),(885,'this kind of watch is very expensive.',1,228),(886,'This kind of watch breaks easily.',0,228),(887,'You cannot buy this kind of watch anymore.',0,228),(888,'You will not like this kind of watch.',0,228),(889,'It is good for insulation.',1,229),(890,'It burns easily.',0,229),(891,'It is easy to lose.',0,229),(892,'It is very expensive.',0,229),(893,'He dislikes them very much.',1,230),(894,'He makes them angry.',0,230),(895,'He has great trouble working with them.',0,230),(896,'He has a high regard for them.',0,230),(897,'I was sick last night.',1,231),(898,'I finished last night.',0,231),(899,'I went running last night.',0,231),(900,'I was in a rush last night.',0,231),(901,'I don’t want to see your new home.',1,232),(902,'I don’t  want anything in your new home.',0,232),(903,'I really want to see your new home.',0,232),(904,'I would give anything to have a new home.',0,232),(905,'The damage wasn’t necessary.',1,233),(906,'There was only a little damage.',0,233),(907,'No damage was detected.',0,233),(908,'There was major damage.',0,233),(909,'He has enough time',1,234),(910,'He hasn’t enough time.',0,234),(911,'He has extra time. ',0,234),(912,'He has limited time.',0,234),(913,'She wanted to know the cost. ',1,235),(914,'She wanted to know the means.',0,235),(915,'She wanted to know the answer.',0,235),(916,'She wanted to know the reason.',0,235),(917,'a house ',0,236),(918,'a trip',1,236),(919,'a car',0,236),(920,'a friend',0,236),(921,'The man should buy new clothing.',1,237),(922,'The man has poor taste in clothing.',0,237),(923,'The man should try to find his belt.',0,237),(924,'The man should lose weight.',0,237),(925,'It was expanded five months ago.',0,238),(926,'It was started five months ago.',1,238),(927,'It was moved five months ago.',0,238),(928,'It was closed five months ago.',0,238),(929,'It matched her furniture.',1,239),(930,'It was a bargain.',0,239),(931,'It was nice to site in.',0,239),(932,'It was a pretty color.',0,239),(933,'He paid for it ahead of time.',1,240),(934,'He paid for it little by little.',0,240),(935,'He paid for it with a loan.',0,240),(936,'He paid for it with a check.',0,240),(937,'to work',1,241),(938,'on a trip',0,241),(939,'to school',0,241),(940,'on a picnic',0,241),(941,'He wanted to go to bed.',1,242),(942,'He wanted to get cleaned up.',0,242),(943,'He wanted to drink something cold.',0,242),(944,'He wanted to get somewhere fast.',0,242),(945,'His house was pretty.',0,243),(946,'His house was old.',0,243),(947,'His house was big.',1,243),(948,'His house was modern.',0,243),(949,'She was studying how to build things.',1,244),(950,'She was studying how to write stories.',0,244),(951,'She was studying how to teach children.',0,244),(952,'She was studying how to fix teeth.',0,244),(953,'descending',1,245),(954,'shacking',0,245),(955,'rolling',0,245),(956,'climbing',0,245),(957,'He is careless.',1,246),(958,'He is at fault.',0,246),(959,'He is lazy.',0,246),(960,'He likes to criticize.',0,246),(961,'play ball',1,247),(962,'eat supper',0,247),(963,'work',0,247),(964,'sleep',0,247),(965,'putting off the meeting',1,248),(966,'canceling the meeting',0,248),(967,'attending the meeting',0,248),(968,'holding a meeting',0,248),(969,'took some medicine',1,249),(970,'ran away',0,249),(971,'got a ticket',0,249),(972,'said he was sorry',0,249),(973,' in a trailer home',1,250),(974,'far from the base',0,250),(975,'near from the base',0,250),(976,'on the other side of town',0,250),(977,'give them a briefing',1,251),(978,'see how the class was conduct',0,251),(979,'teach the class ',0,251),(980,'interview the student',0,251),(985,'the speed',1,253),(986,'the angle',0,253),(987,'the diameter',0,253),(988,'the circumference',0,253),(989,'decorating a house',1,254),(990,'selling a house',0,254),(991,'building a house',0,254),(992,'tearing down a house',0,254),(993,'to be net',1,255),(994,'to be fair',0,255),(995,'to be truthful',0,255),(996,'to be on time',0,255),(997,'He threw them away.',1,256),(998,'He published them.',0,256),(999,'He put them on.',0,256),(1000,'He kicked them off.',0,256),(1001,'go up and down',1,257),(1002,'stay the same',0,257),(1003,'rise steadily',0,257),(1004,'fall steadily',0,257),(1005,'a sharp mind ',1,258),(1006,'explosives',0,258),(1007,'the desire to succeed',0,258),(1008,'a prolonged illness',0,258),(1009,'come and pick him up',0,259),(1010,'cook some food for him',0,259),(1011,'buy some food',1,259),(1012,'order some food at home',0,259),(1013,'to write to the doctor',0,260),(1014,'to call the doctor',0,260),(1015,'to find out about the doctor',0,260),(1016,'to go see the doctor',1,260),(1017,'She allowed John to take the car.',1,261),(1018,'She warned John not to take the car.',0,261),(1019,'She ordered John to drive the car.',0,261),(1020,'She gave John a ride in the car.',0,261),(1021,'the time of the meeting',1,262),(1022,'how to repair the radio',0,262),(1023,'where Main Street is',0,262),(1024,'what to buy ',0,262),(1025,'She’ll ask for the money.',0,263),(1026,'She’ll complain.',0,263),(1027,'She’ll stop working so hard.',0,263),(1028,'She’ll leave her job.',1,263),(1029,'after a while',0,264),(1030,'within minutes',1,264),(1031,'after a week',0,264),(1032,'in a day',0,264),(1033,'We agree with them.',0,265),(1034,'We employ them.',0,265),(1035,'We unite them.',0,265),(1036,'We contact them.',1,265),(1037,'act like their parents ',1,266),(1038,'help their parents',0,266),(1039,'admire the parents',0,266),(1040,'live with their parents',0,266),(1041,'She turned him down.',0,267),(1042,'She got lost.',0,267),(1043,'She didn’t show up.',1,267),(1044,'She was late.',0,267),(1045,'He found that his work was hard.',0,268),(1046,'He started doing his work.',0,268),(1047,'He started looking for work.',0,268),(1048,'He made sure his work was right.',1,268),(1049,'He was not sure of the scores.',0,269),(1050,'He was unhappy with the scores.',1,269),(1051,'He was studying the scores.',0,269),(1052,'He was evaluating the scores.',0,269),(1053,'There were no results.',0,270),(1054,'There were no expectations.',0,270),(1055,'The results were not what Major Wilson expected.',1,270),(1056,'The results were what Major Wilson expected.',0,270),(1057,'I’m not surprised by the results.',0,271),(1058,'I didn’t I would pass the exam.',0,271),(1059,'I didn’t think I would pass the exam.	',1,271),(1060,'I knew I would pass the exam.',0,271),(1061,'They were praised.',0,272),(1062,'They were congratulated.',0,272),(1063,'They were kicked out.',1,272),(1064,'They graduated.',0,272),(1065,'They repelled it.',1,273),(1066,'They prevented it.',0,273),(1067,'They missed it.',0,273),(1068,'They started it.',0,273),(1069,'There was a traffic jam this morning.',1,274),(1070,'There was a car accident this morning.',0,274),(1071,'Cars were going at a high speed.',0,274),(1072,'The traffic light was out of order.',0,274),(1073,'The song makes her sad.',0,275),(1074,'The song is about love.',0,275),(1075,'She knows the singer very well.',0,275),(1076,'She has memorized the song.',1,275),(1077,'We must feed them.',0,276),(1078,'We must hit them.',0,276),(1079,'We must treat them.',0,276),(1080,'We must locate them.',1,276),(1081,'The washing machine is not working properly.',1,277),(1082,'The machine is user-friendly.',0,277),(1083,'The price of this washing machine is going up.',0,277),(1084,'The washing machine is now for sale.',0,277),(1085,'He won the lottery.',0,278),(1086,'He always thinks of the lottery.',1,278),(1087,'He has never bought any lottery tickets.',0,278),(1088,'Winning the lottery made him rich.',0,278),(1089,'I hailed a taxi.',0,279),(1090,'I was diving taxi.',0,279),(1091,'The taxi almost hit me.',1,279),(1092,'I was waiting for a taxi.',0,279),(1093,'A schedule was destroyed.',0,280),(1094,'A schedule was lost.',0,280),(1095,'A schedule was established.',1,280),(1096,'A schedule was found.',0,280),(1097,'James is confident about himself.',0,281),(1098,'James is proud of them.',0,281),(1099,'James is not true to himself.',0,281),(1100,'James lacks self-confidence.',1,281),(1101,'They had a normal day.',0,282),(1102,'They worked hard during the emergency.',1,282),(1103,'They had a practice drill.',0,282),(1104,'They had a false alarm.',0,282),(1105,'Don’t let her tell.',0,283),(1106,'Don’t tell her.',1,283),(1107,'Don’t talk about her.',0,283),(1108,'Don’t forget to tell her.',0,283),(1109,'It is said that he is having an affair.',1,284),(1110,'We believe he is having an affair.',0,284),(1111,'The rumor is not fair.',0,284),(1112,'We’ve never heard the rumer.',0,284),(1113,'It was raining.',0,285),(1114,'The visibility was poor.',1,285),(1115,'It was getting dark.',0,285),(1116,'There was a lot of snow.',0,285),(1117,'She received a surprise.',0,286),(1118,'She became very happy.',0,286),(1119,'She got a good deal.',0,286),(1120,'She felt unsteady.',1,286),(1121,'That medicine tasted bitter.',0,287),(1122,'That medicine worked miracles.',1,287),(1123,'The medicine tasted like wine.',0,287),(1124,'The medicine was prescribed carefully.',0,287),(1125,'They deserted their children.',0,288),(1126,'They moved because of their children.',1,288),(1127,'Their children didn’t move with them.',0,288),(1128,'They sent their children to Manhattan.',0,288),(1129,'Harry bought a sedan.',1,289),(1130,'Harry bought a sports car.',0,289),(1131,'Harry wanted a sedan.',0,289),(1132,'Harry didn’t want a sports car.',0,289),(1133,'They skip extensive training.',0,290),(1134,'They dislike extensive training.',0,290),(1135,'They have to receive extensive training.',1,290),(1136,'They train lightly because of exhaustion.',0,290),(1137,'You should have called me.',0,291),(1138,'You are supposed to call me after meeting me.',0,291),(1139,'Let me know if you cannot come.',1,291),(1140,'Call me when you arrive.',0,291),(1141,'It pulled in the shells.',0,292),(1142,'It mixed the shells.',0,292),(1143,'It threw out the shells.',1,292),(1144,'It fired the shells.',0,292),(1145,'The table is being held for their friends.',1,293),(1146,'The table for their friends is cheap.',0,293),(1147,'Their friends are in the seats.',0,293),(1148,'Their friends won’t use the seats.',0,293),(1149,'It is good to hear you say that.',0,294),(1150,'It’s getting chilly.',0,294),(1151,'It’s perfect for cooking.',0,294),(1152,'It feels very hot.',1,294),(1153,'Don’t forget to write her a letter.',0,295),(1154,'Don\'t forget to see her tomorrow.',0,295),(1155,'Don\'t forget to send her an e-mail.',0,295),(1156,'Don\'t forget to telephone her.',1,295),(1157,'turn right at the next corner',0,296),(1158,'give the woman a ride',0,296),(1159,'look for the taxi',0,296),(1160,'send a taxi immediately.',1,296),(1161,'She doesn’t like the man.',0,297),(1162,'She doesn’t know how to paint.',0,297),(1163,'It’s in the morning.',0,297),(1164,'She has an appointment to meet someone.',1,297),(1165,'He received a present at the meeting.',0,298),(1166,'He enjoying the meeting.',0,298),(1167,'He attended the meeting.',1,298),(1168,'He was the speaker.',0,298),(1169,'Richard has been standing in the wrong place.',0,299),(1170,'Richard hasn’t heard it correctly.',0,299),(1171,'Richard doesn’t know what it means.',1,299),(1172,'Richard means everything he says.',0,299),(1173,'She should treat him to dinner.',0,300),(1174,'It’s very easy .',0,300),(1175,'He’s hungry.',0,300),(1176,'It’s too difficult for him.',1,300),(1177,'He doesn’t like his new apartment.',1,301),(1178,'Someone is standing behind him.',0,301),(1179,'He back aches.',0,301),(1180,'Someone is trying to kill them.',0,301),(1181,'Colonel Roberts will not to give a speech.',0,302),(1182,'Colonel Roberts will ignore the speaker.',0,302),(1183,'Colonel Roberts will be the main speaker.',1,302),(1184,'Colonel Roberts will introduce the speaker.',0,302),(1185,'a chief',0,303),(1186,'a customer',0,303),(1187,'a waitress ',1,303),(1188,'a janitor',0,303),(1189,'one',1,304),(1190,'a few',0,304),(1191,'Two',0,304),(1192,'none',0,304),(1193,' stop working ',0,305),(1194,'do the work better',0,305),(1195,'continue to work ',1,305),(1196,'do the work over again',0,305),(1329,'Steps to get rid of bedbugs.',0,339),(1330,'Ways to use foggers correctly.',0,339),(1331,'The ineffectiveness of bug bombs.',1,339),(1332,'The problems caused by insects.',0,339),(1333,' It is a creature living inside our ears.',0,340),(1334,'It is a tune memorized in a personal way.',0,340),(1335,'It is a melody repeating in our heads.',1,340),(1336,'It is a commercial recalled through lyrics.',0,340),(1337,'Being a cleaner for other fish.',1,341),(1338,'Being a bodyguard for other fish.',0,341),(1339,'Being a gardener for roots and plants.',0,341),(1340,'Being a caretaker for sponge and algae.',0,341),(1341,'The trees were taller and stronger.',0,342),(1342,'The soil was softer for seeds to sprout.',0,342),(1343,'The climate was warmer and more humid.',1,342),(1344,'The temperature was lower along the Pacific coast.',0,342),(1345,'A Painful Mistake',0,343),(1346,'A Great Adventure',0,343),(1347,'A Lifelong Punishment',0,343),(1348,'A New Direction in Life',1,343),(1349,'Maasai people are a threat to elephants.',1,344),(1350,'Kamba people raise elephants for farming.',0,344),(1351,'Both Kamba and Maasai people are elephant hunters.',0,344),(1352,'Both Kamba and Maasai people traditionally wear red clothing.',0,344),(1353,'Facial expressions.',1,345),(1354,'Physical contact.',0,345),(1355,'Rate of speech.',0,345),(1356,'Eye contact.',0,345),(1357,'They are quick in movement.',0,346),(1358,'They are very active in the daytime.',0,346),(1359,'They are decreasing in number.',1,346),(1360,'They have a short lifespan for insects.',0,346),(1361,'They are part of the graduation ceremony.',0,347),(1362,'They are occasions for teens to show off their limousines.',0,347),(1363,'They are important events for teenagers to learn social skills.',1,347),(1364,'They are formal events in which teens share their traumatic experiences.',0,347),(1365,'personal wearable device',0,348),(1366,'graphic process unit',1,348),(1367,'cloud sharing service',0,348),(1368,'media streaming service',0,348),(1377,'when there is no danger',0,353),(1378,'when the building is on fire',1,353),(1379,'when there is a high-ranking visitor',0,353),(1380,'when the weather is cold',0,353),(1381,'happy',1,354),(1382,'sad',0,354),(1383,'angry',0,354),(1384,'jealous',0,354),(1385,'find',0,355),(1386,'plan',1,355),(1387,'enjoy',0,355),(1388,'suggest',0,355),(1389,'a leader',0,356),(1390,'a commander',0,356),(1391,'an instructor',0,356),(1392,'a specialist',1,356),(1393,'He should increase his speed.',0,357),(1394,'He should continue at the same speed.',0,357),(1395,'He should decrease his speed.',1,357),(1396,'He should stop.',0,357),(1397,'to begin',1,358),(1398,'to change',0,358),(1399,'to process',0,358),(1400,'to finish',0,358),(1401,'a few',0,359),(1402,'none',0,359),(1403,'a little',0,359),(1404,'a lot',1,359),(1405,'It was established.',1,360),(1406,'It stopped operating.',0,360),(1407,'It was making a lot of money.',0,360),(1408,'A new branch office was set up.',0,360),(1409,'Were you involved?',1,361),(1410,'Did you wash him?',0,361),(1411,'Did you assist him?',0,361),(1412,'Did you watch what he did?',0,361),(1413,'an argument',0,362),(1414,'a command',0,362),(1415,'a farm',0,362),(1416,'a report',1,362),(1417,'something expensive',1,363),(1418,'something delicious',0,363),(1419,'something cheap',0,363),(1420,'something heavy',0,363),(1421,'The heat should be very hot.',0,364),(1422,'The heat should be medium.',1,364),(1423,'The heat should be very low.',0,364),(1424,'The heat should be turned off.',0,364),(1425,'to start again',0,365),(1426,'to be stolen',0,365),(1427,'to break into pieces',0,365),(1428,'to stop working suddenly',1,365),(1429,'a stick',1,366),(1430,'a ball',0,366),(1431,'a hole',0,366),(1432,'a box',0,366),(1433,'a little hot',1,367),(1434,'very warm',0,367),(1435,'quite cold',0,367),(1436,'freezing',0,367),(1437,'on top of the refrigerator',0,368),(1438,'in front of the refrigerator',0,368),(1439,'behind the refrigerator',1,368),(1440,'to the left of the refrigerator',0,368),(1441,'houses for sale',0,369),(1442,'houses to let',1,369),(1443,'houses to buy',0,369),(1444,'land to build a house on',0,369),(1445,'The wire is not good.',0,370),(1446,'The wire is not protected.',1,370),(1447,'The wire is not carrying electricity.',0,370),(1448,'The wire is not visible.',0,370),(1449,'an unusual one',0,371),(1450,'the first one',0,371),(1451,'an ordinary one',1,371),(1452,'the last one',0,371),(1453,'It was too expensive.',0,372),(1454,'There was a lot of fruit in stock.',0,372),(1455,'It had gone bad.',1,372),(1456,'She didn\'t feel like eating fruit.',0,372),(1457,'I\'ll tell you anything you want to know.',0,373),(1458,'I\'ll help in any way I can.',1,373),(1459,'I won\'t be able to stop laughing.',0,373),(1460,'I haven\'t thought about him in years.',0,373),(1461,'The camera is out of order.',0,374),(1462,'The film is out of order.',1,374),(1463,'There is no film in the camera.',0,374),(1464,'The film is sold out.',0,374),(1465,'through blood',1,375),(1466,'by a human mistake',0,375),(1467,'through an animal',0,375),(1468,'through food',0,375),(1469,'His eye was hit by a baseball.',1,376),(1470,'The light of the sun hurt his eyes.',0,376),(1471,'He sat through last night\'s game.',0,376),(1472,'He was expelled from last night\'s game.',0,376),(1473,'I\'d like to have them both.',1,377),(1474,'I drink it when it\'s cold.',0,377),(1475,'We don\'t have to stay here long.',0,377),(1476,'I\'d like a cup of coffee, please.',0,377),(1477,'She has just graduated from college.',0,378),(1478,'She never graduated from college.',0,378),(1479,'She will be studying at college.',0,378),(1480,'She is going to graduate from college.',1,378),(1481,'They were alternated.',0,379),(1482,'They were congratulated.',0,379),(1483,'They were discharged.',1,379),(1484,'They were graduated.',0,379),(1485,'He frightened them.',0,380),(1486,'He repelled them.',1,380),(1487,'He trusted them.',0,380),(1488,'He made friends with them.',0,380),(1489,'Her voice is beautiful.',0,381),(1490,'Her house is beautiful.',0,381),(1491,'Her face is beautiful.',0,381),(1492,'Her body shape is beautiful.',1,381),(1493,'He was chosen to deal with the crisis.',1,382),(1494,'He couldn\'t get out of the trouble.',0,382),(1495,'He was blamed for the mistake.',0,382),(1496,'He successfully solved the problem.',0,382),(1497,'He drew it up.',0,383),(1498,'He is against it.',1,383),(1499,'He is explaining it.',0,383),(1500,'He will carry it out.',0,383),(1501,'He is searching for a brand-new car.',1,384),(1502,'He is testing his new car.',0,384),(1503,'He is shopping for a second-hand car.',0,384),(1504,'He is selling a second-hand car.',0,384),(1505,'He went ahead of us.',0,385),(1506,'He would come with us.',0,385),(1507,'He wanted to join us.',1,385),(1508,'He could go with us.',0,385),(1509,'A schedule was lost.',0,386),(1510,'A schedule was destroyed.',0,386),(1511,'A schedule was found.',0,386),(1512,'A schedule was established.',1,386),(1513,'I\'m grateful to you.',1,387),(1514,'I think nothing of it.',0,387),(1515,'I can\'t wait to have it.',0,387),(1516,'I totally agree with you.',0,387),(1517,'There is no one in the waiting room.',0,388),(1518,'There are a lot of people in the waiting room.',1,388),(1519,'There are few people in the waiting room.',0,388),(1520,'There are a few people in the waiting room.',0,388),(1521,'She must roll it up.',1,389),(1522,' She must double it over.',0,389),(1523,'She must clean it up.',0,389),(1524,'She must read it again.',0,389),(1525,'It was raining.',0,390),(1526,'There was a lot of snow.',0,390),(1527,'It was getting dark.',0,390),(1528,'The visibility was poor.',1,390),(1529,'She became very happy.',0,391),(1530,'She received a surprise.',0,391),(1531,'She felt unsteady.',1,391),(1532,'She got a good deal.',0,391),(1533,'Mr. Johnson is their cousin.',0,392),(1534,'Mr. Johnson is their father.',1,392),(1535,'Mr. Johnson is their brother.',0,392),(1536,'Mr. Johnson is their uncle.',0,392),(1537,'Harry wanted a sedan.',0,393),(1538,'Harry didn\'t want a sports car.',0,393),(1539,'Harry bought a sedan.',1,393),(1540,'Harry bought a sports car.',0,393),(1541,'They have to receive extensive training.',1,394),(1542,'They train lightly because of exhaustion.',0,394),(1543,'They skip extensive training.',0,394),(1544,'They dislike extensive training.',0,394),(1545,'It is just around the corner.',1,395),(1546,'It is coming to an end.',0,395),(1547,'It is about to finish.',0,395),(1548,'It is never too late.',0,395),(1549,'It mixed the shells up.',1,396),(1550,'It put in the shells.',0,396),(1551,'It fired the shells out.',0,396),(1552,'It threw away the shells.',0,396),(1553,'Their friends won\'t use the seats.',1,397),(1554,'Their friends are in the seats.',0,397),(1555,'The seats for their friends are cheap.',0,397),(1556,'The seats are being held for their friends.',0,397),(1557,'He is behind in his schoolwork.',1,398),(1558,'He is good at his schoolwork.',0,398),(1559,'He is the best student in class.',0,398),(1560,'He is sitting in the back row of the classroom.',0,398),(1561,'It is not working.',1,399),(1562,'It has broken into pieces.',0,399),(1563,'It is ready for sale.',0,399),(1564,'It was broadcast live.',0,399),(1565,'You and I are alike.',0,400),(1566,'I think I\'ve seen you before.',1,400),(1567,'I know you very well.',0,400),(1568,'You look like someone in my family.',0,400),(1569,'He is getting a shot.',1,401),(1570,'He is getting weighed.',0,401),(1571,'He is being examined.',0,401),(1572,'He is being rescued.',0,401),(1573,'Don\'t forget to write her a letter.',0,402),(1574,'Don\'t forget to see her tomorrow.',0,402),(1575,'Don\'t forget to send her a telegram.',0,402),(1576,'Don\'t forget to telephone her.',1,402),(1577,'cost',0,403),(1578,'length',0,403),(1579,'size',0,403),(1580,'temperature',1,403),(1581,'a steering device',0,404),(1582,'a source of power',1,404),(1583,'a job to do',0,404),(1584,'a way of stopping',0,404),(1585,'show her how to write',0,405),(1586,'give her something to do',0,405),(1587,'give her a pen to use',1,405),(1588,'show her around',0,405),(1589,'look for mistakes',1,406),(1590,'write it again',0,406),(1591,'begin a new job',0,406),(1592,'pay him for his work',0,406),(1593,'a way into the room',0,407),(1594,'a way out of the room',1,407),(1595,'a way to go though the window',0,407),(1596,'a way to lock the door',0,407),(1597,'in a fancy restaurant',0,408),(1598,'at a noodle stand',0,408),(1599,'in a fast food restaurant',1,408),(1600,'in a Chinese restaurant',0,408),(1601,'It was just cooked.',1,409),(1602,'It was a warm day.',0,409),(1603,'I already finished eating.',0,409),(1604,'That\'s my favorite meal.',0,409),(1605,'The girl looks nothing like her sister.',0,410),(1606,'The girl looks a lot like the woman\'s sister.',1,410),(1607,'The girl acts like she\'s the woman\'s sister.',0,410),(1608,'The girl is a little taller.',0,410),(1609,'The cars are too heavy.',0,411),(1610,'The road is quite wide.',0,411),(1611,'The cars cannot go very fast.',0,411),(1612,'The cars cannot pass each other.',1,411),(1613,'It\'s a good place for exercising.',0,412),(1614,'It\'s quiet there.',1,412),(1615,'It\'s noisy there.',0,412),(1616,'It\'s near their house.',0,412),(1617,'slowly',0,413),(1618,'fast',1,413),(1619,'well',0,413),(1620,'straight',0,413),(1621,'It will probably rain.',1,414),(1622,'It will not rain.',0,414),(1623,'It will rain for sure.',0,414),(1624,'It is impossible to rain this weekend.',0,414),(1625,'They moved to the city.',0,415),(1626,'They left the city.',0,415),(1627,'They did some sightseeing.',1,415),(1628,'The didn\'t like the city.',0,415),(1629,'It is very important.',0,416),(1630,'It is not woking very well.',1,416),(1631,'It is destroyed.',0,416),(1632,'It needs to be recharged.',0,416),(1633,'A disaster was avoided.',0,417),(1634,'A disaster was predicted.',0,417),(1635,'A disaster occurred.',1,417),(1636,'A disaster passed.',0,417),(1637,'We had breakfast.',0,418),(1638,'We exercised.',0,418),(1639,'We talked.',1,418),(1640,'We relaxed.',0,418),(1641,'She wants us to stop playing around.',0,419),(1642,'She wants us to wake up soon.',0,419),(1643,'She wants us not to ride the horses.',0,419),(1644,'She wants us to stop hanging around.',1,419),(1645,'the dock',1,420),(1646,'the raft',0,420),(1647,'the truck',0,420),(1648,'the swimming pool',0,420),(1649,'drink it ',0,421),(1650,'rub it on',1,421),(1651,'dry it out',0,421),(1652,'paint it',0,421),(1653,'before they learned English',0,422),(1654,'before 2005',0,422),(1655,'in 2005',1,422),(1656,'to attend flight school',0,422),(1657,'a weapon',0,423),(1658,'a signal',0,423),(1659,'an award',0,423),(1660,'an assignment',1,423),(1661,'David drilled it.',1,424),(1662,'David sewed it.',0,424),(1663,'David wrote it.',0,424),(1664,'David bought it.',0,424),(1665,'He wants to wait before going to the beach.',0,425),(1666,'He is excited about going to the beach.',1,425),(1667,'He doesn\'t care for being outdoors.',0,425),(1668,'He has to wait on the beach.',0,425),(1669,'once a day',0,426),(1670,'two times a day',1,426),(1671,'once each two days',0,426),(1672,'three times a day',0,426),(1673,'It rains very often.',0,427),(1674,'It remains the same.',0,427),(1675,'It is always hot.',0,427),(1676,'It changes often.',1,427),(1677,'Yes, they use traffic lights.',1,428),(1678,'Yes, they use helicopters.',0,428),(1679,'Yes, they use radios.',0,428),(1680,'Yes, they use police cars.',0,428),(1681,'handle the books',0,429),(1682,'test the magazines',0,429),(1683,'have a quick look at them',1,429),(1684,'buy a few of them',0,429),(1685,'I answer James\' call.',0,430),(1686,'I fought with James.',0,430),(1687,'I met James',1,430),(1688,'I scolded James.',0,430),(1689,'Yes, she is happy and carefree.',1,431),(1690,'Yes, she is English.',0,431),(1691,'Nom she is carefree and happy.',0,431),(1692,'No, she is saleswoman.',0,431),(1693,'to indicate atmospheric pressure',0,432),(1694,'to record air speed',0,432),(1695,'to measure precipitation',0,432),(1696,'to regulate temperature',1,432),(1697,'because the car is rough',0,433),(1698,'because the car is hot and dry',0,433),(1699,'because the car stops',0,433),(1700,'because the car slides easily',1,433),(1701,'buy a newspaper',0,434),(1702,'take a bus',1,434),(1703,'see a doctor',0,434),(1704,'go to bed early',0,434),(1705,'She thinks she will fail the course.',0,435),(1706,'She thinks she will succeed.',1,435),(1707,'She wants to drop the course.',0,435),(1708,'She wants to take it over.',0,435),(1709,'Yes, they will provide one for us.',1,436),(1710,'Yes, they will sell one to us.',0,436),(1711,'Yes, they will want one from us.',0,436),(1712,'Yes, they will change one.',0,436),(1713,'He can\'t see very well.',0,437),(1714,'He is mute.',0,437),(1715,'It is hard to listen to him singing.',0,437),(1716,'There is a problem with his hearing.',1,437),(1717,'He is worse than David.',0,438),(1718,'He is more handsome than David.',0,438),(1719,'He is much better than David.',1,438),(1720,'He is a better friend than David.',0,438),(1721,'He gave them a briefing.',0,439),(1722,'He organized their vehicles.',0,439),(1723,'He gave them a big hand.',0,439),(1724,'He watched them march.',1,439),(1725,'You will very likely feel cold.',0,440),(1726,'You will very likely feel warm.',0,440),(1727,'You will very likely get sick.',1,440),(1728,'You will very likely buy a coat.',0,440),(1729,'I don\'t like to read.',0,441),(1730,'I like to read all the time.',0,441),(1731,'I like to read about cars.',0,441),(1732,'I like to read when I am free.',1,441),(1733,'There was an ambulance behind John.',1,442),(1734,'There was a taxi behind John.',0,442),(1735,'There was music behind John.',0,442),(1736,'There was a bicycle behind John.',0,442),(1737,'The weather is bad.',0,443),(1738,'The work is too hard.',0,443),(1739,'The road is rough.',1,443),(1740,'The picture is all right.',0,443),(1741,'He took it away.',1,444),(1742,'He bought it.',0,444),(1743,'He took off its cover.',0,444),(1744,'He read it.',0,444),(1745,'The solution was unknown.',0,445),(1746,'The solution was apparent.',1,445),(1747,'The solution was dangerous.',0,445),(1748,'The solution was essential.',0,445),(1749,'It must be flat.',1,446),(1750,'It must be long.',0,446),(1751,'It must be square.',0,446),(1752,'It must be large.',0,446),(1753,'We confused the enemy.',0,447),(1754,'We met the enemy.',1,447),(1755,'We defeated the enemy.',0,447),(1756,'We avoided the enemy.',0,447),(1757,'Mary will compete with the female candidate.',0,448),(1758,'Mary will choose the female candidate.',1,448),(1759,'Mary doesn\'t like the female candidate.',0,448),(1760,'Mary will work for the female candidate.',0,448),(1761,'It can\'t fit.',0,449),(1762,'He doesn\'t own it.',1,449),(1763,'It was too heavy for him.',0,449),(1764,'He doesn\'t like it.',0,449),(1765,'He didn\'t see the passengers.',0,450),(1766,'He didn\'t like the noise it made.',0,450),(1767,'He didn\'t see the plane landing.',1,450),(1768,'He didn\'t know the arrival time.',0,450),(1769,'Peter can\'t understand them.',0,451),(1770,'Peter can\'t stand up to them.',0,451),(1771,'Peter will make them stand up.',0,451),(1772,'Peter can\'t tolerate them.',1,451),(1773,'They\'re becoming longer.',0,452),(1774,'They\'re becoming more interesting.',0,452),(1775,'They\'re becoming more rigid.',1,452),(1776,'They\'re becoming more important.',0,452),(1777,'They saved him.',1,453),(1778,'They surrounded him.',0,453),(1779,'They located him.',0,453),(1780,'They buried him.',0,453),(1781,'She doesn\'t know the truth.',0,454),(1782,'She wants to tell the truth.',0,454),(1783,'She is willing to tell the truth.',0,454),(1784,'She doesn\'t want to tell the truth.',1,454),(1785,'They neglected his warning.',0,455),(1786,'They liked his warning.',0,455),(1787,'They forgot his warning.',0,455),(1788,'They remembered his warning.',1,455),(1789,'this kind of watch is very expensive.',0,456),(1790,'This kind of watch breaks easily.',0,456),(1791,'You cannot buy this kind of watch anymore.',1,456),(1792,'You will not like this kind of watch.',0,456),(1793,'It is good for insulation.',0,457),(1794,'It burns easily.',1,457),(1795,'It is easy to lose.',0,457),(1796,'It is very expensive.',0,457),(1797,'He dislikes them very much.',0,458),(1798,'He makes them angry.',0,458),(1799,'He has great trouble working with them.',0,458),(1800,'He has a high regard for them.',1,458),(1801,'I was sick last night.',1,459),(1802,'I finished last night.',0,459),(1803,'I went running last night.',0,459),(1804,'I was in a rush last night.',0,459),(1805,'I don’t want to see your new home.',0,460),(1806,'I don’t  want anything in your new home.',0,460),(1807,'I really want to see your new home.',1,460),(1808,'I would give anything to have a new home.',0,460),(1809,'The damage wasn’t necessary.',0,461),(1810,'There was only a little damage.',1,461),(1811,'No damage was detected.',0,461),(1812,'There was major damage.',0,461),(1813,'He has enough time',1,462),(1814,'He hasn’t enough time.',0,462),(1815,'He has extra time.',0,462),(1816,'He has limited time.',0,462),(1817,'She wanted to know the cost.',0,463),(1818,'She wanted to know the means.',1,463),(1819,'She wanted to know the answer.',0,463),(1820,'She wanted to know the reason.',0,463),(1821,'a house',0,464),(1822,'a trip',0,464),(1823,'a car',1,464),(1824,'a friend',0,464),(1825,'The man should buy new clothing.',0,465),(1826,'The man has poor taste in clothing.',0,465),(1827,'The man should try to find his belt.',0,465),(1828,'The man should lose weight.',1,465),(1829,'It was expanded five months ago.',0,466),(1830,'It was started five months ago.',1,466),(1831,'It was moved five months ago.',0,466),(1832,'It was closed five months ago.',0,466),(1833,'It matched her furniture.',0,467),(1834,'It was a bargain.',0,467),(1835,'It was nice to site in.',1,467),(1836,'It was a pretty color.',0,467),(1837,'He paid for it ahead of time.',1,468),(1838,'He paid for it little by little.',0,468),(1839,'He paid for it with a loan.',0,468),(1840,'He paid for it with a check.',0,468),(1841,'to work',0,469),(1842,'on a trip',1,469),(1843,'to school',0,469),(1844,'on a picnic',0,469),(1845,'He wanted to go to bed.',0,470),(1846,'He wanted to get cleaned up.',0,470),(1847,'He wanted to drink something cold.',0,470),(1848,'He wanted to get somewhere fast.',1,470),(1849,'His house was pretty.',0,471),(1850,'His house was old.',0,471),(1851,'His house was big.',1,471),(1852,'His house was modern.',0,471),(1853,'She was studying how to build things.',1,472),(1854,'She was studying how to write stories.',0,472),(1855,'She was studying how to teach children.',0,472),(1856,'She was studying how to fix teeth.',0,472),(1857,'descending',0,473),(1858,'shacking',1,473),(1859,'rolling',0,473),(1860,'climbing',0,473),(1861,'He is careless.',0,474),(1862,'He is at fault.',0,474),(1863,'He is lazy.',0,474),(1864,'He likes to criticize.',1,474),(1865,'play ball',1,475),(1866,'eat supper',0,475),(1867,'work',0,475),(1868,'sleep',0,475),(1869,'putting off the meeting',1,476),(1870,'canceling the meeting',0,476),(1871,'attending the meeting',0,476),(1872,'holding a meeting',0,476),(1873,'took some medicine',0,477),(1874,'ran away',0,477),(1875,'got a ticket',0,477),(1876,'said he was sorry',1,477),(1877,'in a trailer home',0,478),(1878,'far from the base',0,478),(1879,'near from the base',1,478),(1880,'on the other side of town',0,478),(1881,'give them a briefing',0,479),(1882,'see how the class was conduct',0,479),(1883,'teach the class',1,479),(1884,'interview the student',0,479),(1885,'the speed',1,480),(1886,'the angle',0,480),(1887,'the diameter',0,480),(1888,'the circumference',0,480),(1889,'decorating a house',0,481),(1890,'selling a house',0,481),(1891,'building a house',1,481),(1892,'tearing down a house',0,481),(1893,'to be net',0,482),(1894,'to be fair',0,482),(1895,'to be truthful',0,482),(1896,'to be on time',1,482),(1897,'He threw them away.',1,483),(1898,'He published them.',0,483),(1899,'He put them on.',0,483),(1900,'He kicked them off.',0,483),(1901,'go up and down',1,484),(1902,'stay the same',0,484),(1903,'rise steadily',0,484),(1904,'fall steadily',0,484),(1905,'a sharp mind',0,485),(1906,'explosives',0,485),(1907,'the desire to succeed',1,485),(1908,'a prolonged illness',0,485),(1909,'come and pick him up',0,486),(1910,'cook some food for him',0,486),(1911,'buy some food',1,486),(1912,'order some food at home',0,486),(1913,'to write to the doctor',0,487),(1914,'to call the doctor',0,487),(1915,'to find out about the doctor',0,487),(1916,'to go see the doctor',1,487),(1917,'She allowed John to take the car.',1,488),(1918,'She warned John not to take the car.',0,488),(1919,'She ordered John to drive the car.',0,488),(1920,'She gave John a ride in the car.',0,488),(1921,'the time of the meeting',1,489),(1922,'how to repair the radio',0,489),(1923,'where Main Street is',0,489),(1924,'what to buy',0,489),(1925,'She’ll ask for the money.',0,490),(1926,'She’ll complain.',0,490),(1927,'She’ll stop working so hard.',0,490),(1928,'She’ll leave her job.',1,490),(1929,'after a while',0,491),(1930,'within minutes',1,491),(1931,'after a week',0,491),(1932,'in a day',0,491),(1933,'We agree with them.',0,492),(1934,'We employ them.',0,492),(1935,'We unite them.',0,492),(1936,'We contact them.',1,492),(1937,'act like their parents',1,493),(1938,'help their parents',0,493),(1939,'admire the parents',0,493),(1940,'live with their parents',0,493),(1941,'She turned him down.',0,494),(1942,'She got lost.',0,494),(1943,'She didn’t show up.',1,494),(1944,'She was late.',0,494),(1945,'He found that his work was hard.',0,495),(1946,'He started doing his work.',0,495),(1947,'He started looking for work.',0,495),(1948,'He made sure his work was right.',1,495),(1949,'He was not sure of the scores.',0,496),(1950,'He was unhappy with the scores.',1,496),(1951,'He was studying the scores.',0,496),(1952,'He was evaluating the scores.',0,496),(1953,'There were no results.',0,497),(1954,'There were no expectations.',0,497),(1955,'The results were not what Major Wilson expected.',1,497),(1956,'The results were what Major Wilson expected.',0,497),(1957,'I knew I would pass the exam.',0,498),(1958,'I didn’t make it.',0,498),(1959,'I didn’t think I would pass the exam.',1,498),(1960,'I’m not surprised by the results.',0,498),(1961,'They were praised.',0,499),(1962,'They were congratulated.',0,499),(1963,'They were kicked out.',1,499),(1964,'They graduated.',0,499),(1965,'They repelled it.',1,500),(1966,'They prevented it.',0,500),(1967,'They missed it.',0,500),(1968,'They started it.',0,500),(1969,'There was a traffic jam this morning.',1,501),(1970,'There was a car accident this morning.',0,501),(1971,'Cars were going at a high speed.',0,501),(1972,'The traffic light was out of order.',0,501),(1973,'The song makes her sad.',0,502),(1974,'The song is about love.',0,502),(1975,'She knows the singer very well.',0,502),(1976,'She has memorized the song.',1,502),(1977,'We must feed them.',0,503),(1978,'We must hit them.',0,503),(1979,'We must treat them.',0,503),(1980,'We must locate them.',1,503),(1981,'The washing machine is not working properly.',1,504),(1982,'The machine is user-friendly.',0,504),(1983,'The price of this washing machine is going up.',0,504),(1984,'The washing machine is now for sale.',0,504),(1985,'He won the lottery.',0,505),(1986,'He always thinks of the lottery.',1,505),(1987,'He has never bought any lottery tickets.',0,505),(1988,'Winning the lottery made him rich.',0,505),(1989,'I hailed a taxi.',0,506),(1990,'I was diving taxi.',0,506),(1991,'The taxi almost hit me.',1,506),(1992,'I was waiting for a taxi.',0,506),(1993,'A schedule was destroyed.',0,507),(1994,'A schedule was lost.',0,507),(1995,'A schedule was established.',1,507),(1996,'A schedule was found.',0,507),(1997,'James is confident about himself.',0,508),(1998,'James is proud of them.',0,508),(1999,'James is not true to himself.',0,508),(2000,'James lacks self-confidence.',1,508),(2001,'They had a normal day.',0,509),(2002,'They worked hard during the emergency.',1,509),(2003,'They had a practice drill.',0,509),(2004,'They had a false alarm.',0,509),(2005,'Don\'t let her tell.',0,510),(2006,'Don\'t tell her.',1,510),(2007,'Don\'t talk about her.',0,510),(2008,'Don\'t forget to tell her.',0,510),(2009,'It is said that he is having an affair.',1,511),(2010,'We believe he is having an affair.',0,511),(2011,'The rumor is not fair.',0,511),(2012,'We\'ve never heard the rumor.',0,511),(2013,'It was raining.',0,512),(2014,'The visibility was poor.',1,512),(2015,'It was getting dark.',0,512),(2016,'There was a lot of snow.',0,512),(2017,'She received a surprise.',0,513),(2018,'She became very happy.',0,513),(2019,'She got a good deal.',0,513),(2020,'She felt unsteady.',1,513),(2021,'That medicine tasted bitter.',0,514),(2022,'That medicine worked miracles.',1,514),(2023,'The medicine tasted like wine.',0,514),(2024,'The medicine was prescribed carefully.',0,514),(2025,'They deserted their children.',0,515),(2026,'They moved because of their children.',1,515),(2027,'Their children didn\'t move with them.',0,515),(2028,'They sent their children to Manhattan.',0,515),(2029,'Harry bought a sedan.',1,516),(2030,'Harry bought a sports car.',0,516),(2031,'Harry wanted a sedan.',0,516),(2032,'Harry didn\'t want a sports car.',0,516),(2033,'They skip extensive training.',0,517),(2034,'They dislike extensive training.',0,517),(2035,'They have to receive extensive training.',1,517),(2036,'They train lightly because of exhaustion.',0,517),(2037,'You should have called me.',0,518),(2038,'You are supposed to call me after meeting me.',0,518),(2039,'Let me know if you cannot come.',1,518),(2040,'Call me when you arrive.',0,518),(2041,'It put in the shells.',0,519),(2042,'It mixed the shells.',0,519),(2043,'It threw out the shells.',0,519),(2044,'It fired the shells.',1,519),(2045,'The table is being held for their friends.',1,520),(2046,'The table for their friends is cheap.',0,520),(2047,'Their friends are in the seats.',0,520),(2048,'Their friends won\'t use the seats.',0,520),(2049,'It is good to hear you say that.',0,521),(2050,'It\'s getting chilly.',0,521),(2051,'It\'s perfect for cooking.',0,521),(2052,'It feels very hot.',1,521),(2053,'Don\'t forget to write her a letter.',0,522),(2054,'Don\'t forget to see her tomorrow.',0,522),(2055,'Don\'t forget to send her an e-mail.',0,522),(2056,'Don\'t forget to telephone her.',1,522),(2057,'turn right at the next corner',0,523),(2058,'give the woman a ride',0,523),(2059,'look for a taxi',1,523),(2060,'send a taxi immediately',0,523),(2061,'She doesn\'t like the man.',0,524),(2062,'She doesn\'t know how to paint.',0,524),(2063,'It\'s in the morning.',0,524),(2064,'She has an appointment to meet someone.',1,524),(2065,'He received a present at the meeting.',0,525),(2066,'He enjoyed the meeting.',0,525),(2067,'He attended the meeting.',1,525),(2068,'He was the speaker.',0,525),(2069,'Richard has been standing in the wrong place.',0,526),(2070,'Richard hasn\'t heard it correctly.',0,526),(2071,'Richard doesn\'t know what it means.',1,526),(2072,'Richard means everything he says.',0,526),(2073,'She should treat him to dinner.',0,527),(2074,'It\'s very easy.',0,527),(2075,'He\'s hungry.',0,527),(2076,'It\'s too difficult for him.',1,527),(2077,'He doesn\'t like his new apartment.',0,528),(2078,'Someone is standing behind him.',0,528),(2079,'His back aches.',1,528),(2080,'Someone is trying to kill him.',0,528),(2081,'Colonel Roberts will not give a speech.',0,529),(2082,'Colonel Roberts will ignore the speaker.',0,529),(2083,'Colonel Roberts will be the main speaker.',1,529),(2084,'Colonel Roberts will introduce the speaker.',0,529),(2085,'a chef',0,530),(2086,'a customer',0,530),(2087,'a waitress',1,530),(2088,'a janitor',0,530),(2089,'one',1,531),(2090,'a few',0,531),(2091,'two',0,531),(2092,'none',0,531),(2093,'stop working',0,532),(2094,'do the work better',0,532),(2095,'continue to work',1,532),(2096,'do the work over again',0,532),(2101,'during',0,537),(2102,'since',1,537),(2103,'between',0,537),(2104,'for',0,537),(2109,'Yes, I do.',1,539),(2110,'Yes, I did.',0,539),(2111,'No, I do.',0,539),(2112,'No, I did.',0,539),(2113,'officer',0,540),(2114,'officers',0,540),(2115,'a officer',1,540),(2116,'an officer',0,540);
/*!40000 ALTER TABLE `alcpt_choice` ENABLE KEYS */;
UNLOCK TABLES;

--
-- Table structure for table `alcpt_department`
--

DROP TABLE IF EXISTS `alcpt_department`;
/*!40101 SET @saved_cs_client     = @@character_set_client */;
/*!50503 SET character_set_client = utf8mb4 */;
CREATE TABLE `alcpt_department` (
  `id` int NOT NULL AUTO_INCREMENT,
  `name` varchar(10) NOT NULL,
  PRIMARY KEY (`id`),
  UNIQUE KEY `name` (`name`)
) ENGINE=InnoDB AUTO_INCREMENT=6 DEFAULT CHARSET=utf8mb3;
/*!40101 SET character_set_client = @saved_cs_client */;

--
-- Dumping data for table `alcpt_department`
--

LOCK TABLES `alcpt_department` WRITE;
/*!40000 ALTER TABLE `alcpt_department` DISABLE KEYS */;
INSERT INTO `alcpt_department` VALUES (2,'法律系'),(3,'財管系'),(1,'資管系'),(4,'運籌系');
/*!40000 ALTER TABLE `alcpt_department` ENABLE KEYS */;
UNLOCK TABLES;

--
-- Table structure for table `alcpt_exam`
--

DROP TABLE IF EXISTS `alcpt_exam`;
/*!40101 SET @saved_cs_client     = @@character_set_client */;
/*!50503 SET character_set_client = utf8mb4 */;
CREATE TABLE `alcpt_exam` (
  `id` int NOT NULL AUTO_INCREMENT,
  `name` varchar(100) NOT NULL,
  `exam_type` smallint unsigned NOT NULL,
  `use_freq` int NOT NULL,
  `average_score` double NOT NULL,
  `start_time` datetime(6) DEFAULT NULL,
  `created_time` datetime(6) NOT NULL,
  `duration` smallint unsigned NOT NULL,
  `finish_time` datetime(6) DEFAULT NULL,
  `is_public` tinyint(1) NOT NULL,
  `created_by_id` int NOT NULL,
  `testpaper_id` int DEFAULT NULL,
  `modified_time` datetime(6) DEFAULT NULL,
  `remaining_time` bigint DEFAULT NULL,
  `is_started` tinyint(1) NOT NULL,
  PRIMARY KEY (`id`),
  UNIQUE KEY `name` (`name`),
  KEY `alcpt_exam_created_by_id_3e8088e6_fk_alcpt_user_id` (`created_by_id`),
  KEY `alcpt_exam_testpaper_id_6048fb92_fk_alcpt_testpaper_id` (`testpaper_id`),
  CONSTRAINT `alcpt_exam_created_by_id_3e8088e6_fk_alcpt_user_id` FOREIGN KEY (`created_by_id`) REFERENCES `alcpt_user` (`id`),
  CONSTRAINT `alcpt_exam_testpaper_id_6048fb92_fk_alcpt_testpaper_id` FOREIGN KEY (`testpaper_id`) REFERENCES `alcpt_testpaper` (`id`)
) ENGINE=InnoDB AUTO_INCREMENT=234 DEFAULT CHARSET=utf8mb3;
/*!40101 SET character_set_client = @saved_cs_client */;

--
-- Dumping data for table `alcpt_exam`
--

LOCK TABLES `alcpt_exam` WRITE;
/*!40000 ALTER TABLE `alcpt_exam` DISABLE KEYS */;
INSERT INTO `alcpt_exam` VALUES (62,'閱讀練習-2020/12/29 15:53:01',4,0,0,NULL,'2020-12-29 15:53:01.810352',0,NULL,0,5,54,NULL,NULL,0),(63,'聽力練習-2020/12/29 15:53:17',3,0,0,NULL,'2020-12-29 15:53:17.409845',0,NULL,0,5,55,NULL,NULL,0),(64,'123',1,0,6,'2020-12-29 19:35:00.000000','2020-12-29 19:37:24.881949',4,'2020-12-29 19:39:00.000000',1,5,56,NULL,NULL,0),(65,'12345676879',1,0,26,'2020-12-29 19:50:00.000000','2020-12-29 19:51:06.719948',10,'2020-12-29 20:00:00.000000',1,5,56,NULL,NULL,0),(66,'第一次模擬考',1,0,20,'2020-12-29 21:00:00.000000','2020-12-29 21:00:49.338994',5,'2020-12-29 21:05:00.000000',1,5,56,NULL,NULL,0),(67,'閱讀練習-2021/01/04 10:46:14',4,0,30,NULL,'2021-01-04 10:46:14.842559',0,NULL,0,9,57,NULL,NULL,0),(68,'123213',1,0,20,'2021-01-18 10:45:00.000000','2021-01-18 10:49:12.359241',10,'2021-01-18 10:55:00.000000',1,5,56,NULL,NULL,0),(69,'閱讀練習-2021/01/25 10:34:42',4,0,0,NULL,'2021-01-25 10:34:42.813712',0,NULL,0,9,58,NULL,NULL,0),(70,'123123123',1,0,0,'2021-01-25 10:40:00.000000','2021-01-25 10:40:25.297416',10,'2021-01-25 10:50:00.000000',1,9,59,NULL,NULL,0),(71,'閱讀練習-2021/01/25 10:56:36',4,0,0,NULL,'2021-01-25 10:56:36.140818',0,NULL,0,9,60,NULL,NULL,0),(72,'閱讀練習-2021/01/25 11:15:04',4,0,0,NULL,'2021-01-25 11:15:04.168914',0,NULL,0,9,61,NULL,NULL,0),(73,'閱讀練習-2021/01/25 11:31:34',4,0,50,NULL,'2021-01-25 11:31:34.643907',0,NULL,0,19,62,NULL,NULL,0),(74,'1919',1,0,100,'2021-02-01 10:35:00.000000','2021-02-01 10:36:27.080283',5,'2021-02-01 10:40:00.000000',1,5,56,NULL,NULL,0),(75,'聽力練習-2021/03/13 16:31:15',3,0,20,NULL,'2021-03-13 16:31:15.411493',0,'2021-03-13 16:41:15.000000',0,5,63,NULL,NULL,0),(76,'聽力練習-2021/10/12 15:20:23',3,0,30,NULL,'2021-10-12 15:20:23.721156',0,'2021-10-12 15:30:26.326833',0,36,65,'2021-10-12 15:20:26.326833',600,1),(77,'閱讀練習-2021/10/12 15:22:55',4,0,0,NULL,'2021-10-12 15:22:55.201898',0,'2021-10-12 15:27:57.408505',0,36,66,'2021-10-12 15:22:57.408505',300,1),(78,'Angel',1,0,32,'2021-10-12 16:45:00.000000','2021-10-12 16:43:25.931267',30,'2021-10-12 17:15:00.000000',1,36,67,NULL,NULL,1),(79,'閱讀練習-2021/10/19 14:09:13',4,0,40,NULL,'2021-10-19 14:09:13.505566',0,NULL,0,36,68,NULL,NULL,1),(80,'閱讀練習-2021/11/04 10:26:26',4,0,20,NULL,'2021-11-04 10:26:26.463132',0,'2021-11-04 10:36:34.591087',0,36,69,'2021-11-04 10:26:34.591087',600,1),(81,'閱讀練習-2021/11/04 10:52:44',4,0,10,NULL,'2021-11-04 10:52:44.562992',0,'2021-11-04 10:54:50.588715',0,36,70,'2021-11-04 10:52:50.588715',120,1),(82,'聽力練習-2021/11/04 11:00:18',3,0,30,NULL,'2021-11-04 11:00:18.196655',0,'2021-11-04 12:39:21.951871',0,36,71,'2021-11-04 11:00:21.951871',5940,1),(83,'聽力練習-2021/11/04 23:10:25',3,0,30,NULL,'2021-11-04 23:10:26.020932',0,'2021-11-05 00:51:14.919167',0,36,72,'2021-11-04 23:24:01.919167',5233,1),(84,'1101130',1,0,86,'2021-11-30 11:00:00.000000','2021-11-30 11:00:04.836102',20,'2021-11-30 11:20:00.000000',1,36,56,NULL,NULL,1),(85,'1101201',1,0,26,'2021-12-02 11:45:00.000000','2021-12-02 11:44:56.574885',5,'2021-12-02 11:50:00.000000',1,36,56,NULL,NULL,1),(86,'1101207',1,0,0,'2021-12-07 14:40:00.000000','2021-12-07 14:41:51.857647',10,'2021-12-07 14:50:00.000000',1,36,56,NULL,NULL,0),(87,'模擬考001',1,0,73.2,'2022-03-12 23:10:00.000000','2022-03-12 23:08:34.853241',40,'2022-03-12 23:50:00.000000',1,36,73,NULL,NULL,1),(88,'test12345',1,0,0,'2022-05-03 11:10:00.000000','2022-05-03 11:11:16.885923',2,'2022-05-03 11:12:00.000000',1,36,56,NULL,NULL,1),(89,'listentest',1,0,0,'2022-05-03 11:10:00.000000','2022-05-03 11:12:49.589970',5,'2022-05-03 11:15:00.000000',1,36,79,NULL,NULL,1),(90,'0511',1,0,0,'2022-05-12 15:25:00.000000','2022-05-12 15:26:35.246240',5,'2022-05-12 15:30:00.000000',1,36,56,NULL,NULL,1),(91,'0510',1,0,90,'2022-05-12 15:50:00.000000','2022-05-12 15:52:26.079961',8,'2022-05-12 15:58:00.000000',1,36,80,NULL,NULL,1),(92,'閱讀練習-2022/05/12 16:43:41',4,0,40,NULL,'2022-05-12 16:43:41.081291',0,NULL,0,36,81,NULL,NULL,1),(93,'閱讀練習-2022/05/12 17:06:07',4,0,10,NULL,'2022-05-12 17:06:07.907177',0,NULL,0,36,82,NULL,NULL,1),(94,'閱讀練習-2022/05/12 18:06:40',4,0,80,NULL,'2022-05-12 18:06:40.077058',0,NULL,0,36,83,NULL,NULL,1),(95,'閱讀練習-2022/05/12 18:07:46',4,0,60,NULL,'2022-05-12 18:07:46.176699',0,NULL,0,36,84,NULL,NULL,1),(96,'閱讀練習-2022/05/12 18:08:46',4,0,80,NULL,'2022-05-12 18:08:47.040996',0,NULL,0,36,85,NULL,NULL,1),(97,'閱讀練習-2022/05/12 18:09:50',4,0,100,NULL,'2022-05-12 18:09:50.299249',0,NULL,0,36,86,NULL,NULL,1),(98,'閱讀練習-2022/05/12 18:12:33',4,0,70,NULL,'2022-05-12 18:12:33.474433',0,NULL,0,36,87,NULL,NULL,1),(99,'test0511',1,0,80,'2022-05-12 18:15:00.000000','2022-05-12 18:17:00.173031',3,'2022-05-12 18:18:00.000000',1,36,80,NULL,NULL,1),(100,'test0512',1,0,90,'2022-05-12 23:00:00.000000','2022-05-12 23:04:04.945101',25,'2022-05-12 23:25:00.000000',1,36,80,NULL,NULL,1),(101,'閱讀練習-2022/05/13 10:17:18',4,0,70,NULL,'2022-05-13 10:17:18.549057',0,NULL,0,36,88,NULL,NULL,1),(102,'閱讀練習-2022/05/13 10:24:51',4,0,50,NULL,'2022-05-13 10:24:51.901719',0,NULL,0,36,89,NULL,NULL,1),(103,'閱讀練習-2022/05/13 10:28:10',4,0,90,NULL,'2022-05-13 10:28:10.874452',0,NULL,0,36,90,NULL,NULL,1),(104,'test0513',1,0,80,'2022-05-16 01:25:00.000000','2022-05-16 01:27:57.993920',15,'2022-05-16 01:40:00.000000',1,36,80,NULL,NULL,1),(105,'閱讀練習-2022/05/17 12:20:31',4,0,90,NULL,'2022-05-17 12:20:31.342314',0,NULL,0,36,91,NULL,NULL,1),(106,'閱讀練習-2022/05/17 14:18:02',4,0,70,NULL,'2022-05-17 14:18:02.062264',0,NULL,0,36,92,NULL,NULL,1),(107,'鑑測0518',1,0,80,'2022-05-18 18:15:00.000000','2022-05-18 18:15:16.898705',30,'2022-05-18 18:45:00.000000',1,36,80,NULL,NULL,1),(108,'鑑測0519',1,0,80,'2022-05-19 00:10:00.000000','2022-05-19 00:09:32.094143',20,'2022-05-19 00:30:00.000000',1,36,80,NULL,NULL,1),(109,'鑑測05192',1,0,80,'2022-05-19 00:30:00.000000','2022-05-19 00:33:08.351424',10,'2022-05-19 00:40:00.000000',1,36,80,NULL,NULL,1),(110,'閱讀練習-2022/05/19 18:41:33',4,0,80,NULL,'2022-05-19 18:41:33.925052',0,NULL,0,36,93,NULL,NULL,1),(111,'閱讀練習-2022/05/19 18:44:07',4,0,80,NULL,'2022-05-19 18:44:07.841669',0,NULL,0,36,94,NULL,NULL,1),(112,'閱讀練習-2023/03/30 22:08:41',4,0,50,NULL,'2023-03-30 22:08:41.921845',0,NULL,0,42,95,NULL,NULL,1),(113,'閱讀練習-2023/03/30 22:14:52',4,0,90,NULL,'2023-03-30 22:14:52.778512',0,'2023-03-30 22:24:57.748450',0,44,96,'2023-03-30 22:14:57.748450',600,1),(114,'閱讀練習-2023/03/30 23:21:36',4,0,30,NULL,'2023-03-30 23:21:36.483352',0,NULL,0,43,97,NULL,NULL,1),(115,'聽力練習-2023/03/31 07:43:29',3,0,0,NULL,'2023-03-31 07:43:29.554387',0,'2023-03-31 07:53:39.498178',0,44,98,'2023-03-31 07:43:39.498178',340,1),(116,'聽力練習-2023/03/31 07:54:33',3,0,0,NULL,'2023-03-31 07:54:33.627756',0,'2023-03-31 08:04:36.529454',0,44,99,'2023-03-31 07:54:36.529454',570,1),(117,'聽力練習-2023/03/31 07:56:38',3,0,20,NULL,'2023-03-31 07:56:38.235500',0,'2023-03-31 08:06:40.480007',0,44,100,'2023-03-31 07:56:40.480007',486,1),(118,'20230405',1,0,0,'2023-04-05 22:35:00.000000','2023-04-05 22:25:11.368588',15,'2023-04-05 22:50:00.000000',1,44,79,NULL,NULL,0),(119,'0405',1,0,23,'2023-04-05 22:45:00.000000','2023-04-05 22:36:36.968176',15,'2023-04-05 23:00:00.000000',1,44,79,NULL,NULL,1),(120,'test',1,0,19.5,'2023-04-05 22:50:00.000000','2023-04-05 22:44:18.649073',15,'2023-04-05 23:05:00.000000',1,43,56,NULL,NULL,1),(121,'0000',1,0,36.667,'2023-04-05 23:00:00.000000','2023-04-05 22:51:48.444668',15,'2023-04-05 23:15:00.000000',1,44,80,NULL,NULL,1),(122,'聽力練習-2023/04/06 09:48:29',3,0,80,NULL,'2023-04-06 09:48:29.952095',0,'2023-04-06 10:27:51.118119',0,47,101,'2023-04-06 10:07:51.118119',1200,1),(123,'聽力練習-2023/04/06 10:05:35',3,0,40,NULL,'2023-04-06 10:05:35.148010',0,'2023-04-06 10:25:38.059579',0,50,102,'2023-04-06 10:05:38.059579',1138,1),(124,'聽力練習-2023/04/06 10:07:37',3,0,70,NULL,'2023-04-06 10:07:37.658593',0,'2023-04-06 10:27:39.241889',0,45,103,'2023-04-06 10:07:39.241889',1200,1),(125,'聽力練習-2023/04/06 10:07:52',3,0,80,NULL,'2023-04-06 10:07:53.011805',0,'2023-04-06 10:27:56.504995',0,49,104,'2023-04-06 10:07:56.504995',1200,1),(126,'聽力練習-2023/04/06 10:08:00',3,0,30,NULL,'2023-04-06 10:08:00.981054',0,'2023-04-06 10:28:04.162508',0,48,105,'2023-04-06 10:08:04.162508',1200,1),(127,'聽力練習-2023/04/06 10:08:04',3,0,20,NULL,'2023-04-06 10:08:04.611468',0,'2023-04-06 10:28:07.401907',0,50,106,'2023-04-06 10:08:07.401907',1200,1),(128,'聽力練習-2023/04/06 10:08:11',3,0,30,NULL,'2023-04-06 10:08:11.319056',0,'2023-04-06 10:28:13.739020',0,46,108,'2023-04-06 10:08:13.739020',1200,1),(129,'聽力練習-2023/04/06 10:09:00',3,0,25,NULL,'2023-04-06 10:09:00.077114',0,'2023-04-06 10:29:02.820022',0,51,109,'2023-04-06 10:09:02.820022',1200,1),(130,'聽力練習-2023/04/06 10:09:05',3,0,10,NULL,'2023-04-06 10:09:05.618924',0,'2023-04-06 10:29:07.094859',0,52,110,'2023-04-06 10:09:07.094859',1200,1),(131,'聽力練習-2023/04/06 10:09:33',3,0,80,NULL,'2023-04-06 10:09:33.674285',0,'2023-04-06 10:29:38.864679',0,9,111,'2023-04-06 10:09:38.864679',1200,1),(132,'閱讀練習-2023/04/06 10:17:56',4,0,60,NULL,'2023-04-06 10:17:56.125144',0,'2023-04-06 10:47:58.141674',0,47,112,'2023-04-06 10:17:58.141674',1800,1),(133,'閱讀練習-2023/04/06 10:18:45',4,0,50,NULL,'2023-04-06 10:18:45.420178',0,'2023-04-06 10:38:47.941364',0,46,113,'2023-04-06 10:18:47.941364',1200,1),(134,'閱讀練習-2023/04/06 10:22:06',4,0,40,NULL,'2023-04-06 10:22:06.186819',0,'2023-04-06 10:42:08.401146',0,50,114,'2023-04-06 10:22:08.401146',1200,1),(135,'聽力練習-2023/04/06 10:26:00',3,0,20,NULL,'2023-04-06 10:26:00.369903',0,'2023-04-06 10:46:14.820118',0,50,115,'2023-04-06 10:26:14.820118',1200,1),(136,'聽力練習-2023/04/06 10:26:05',3,0,0,NULL,'2023-04-06 10:26:05.218508',0,NULL,0,50,116,NULL,1200,0),(137,'閱讀練習-2023/04/06 10:29:08',4,0,70,NULL,'2023-04-06 10:29:08.510197',0,'2023-04-06 10:49:11.783271',0,50,117,'2023-04-06 10:29:11.783271',1200,1),(138,'閱讀練習-2023/04/06 10:36:25',4,0,40,NULL,'2023-04-06 10:36:25.917098',0,'2023-04-06 10:56:27.492062',0,47,118,'2023-04-06 10:36:27.492062',1200,1),(139,'閱讀練習-2023/04/06 10:39:22',4,0,50,NULL,'2023-04-06 10:39:22.476994',0,'2023-04-06 10:49:24.160809',0,47,119,'2023-04-06 10:39:24.160809',600,1),(140,'閱讀練習-2023/04/06 10:46:27',4,0,50,NULL,'2023-04-06 10:46:27.117572',0,'2023-04-06 10:56:29.505009',0,49,120,'2023-04-06 10:47:24.505009',545,1),(141,'閱讀練習-2023/04/06 10:47:44',4,0,30,NULL,'2023-04-06 10:47:44.419976',0,'2023-04-06 11:37:46.199963',0,46,121,'2023-04-06 10:47:46.199963',3000,1),(142,'閱讀練習-2023/04/06 10:48:05',4,0,25,NULL,'2023-04-06 10:48:05.372033',0,'2023-04-06 11:08:08.342907',0,51,122,'2023-04-06 10:48:08.342907',1200,1),(143,'閱讀練習-2023/04/06 10:48:11',4,0,20,NULL,'2023-04-06 10:48:11.970490',0,'2023-04-06 11:08:13.832273',0,52,123,'2023-04-06 10:48:13.832273',1200,1),(144,'聽力練習-2023/04/06 10:51:00',3,0,35,NULL,'2023-04-06 10:51:00.816998',0,'2023-04-06 11:11:29.374469',0,53,124,'2023-04-06 10:51:38.374469',1191,1),(145,'閱讀練習-2023/04/06 10:51:59',4,0,40,NULL,'2023-04-06 10:51:59.642516',0,NULL,0,54,125,NULL,NULL,1),(146,'聽力練習-2023/04/06 10:58:23',3,0,0,NULL,'2023-04-06 10:58:24.016727',0,NULL,0,54,126,NULL,NULL,1),(147,'閱讀練習-2023/04/13 11:26:01',4,0,0,NULL,'2023-04-13 11:26:01.505312',0,'2023-04-13 11:29:03.841618',0,56,127,'2023-04-13 11:26:03.841618',180,1),(148,'閱讀練習-2023/04/13 11:30:12',4,0,0,NULL,'2023-04-13 11:30:12.492131',0,'2023-04-13 11:33:34.647908',0,56,128,'2023-04-13 11:30:34.647908',180,1),(149,'閱讀練習-2023/04/13 11:33:54',4,0,60,NULL,'2023-04-13 11:33:54.134537',0,'2023-04-13 11:43:56.945784',0,57,129,'2023-04-13 11:33:56.945784',600,1),(150,'閱讀練習-2023/04/13 11:34:58',4,0,20,NULL,'2023-04-13 11:34:58.270889',0,'2023-04-13 11:45:00.232220',0,56,130,'2023-04-13 11:35:00.232220',600,1),(151,'聽力練習-2023/04/13 11:53:48',3,0,40,NULL,'2023-04-13 11:53:48.136962',0,'2023-04-13 12:03:50.582158',0,56,131,'2023-04-13 11:53:50.582158',600,1),(152,'聽力練習-2023/04/13 22:37:54',3,0,20,NULL,'2023-04-13 22:37:54.242427',0,'2023-04-13 22:46:56.486098',0,59,132,'2023-04-13 22:37:56.486098',540,1),(153,'閱讀練習-2023/04/13 23:15:14',4,0,20,NULL,'2023-04-13 23:15:14.843318',0,'2023-04-13 23:25:18.624176',0,44,133,'2023-04-13 23:15:18.624176',600,1),(154,'閱讀練習-2023/04/13 23:17:15',4,0,0,NULL,'2023-04-13 23:17:15.077305',0,'2023-04-13 23:22:17.706482',0,44,134,'2023-04-13 23:17:17.706482',300,1),(155,'abc',1,0,0,'2023-04-13 23:40:00.000000','2023-04-13 23:31:31.607757',10,'2023-04-13 23:50:00.000000',1,44,73,NULL,NULL,1),(156,'閱讀練習-2023/04/13 23:58:50',4,0,30,NULL,'2023-04-13 23:58:50.803074',0,'2023-04-14 00:08:53.393019',0,44,135,'2023-04-13 23:58:53.393019',600,1),(157,'聽力練習-2023/04/14 07:48:16',3,0,0,NULL,'2023-04-14 07:48:17.045429',0,NULL,0,52,136,NULL,3000,0),(158,'閱讀練習-2023/04/14 07:48:39',4,0,30,NULL,'2023-04-14 07:48:39.310558',0,'2023-04-14 09:28:44.145188',0,52,137,'2023-04-14 07:48:44.145188',6000,1),(159,'閱讀練習-2023/04/14 07:57:28',4,0,30,NULL,'2023-04-14 07:57:28.718790',0,NULL,0,164,138,NULL,NULL,1),(160,'聽力練習-2023/04/14 07:57:41',3,0,50,NULL,'2023-04-14 07:57:41.419504',0,'2023-04-14 08:07:44.841359',0,139,139,'2023-04-14 07:57:44.841359',313,1),(161,'閱讀練習-2023/04/14 07:58:04',4,0,20,NULL,'2023-04-14 07:58:04.101030',0,'2023-04-14 08:18:06.334107',0,147,140,'2023-04-14 07:58:06.334107',1200,1),(162,'聽力練習-2023/04/14 07:58:35',3,0,0,NULL,'2023-04-14 07:58:35.500053',0,'2023-04-14 08:08:37.346897',0,168,141,'2023-04-14 07:58:37.346897',517,1),(163,'閱讀練習-2023/04/14 08:02:17',4,0,0,NULL,'2023-04-14 08:02:17.854072',0,'2023-04-14 08:12:20.931277',0,150,142,'2023-04-14 08:02:20.931277',600,1),(164,'閱讀練習-2023/04/14 08:03:33',4,0,0,NULL,'2023-04-14 08:03:33.545987',0,'2023-04-14 08:13:39.201806',0,142,143,'2023-04-14 08:03:39.201806',600,1),(165,'閱讀練習-2023/04/14 08:04:56',4,0,0,NULL,'2023-04-14 08:04:56.596314',0,'2023-04-14 08:15:22.648220',0,142,144,'2023-04-14 08:05:22.648220',600,1),(166,'聽力練習-2023/04/14 08:05:10',3,0,70,NULL,'2023-04-14 08:05:10.231251',0,'2023-04-14 08:15:13.133031',0,139,145,'2023-04-14 08:05:13.133031',600,1),(167,'閱讀練習-2023/04/14 08:06:01',4,0,26,NULL,'2023-04-14 08:06:01.556747',0,'2023-04-14 08:56:02.785000',0,52,146,'2023-04-14 08:06:02.785000',3000,1),(168,'閱讀練習-2023/04/14 08:06:15',4,0,80,NULL,'2023-04-14 08:06:15.995436',0,'2023-04-14 08:16:37.986639',0,150,147,'2023-04-14 08:06:37.986639',600,1),(169,'閱讀練習-2023/04/14 08:06:26',4,0,70,NULL,'2023-04-14 08:06:26.410657',0,'2023-04-14 08:16:28.043080',0,138,148,'2023-04-14 08:06:28.043080',600,1),(170,'聽力練習-2023/04/14 08:06:31',3,0,30,NULL,'2023-04-14 08:06:31.583936',0,'2023-04-14 08:56:35.293814',0,46,149,'2023-04-14 08:07:47.293814',2928,1),(171,'聽力練習-2023/04/14 08:06:33',3,0,90,NULL,'2023-04-14 08:06:33.608937',0,'2023-04-14 08:16:44.644106',0,159,150,'2023-04-14 08:06:44.644106',600,1),(172,'閱讀練習-2023/04/14 08:06:41',4,0,20,NULL,'2023-04-14 08:06:41.453612',0,'2023-04-14 08:16:42.934751',0,49,151,'2023-04-14 08:06:42.934751',600,1),(173,'閱讀練習-2023/04/14 08:06:42',4,0,50,NULL,'2023-04-14 08:06:42.173730',0,'2023-04-14 08:16:45.603620',0,141,152,'2023-04-14 08:06:45.603620',600,1),(174,'閱讀練習-2023/04/14 08:06:49',4,0,90,NULL,'2023-04-14 08:06:49.219520',0,NULL,0,158,153,NULL,NULL,1),(175,'聽力練習-2023/04/14 08:06:53',3,0,40,NULL,'2023-04-14 08:06:53.419566',0,'2023-04-14 08:22:48.409055',0,142,154,'2023-04-14 08:12:48.409055',600,1),(176,'聽力練習-2023/04/14 08:07:31',3,0,0,NULL,'2023-04-14 08:07:32.003745',0,'2023-04-14 08:17:34.065712',0,160,155,'2023-04-14 08:07:34.065712',600,1),(177,'聽力練習-2023/04/14 08:07:32',3,0,70,NULL,'2023-04-14 08:07:32.593584',0,'2023-04-14 08:37:38.020325',0,60,156,'2023-04-14 08:07:38.020325',1800,1),(178,'聽力練習-2023/04/14 08:07:35',3,0,0,NULL,'2023-04-14 08:07:35.557228',0,'2023-04-14 08:10:37.615184',0,172,157,'2023-04-14 08:07:37.615184',180,1),(179,'聽力練習-2023/04/14 08:08:11',3,0,20,NULL,'2023-04-14 08:08:12.020813',0,'2023-04-14 08:18:19.920232',0,172,158,'2023-04-14 08:08:19.920232',600,1),(180,'閱讀練習-2023/04/14 08:08:21',4,0,70,NULL,'2023-04-14 08:08:21.151246',0,NULL,0,164,159,NULL,NULL,1),(181,'閱讀練習-2023/04/14 08:08:27',4,0,70,NULL,'2023-04-14 08:08:27.259823',0,'2023-04-14 08:33:29.903560',0,154,160,'2023-04-14 08:08:29.903560',1500,1),(182,'聽力練習-2023/04/14 08:08:31',3,0,35,NULL,'2023-04-14 08:08:31.633974',0,'2023-04-14 08:28:34.881946',0,48,161,'2023-04-14 08:08:34.881946',1200,1),(183,'閱讀練習-2023/04/14 08:08:42',4,0,0,NULL,'2023-04-14 08:08:42.461444',0,'2023-04-14 08:28:45.073423',0,151,162,'2023-04-14 08:08:45.073423',1200,1),(184,'閱讀練習-2023/04/14 08:08:45',4,0,40,NULL,'2023-04-14 08:08:45.306364',0,'2023-04-14 08:38:47.653866',0,147,164,'2023-04-14 08:08:47.653866',1800,1),(185,'閱讀練習-2023/04/14 08:09:04',4,0,40,NULL,'2023-04-14 08:09:04.932484',0,'2023-04-14 08:39:06.821141',0,140,165,'2023-04-14 08:09:06.821141',1800,1),(186,'閱讀練習-2023/04/14 08:09:14',4,0,0,NULL,'2023-04-14 08:09:14.562356',0,'2023-04-14 08:29:17.056167',0,151,166,'2023-04-14 08:09:17.056167',1200,1),(187,'聽力練習-2023/04/14 08:09:22',3,0,60,NULL,'2023-04-14 08:09:22.031761',0,'2023-04-14 08:19:24.051444',0,143,167,'2023-04-14 08:09:24.051444',600,1),(188,'聽力練習-2023/04/14 08:09:25',3,0,50,NULL,'2023-04-14 08:09:25.886615',0,NULL,0,163,168,NULL,NULL,1),(189,'閱讀練習-2023/04/14 08:09:30',4,0,30,NULL,'2023-04-14 08:09:30.457993',0,'2023-04-14 08:39:35.357999',0,155,169,'2023-04-14 08:09:35.357999',1800,1),(190,'閱讀練習-2023/04/14 08:09:31',4,0,85,NULL,'2023-04-14 08:09:31.928523',0,'2023-04-14 08:39:36.877420',0,137,170,'2023-04-14 08:10:38.877420',1738,1),(191,'閱讀練習-2023/04/14 08:09:35',4,0,50,NULL,'2023-04-14 08:09:35.564001',0,'2023-04-14 08:19:38.478198',0,139,171,'2023-04-14 08:09:38.478198',600,1),(192,'閱讀練習-2023/04/14 08:09:37',4,0,0,NULL,'2023-04-14 08:09:37.714479',0,'2023-04-14 08:12:13.476414',0,165,173,'2023-04-14 08:11:13.476414',60,1),(193,'閱讀練習-2023/04/14 08:09:46',4,0,0,NULL,'2023-04-14 08:09:46.212210',0,'2023-04-14 08:19:56.487059',0,54,174,'2023-04-14 08:09:56.487059',600,1),(194,'閱讀練習-2023/04/14 08:09:50',4,0,60,NULL,'2023-04-14 08:09:50.266943',0,'2023-04-14 08:39:52.206455',0,144,175,'2023-04-14 08:09:52.206455',1800,1),(195,'聽力練習-2023/04/14 08:09:56',3,0,40,NULL,'2023-04-14 08:09:56.560345',0,'2023-04-14 08:20:00.769319',0,145,176,'2023-04-14 08:10:00.769319',600,1),(196,'閱讀練習-2023/04/14 08:09:57',4,0,40,NULL,'2023-04-14 08:09:57.816104',0,'2023-04-14 09:10:00.354137',0,171,177,'2023-04-14 08:10:00.354137',3600,1),(197,'閱讀練習-2023/04/14 08:10:03',4,0,0,NULL,'2023-04-14 08:10:03.383398',0,NULL,0,182,178,NULL,60,0),(198,'閱讀練習-2023/04/14 08:10:09',4,0,0,NULL,'2023-04-14 08:10:09.478820',0,NULL,0,182,179,NULL,NULL,0),(199,'閱讀練習-2023/04/14 08:10:14',4,0,20,NULL,'2023-04-14 08:10:14.462032',0,NULL,0,182,180,NULL,NULL,1),(200,'聽力練習-2023/04/14 08:10:28',3,0,0,NULL,'2023-04-14 08:10:28.988029',0,'2023-04-14 08:30:32.013245',0,151,181,'2023-04-14 08:10:32.013245',1200,1),(201,'聽力練習-2023/04/14 08:10:32',3,0,60,NULL,'2023-04-14 08:10:32.660986',0,'2023-04-14 08:40:38.897303',0,168,182,'2023-04-14 08:10:38.897303',1800,1),(202,'閱讀練習-2023/04/14 08:10:53',4,0,80,NULL,'2023-04-14 08:10:53.425462',0,NULL,0,148,183,NULL,NULL,1),(203,'聽力練習-2023/04/14 08:10:57',3,0,70,NULL,'2023-04-14 08:10:57.870765',0,NULL,0,151,184,NULL,NULL,1),(204,'閱讀練習-2023/04/14 08:11:03',4,0,50,NULL,'2023-04-14 08:11:03.077191',0,'2023-04-14 08:31:06.861554',0,160,185,'2023-04-14 08:11:06.861554',1200,1),(205,'聽力練習-2023/04/14 08:11:12',3,0,10,NULL,'2023-04-14 08:11:12.149271',0,NULL,0,52,186,NULL,NULL,1),(206,'聽力練習-2023/04/14 08:11:19',3,0,40,NULL,'2023-04-14 08:11:19.731912',0,NULL,0,171,187,NULL,NULL,1),(207,'閱讀練習-2023/04/14 08:11:20',4,0,0,NULL,'2023-04-14 08:11:20.967899',0,NULL,0,166,188,NULL,NULL,1),(208,'閱讀練習-2023/04/14 08:11:44',4,0,0,NULL,'2023-04-14 08:11:44.026430',0,'2023-04-14 08:13:46.150672',0,165,189,'2023-04-14 08:11:46.150672',120,1),(209,'閱讀練習-2023/04/14 08:12:18',4,0,40,NULL,'2023-04-14 08:12:18.201393',0,'2023-04-14 08:22:21.970002',0,190,190,'2023-04-14 08:15:25.970002',416,1),(210,'聽力練習-2023/04/14 08:12:52',3,0,60,NULL,'2023-04-14 08:12:52.872452',0,NULL,0,170,191,NULL,NULL,1),(211,'閱讀練習-2023/04/14 08:13:12',4,0,0,NULL,'2023-04-14 08:13:12.604736',0,'2023-04-14 08:32:51.741479',0,49,192,'2023-04-14 08:22:51.741479',600,1),(212,'聽力練習-2023/04/14 08:13:13',3,0,0,NULL,'2023-04-14 08:13:13.600444',0,NULL,0,141,193,NULL,3000,0),(213,'閱讀練習-2023/04/14 08:13:50',4,0,80,NULL,'2023-04-14 08:13:50.797855',0,NULL,0,165,194,NULL,NULL,1),(214,'閱讀練習-2023/04/14 08:14:08',4,0,50,NULL,'2023-04-14 08:14:08.956117',0,'2023-04-14 16:34:10.354332',0,52,195,'2023-04-14 08:14:10.354332',30000,1),(215,'閱讀練習-2023/04/14 08:14:16',4,0,60,NULL,'2023-04-14 08:14:16.445553',0,NULL,0,163,196,NULL,NULL,1),(216,'閱讀練習-2023/04/14 08:14:18',4,0,70,NULL,'2023-04-14 08:14:18.076261',0,'2023-04-14 08:24:20.258137',0,143,197,'2023-04-14 08:14:20.258137',600,1),(217,'閱讀練習-2023/04/14 08:14:59',4,0,40,NULL,'2023-04-14 08:14:59.769162',0,'2023-04-14 08:35:03.499800',0,141,198,'2023-04-14 08:15:03.499800',1200,1),(218,'閱讀練習-2023/04/14 08:15:28',4,0,0,NULL,'2023-04-14 08:15:28.565521',0,'2023-04-14 08:32:54.537351',0,49,199,'2023-04-14 08:22:54.537351',600,1),(219,'閱讀練習-2023/04/14 08:15:53',4,0,20,NULL,'2023-04-14 08:15:53.737134',0,NULL,0,166,200,NULL,NULL,1),(220,'閱讀練習-2023/04/14 08:17:07',4,0,60,NULL,'2023-04-14 08:17:07.793893',0,'2023-04-14 08:27:10.679557',0,145,201,'2023-04-14 08:17:10.679557',600,1),(221,'聽力練習-2023/04/14 08:17:28',3,0,13,NULL,'2023-04-14 08:17:28.889920',0,'2023-04-14 08:27:35.704206',0,190,202,'2023-04-14 08:18:23.704206',552,1),(222,'聽力練習-2023/04/14 08:18:25',3,0,50,NULL,'2023-04-14 08:18:25.286534',0,'2023-04-14 08:48:27.797227',0,61,203,'2023-04-14 08:18:27.797227',1800,1),(223,'聽力練習-2023/04/14 08:20:21',3,0,0,NULL,'2023-04-14 08:20:21.272458',0,'2023-04-14 08:32:57.650298',0,49,204,'2023-04-14 08:22:57.650298',600,1),(224,'閱讀練習-2023/04/14 08:20:29',4,0,50,NULL,'2023-04-14 08:20:29.125130',0,NULL,0,170,205,NULL,NULL,1),(225,'聽力練習-2023/04/14 08:20:42',3,0,0,NULL,'2023-04-14 08:20:42.047327',0,'2023-04-14 08:30:45.040837',0,49,206,'2023-04-14 08:20:45.040837',600,1),(226,'聽力練習-2023/04/14 08:22:25',3,0,0,NULL,'2023-04-14 08:22:25.030442',0,'2023-04-14 08:32:27.567422',0,49,207,'2023-04-14 08:22:27.567422',600,1),(227,'聽力練習-2023/04/14 08:22:39',3,0,0,NULL,'2023-04-14 08:22:39.699064',0,'2023-04-14 08:37:41.890747',0,49,208,'2023-04-14 08:22:41.890747',900,1),(228,'聽力練習-2023/04/14 08:23:11',3,0,0,NULL,'2023-04-14 08:23:11.712560',0,'2023-04-14 08:28:12.860048',0,49,209,'2023-04-14 08:23:12.860048',300,1),(229,'閱讀練習-2023/04/14 08:23:23',4,0,0,NULL,'2023-04-14 08:23:23.523739',0,'2023-04-14 08:26:24.500542',0,49,210,'2023-04-14 08:23:24.500542',180,1),(230,'聽力練習-2023/04/14 08:24:16',3,0,50,NULL,'2023-04-14 08:24:16.820741',0,'2023-04-14 08:34:18.370707',0,51,211,'2023-04-14 08:24:18.370707',600,1),(231,'閱讀練習-2023/04/14 08:31:09',4,0,70,NULL,'2023-04-14 08:31:09.663334',0,'2023-04-14 08:46:12.075519',0,152,212,'2023-04-14 08:31:12.075519',900,1),(232,'閱讀練習-2023/04/14 08:32:52',4,0,0,NULL,'2023-04-14 08:32:53.018164',0,NULL,0,149,213,NULL,NULL,1),(233,'閱讀練習-2023/04/14 08:47:28',4,0,80,NULL,'2023-04-14 08:47:28.946351',0,NULL,0,167,214,NULL,NULL,1);
/*!40000 ALTER TABLE `alcpt_exam` ENABLE KEYS */;
UNLOCK TABLES;

--
-- Table structure for table `alcpt_exam_testeeList`
--

DROP TABLE IF EXISTS `alcpt_exam_testeeList`;
/*!40101 SET @saved_cs_client     = @@character_set_client */;
/*!50503 SET character_set_client = utf8mb4 */;
CREATE TABLE `alcpt_exam_testeeList` (
  `id` int NOT NULL AUTO_INCREMENT,
  `exam_id` int NOT NULL,
  `user_id` int NOT NULL,
  PRIMARY KEY (`id`),
  UNIQUE KEY `alcpt_exam_testeeList_exam_id_user_id_3c6f3f1f_uniq` (`exam_id`,`user_id`),
  KEY `alcpt_exam_testeeList_user_id_465cf978_fk_alcpt_user_id` (`user_id`),
  CONSTRAINT `alcpt_exam_testeeList_exam_id_3b6c9639_fk_alcpt_exam_id` FOREIGN KEY (`exam_id`) REFERENCES `alcpt_exam` (`id`),
  CONSTRAINT `alcpt_exam_testeeList_user_id_465cf978_fk_alcpt_user_id` FOREIGN KEY (`user_id`) REFERENCES `alcpt_user` (`id`)
) ENGINE=InnoDB AUTO_INCREMENT=314 DEFAULT CHARSET=utf8mb3;
/*!40101 SET character_set_client = @saved_cs_client */;

--
-- Dumping data for table `alcpt_exam_testeeList`
--

LOCK TABLES `alcpt_exam_testeeList` WRITE;
/*!40000 ALTER TABLE `alcpt_exam_testeeList` DISABLE KEYS */;
INSERT INTO `alcpt_exam_testeeList` VALUES (253,64,5),(254,64,8),(255,64,9),(256,65,5),(257,65,8),(258,65,9),(259,66,5),(260,66,8),(261,66,9),(262,68,5),(263,68,8),(264,68,9),(265,70,5),(266,70,8),(267,70,9),(268,74,5),(269,74,8),(270,74,9),(271,78,36),(272,84,36),(273,85,36),(274,86,36),(275,87,36),(276,87,38),(277,87,39),(278,87,40),(279,87,41),(280,88,36),(281,88,38),(282,88,39),(283,88,40),(284,88,41),(285,89,36),(286,89,38),(287,89,39),(288,89,40),(289,89,41),(291,91,36),(292,99,36),(293,100,36),(294,104,36),(295,107,36),(296,108,36),(297,109,36),(299,118,42),(300,118,43),(301,118,44),(302,119,42),(303,119,43),(304,119,44),(305,120,42),(306,120,43),(307,120,44),(308,121,42),(309,121,43),(310,121,44),(311,155,42),(312,155,43),(313,155,44);
/*!40000 ALTER TABLE `alcpt_exam_testeeList` ENABLE KEYS */;
UNLOCK TABLES;

--
-- Table structure for table `alcpt_forum`
--

DROP TABLE IF EXISTS `alcpt_forum`;
/*!40101 SET @saved_cs_client     = @@character_set_client */;
/*!50503 SET character_set_client = utf8mb4 */;
CREATE TABLE `alcpt_forum` (
  `id` int NOT NULL AUTO_INCREMENT,
  `f_content` longtext NOT NULL,
  `data_time` datetime(6) DEFAULT NULL,
  `f_creator_id` int NOT NULL,
  `f_question_id` int NOT NULL,
  PRIMARY KEY (`id`),
  KEY `alcpt_forum_f_creator_id_2d5c97cb` (`f_creator_id`),
  KEY `alcpt_forum_f_question_id_c48581b1` (`f_question_id`),
  CONSTRAINT `alcpt_forum_f_creator_id_2d5c97cb_fk_alcpt_user_id` FOREIGN KEY (`f_creator_id`) REFERENCES `alcpt_user` (`id`),
  CONSTRAINT `alcpt_forum_f_question_id_c48581b1_fk_alcpt_question_id` FOREIGN KEY (`f_question_id`) REFERENCES `alcpt_question` (`id`)
) ENGINE=InnoDB AUTO_INCREMENT=259 DEFAULT CHARSET=utf8mb4 COLLATE=utf8mb4_0900_ai_ci;
/*!40101 SET character_set_client = @saved_cs_client */;

--
-- Dumping data for table `alcpt_forum`
--

LOCK TABLES `alcpt_forum` WRITE;
/*!40000 ALTER TABLE `alcpt_forum` DISABLE KEYS */;
INSERT INTO `alcpt_forum` VALUES (241,'ought to 跟 had to 的差別在哪裡？','2022-05-12 16:00:21.000000',36,36),(242,'為何不能選that?','2022-05-12 16:01:28.000000',36,34),(254,'這題時態要如何判斷呢？','2022-05-13 10:09:32.000000',36,32),(258,'這題時態如何判斷？','2022-05-19 18:36:07.000000',36,31);
/*!40000 ALTER TABLE `alcpt_forum` ENABLE KEYS */;
UNLOCK TABLES;

--
-- Table structure for table `alcpt_group`
--

DROP TABLE IF EXISTS `alcpt_group`;
/*!40101 SET @saved_cs_client     = @@character_set_client */;
/*!50503 SET character_set_client = utf8mb4 */;
CREATE TABLE `alcpt_group` (
  `id` int NOT NULL AUTO_INCREMENT,
  `name` varchar(255) NOT NULL,
  `update_time` datetime(6) NOT NULL,
  `created_time` datetime(6) NOT NULL,
  `created_by_id` int NOT NULL,
  PRIMARY KEY (`id`),
  UNIQUE KEY `name` (`name`),
  KEY `alcpt_group_created_by_id_f15e6b32_fk_alcpt_user_id` (`created_by_id`),
  CONSTRAINT `alcpt_group_created_by_id_f15e6b32_fk_alcpt_user_id` FOREIGN KEY (`created_by_id`) REFERENCES `alcpt_user` (`id`)
) ENGINE=InnoDB AUTO_INCREMENT=34 DEFAULT CHARSET=utf8mb3;
/*!40101 SET character_set_client = @saved_cs_client */;

--
-- Dumping data for table `alcpt_group`
--

LOCK TABLES `alcpt_group` WRITE;
/*!40000 ALTER TABLE `alcpt_group` DISABLE KEYS */;
INSERT INTO `alcpt_group` VALUES (31,'資管系111年班','2022-05-03 15:12:57.685994','2022-05-03 15:12:54.327439',36),(32,'資管系113年班','2023-04-05 22:26:30.053972','2023-04-05 22:26:12.288646',42),(33,'資管系112年班','2023-04-06 09:42:33.912308','2023-04-06 09:42:27.714445',46);
/*!40000 ALTER TABLE `alcpt_group` ENABLE KEYS */;
UNLOCK TABLES;

--
-- Table structure for table `alcpt_group_member`
--

DROP TABLE IF EXISTS `alcpt_group_member`;
/*!40101 SET @saved_cs_client     = @@character_set_client */;
/*!50503 SET character_set_client = utf8mb4 */;
CREATE TABLE `alcpt_group_member` (
  `id` int NOT NULL AUTO_INCREMENT,
  `group_id` int NOT NULL,
  `user_id` int NOT NULL,
  PRIMARY KEY (`id`),
  UNIQUE KEY `alcpt_group_member_group_id_user_id_5bfb75ae_uniq` (`group_id`,`user_id`),
  KEY `alcpt_group_member_user_id_6268bc82_fk_alcpt_user_id` (`user_id`),
  CONSTRAINT `alcpt_group_member_group_id_b62cbe32_fk_alcpt_group_id` FOREIGN KEY (`group_id`) REFERENCES `alcpt_group` (`id`),
  CONSTRAINT `alcpt_group_member_user_id_6268bc82_fk_alcpt_user_id` FOREIGN KEY (`user_id`) REFERENCES `alcpt_user` (`id`)
) ENGINE=InnoDB AUTO_INCREMENT=140 DEFAULT CHARSET=utf8mb3;
/*!40101 SET character_set_client = @saved_cs_client */;

--
-- Dumping data for table `alcpt_group_member`
--

LOCK TABLES `alcpt_group_member` WRITE;
/*!40000 ALTER TABLE `alcpt_group_member` DISABLE KEYS */;
INSERT INTO `alcpt_group_member` VALUES (134,31,36),(135,32,42),(136,32,43),(137,32,44),(138,33,45),(139,33,46);
/*!40000 ALTER TABLE `alcpt_group_member` ENABLE KEYS */;
UNLOCK TABLES;

--
-- Table structure for table `alcpt_proclamation`
--

DROP TABLE IF EXISTS `alcpt_proclamation`;
/*!40101 SET @saved_cs_client     = @@character_set_client */;
/*!50503 SET character_set_client = utf8mb4 */;
CREATE TABLE `alcpt_proclamation` (
  `id` int NOT NULL AUTO_INCREMENT,
  `title` longtext NOT NULL,
  `text` longtext NOT NULL,
  `is_public` tinyint(1) NOT NULL,
  `created_time` datetime(6) NOT NULL,
  `created_by_id` int DEFAULT NULL,
  `is_read` tinyint(1) NOT NULL,
  `recipient_id` int DEFAULT NULL,
  `exam_id` int unsigned NOT NULL,
  `report_id` int unsigned NOT NULL,
  PRIMARY KEY (`id`),
  KEY `alcpt_proclamation_created_by_id_02e079a0_fk_alcpt_user_id` (`created_by_id`),
  KEY `alcpt_proclamation_recipient_id_dc91a846_fk_alcpt_user_id` (`recipient_id`),
  CONSTRAINT `alcpt_proclamation_created_by_id_02e079a0_fk_alcpt_user_id` FOREIGN KEY (`created_by_id`) REFERENCES `alcpt_user` (`id`),
  CONSTRAINT `alcpt_proclamation_recipient_id_dc91a846_fk_alcpt_user_id` FOREIGN KEY (`recipient_id`) REFERENCES `alcpt_user` (`id`),
  CONSTRAINT `alcpt_proclamation_chk_1` CHECK ((`exam_id` >= 0)),
  CONSTRAINT `alcpt_proclamation_chk_2` CHECK ((`report_id` >= 0))
) ENGINE=InnoDB AUTO_INCREMENT=208 DEFAULT CHARSET=utf8mb3;
/*!40101 SET character_set_client = @saved_cs_client */;

--
-- Dumping data for table `alcpt_proclamation`
--

LOCK TABLES `alcpt_proclamation` WRITE;
/*!40000 ALTER TABLE `alcpt_proclamation` DISABLE KEYS */;
INSERT INTO `alcpt_proclamation` VALUES (99,'123','Start Time: 2020-12-29 19:35\nDuration: 4 minutes.\n',0,'2020-12-29 19:37:24.947659',5,0,8,64,0),(102,'12345676879','Start Time: 2020-12-29 19:50\nDuration: 10 minutes.\n',0,'2020-12-29 19:51:06.785913',5,0,8,65,0),(105,'第一次模擬考','Start Time: 2020-12-29 21:0\nDuration: 5 minutes.\n',0,'2020-12-29 21:00:49.403954',5,0,8,66,0),(108,'123213','Start Time: 2021-01-18 10:45\nDuration: 10 minutes.\n',0,'2021-01-18 10:49:12.428793',5,0,8,68,0),(111,'123123123','Start Time: 2021-01-25 10:40\nDuration: 10 minutes.\n',0,'2021-01-25 10:40:25.359526',9,0,8,70,0),(112,'123123123','Start Time: 2021-01-25 10:40\nDuration: 10 minutes.\n',0,'2021-01-25 10:40:25.359551',9,1,9,70,0),(114,'1919','Start Time: 2021-02-01 10:35\nDuration: 5 minutes.\n',0,'2021-02-01 10:36:27.145386',5,0,8,74,0),(115,'1919','Start Time: 2021-02-01 10:35\nDuration: 5 minutes.\n',0,'2021-02-01 10:36:27.145410',5,1,9,74,0),(118,'Angel','Start Time: 2021-10-12 16:45\nDuration: 30 minutes.\n',0,'2021-10-12 16:43:26.032346',36,1,36,78,0),(119,'1101130','Start Time: 2021-11-30 11:0\nDuration: 20 minutes.\n',0,'2021-11-30 11:00:04.911215',36,1,36,84,0),(120,'1101201','Start Time: 2021-12-02 11:45\nDuration: 5 minutes.\n',0,'2021-12-02 11:44:56.641285',36,1,36,85,0),(121,'1101207','Start Time: 2021-12-07 14:40\nDuration: 10 minutes.\n',0,'2021-12-07 14:41:51.915191',36,1,36,86,0),(122,'模擬考001','Start Time: 2022-03-12 23:10\nDuration: 40 minutes.\n',0,'2022-03-12 23:08:34.988118',36,1,36,87,0),(123,'模擬考001','Start Time: 2022-03-12 23:10\nDuration: 40 minutes.\n',0,'2022-03-12 23:08:34.988143',36,1,38,87,0),(124,'模擬考001','Start Time: 2022-03-12 23:10\nDuration: 40 minutes.\n',0,'2022-03-12 23:08:34.988155',36,1,39,87,0),(125,'模擬考001','Start Time: 2022-03-12 23:10\nDuration: 40 minutes.\n',0,'2022-03-12 23:08:34.988166',36,1,40,87,0),(126,'模擬考001','Start Time: 2022-03-12 23:10\nDuration: 40 minutes.\n',0,'2022-03-12 23:08:34.988177',36,1,41,87,0),(128,'test12345','Start Time: 2022-05-03 11:10\nDuration: 2 minutes.\n',0,'2022-05-03 11:11:17.004962',36,1,36,88,0),(129,'test12345','Start Time: 2022-05-03 11:10\nDuration: 2 minutes.\n',0,'2022-05-03 11:11:17.004988',36,0,38,88,0),(130,'test12345','Start Time: 2022-05-03 11:10\nDuration: 2 minutes.\n',0,'2022-05-03 11:11:17.005000',36,0,39,88,0),(131,'test12345','Start Time: 2022-05-03 11:10\nDuration: 2 minutes.\n',0,'2022-05-03 11:11:17.005012',36,0,40,88,0),(132,'test12345','Start Time: 2022-05-03 11:10\nDuration: 2 minutes.\n',0,'2022-05-03 11:11:17.005023',36,0,41,88,0),(133,'listentest','Start Time: 2022-05-03 11:10\nDuration: 5 minutes.\n',0,'2022-05-03 11:12:49.758609',36,1,36,89,0),(134,'listentest','Start Time: 2022-05-03 11:10\nDuration: 5 minutes.\n',0,'2022-05-03 11:12:49.758631',36,0,38,89,0),(135,'listentest','Start Time: 2022-05-03 11:10\nDuration: 5 minutes.\n',0,'2022-05-03 11:12:49.758642',36,0,39,89,0),(136,'listentest','Start Time: 2022-05-03 11:10\nDuration: 5 minutes.\n',0,'2022-05-03 11:12:49.758653',36,0,40,89,0),(137,'listentest','Start Time: 2022-05-03 11:10\nDuration: 5 minutes.\n',0,'2022-05-03 11:12:49.758664',36,0,41,89,0),(138,'0511','Start Time: 2022-05-12 15:25\nDuration: 5 minutes.\n',0,'2022-05-12 15:26:35.304744',36,1,36,90,0),(139,'0511','Start Time: 2022-05-12 15:25\nDuration: 5 minutes.\n',0,'2022-05-12 15:26:35.304769',36,0,38,90,0),(140,'0511','Start Time: 2022-05-12 15:25\nDuration: 5 minutes.\n',0,'2022-05-12 15:26:35.304782',36,0,39,90,0),(141,'0511','Start Time: 2022-05-12 15:25\nDuration: 5 minutes.\n',0,'2022-05-12 15:26:35.304793',36,0,40,90,0),(142,'0511','Start Time: 2022-05-12 15:25\nDuration: 5 minutes.\n',0,'2022-05-12 15:26:35.304819',36,0,41,90,0),(143,'0510','Start Time: 2022-05-12 15:50\nDuration: 8 minutes.\n',0,'2022-05-12 15:52:26.115207',36,1,36,91,0),(144,'0510','Start Time: 2022-05-12 15:50\nDuration: 8 minutes.\n',0,'2022-05-12 15:52:26.115231',36,0,38,91,0),(145,'0510','Start Time: 2022-05-12 15:50\nDuration: 8 minutes.\n',0,'2022-05-12 15:52:26.115243',36,0,39,91,0),(146,'0510','Start Time: 2022-05-12 15:50\nDuration: 8 minutes.\n',0,'2022-05-12 15:52:26.115255',36,0,40,91,0),(147,'0510','Start Time: 2022-05-12 15:50\nDuration: 8 minutes.\n',0,'2022-05-12 15:52:26.115266',36,0,41,91,0),(148,'test0511','Start Time: 2022-05-12 18:15\nDuration: 3 minutes.\n',0,'2022-05-12 18:17:00.211113',36,1,36,99,0),(149,'test0511','Start Time: 2022-05-12 18:15\nDuration: 3 minutes.\n',0,'2022-05-12 18:17:00.211141',36,0,38,99,0),(150,'test0511','Start Time: 2022-05-12 18:15\nDuration: 3 minutes.\n',0,'2022-05-12 18:17:00.211153',36,0,39,99,0),(151,'test0511','Start Time: 2022-05-12 18:15\nDuration: 3 minutes.\n',0,'2022-05-12 18:17:00.211164',36,0,40,99,0),(152,'test0511','Start Time: 2022-05-12 18:15\nDuration: 3 minutes.\n',0,'2022-05-12 18:17:00.211175',36,0,41,99,0),(153,'test0512','Start Time: 2022-05-12 23:0\nDuration: 25 minutes.\n',0,'2022-05-12 23:04:05.020590',36,1,36,100,0),(154,'test0512','Start Time: 2022-05-12 23:0\nDuration: 25 minutes.\n',0,'2022-05-12 23:04:05.020675',36,0,38,100,0),(155,'test0512','Start Time: 2022-05-12 23:0\nDuration: 25 minutes.\n',0,'2022-05-12 23:04:05.020687',36,0,39,100,0),(156,'test0512','Start Time: 2022-05-12 23:0\nDuration: 25 minutes.\n',0,'2022-05-12 23:04:05.020699',36,0,40,100,0),(157,'test0512','Start Time: 2022-05-12 23:0\nDuration: 25 minutes.\n',0,'2022-05-12 23:04:05.020710',36,0,41,100,0),(158,'test0513','Start Time: 2022-05-16 1:25\nDuration: 15 minutes.\n',0,'2022-05-16 01:27:58.053147',36,1,36,104,0),(159,'test0513','Start Time: 2022-05-16 1:25\nDuration: 15 minutes.\n',0,'2022-05-16 01:27:58.053179',36,0,38,104,0),(160,'test0513','Start Time: 2022-05-16 1:25\nDuration: 15 minutes.\n',0,'2022-05-16 01:27:58.053191',36,0,39,104,0),(161,'test0513','Start Time: 2022-05-16 1:25\nDuration: 15 minutes.\n',0,'2022-05-16 01:27:58.053202',36,0,40,104,0),(162,'test0513','Start Time: 2022-05-16 1:25\nDuration: 15 minutes.\n',0,'2022-05-16 01:27:58.053213',36,0,41,104,0),(163,'鑑測0518','Start Time: 2022-05-18 18:15\nDuration: 30 minutes.\n',0,'2022-05-18 18:15:16.974341',36,1,36,107,0),(164,'鑑測0518','Start Time: 2022-05-18 18:15\nDuration: 30 minutes.\n',0,'2022-05-18 18:15:16.974369',36,0,38,107,0),(165,'鑑測0518','Start Time: 2022-05-18 18:15\nDuration: 30 minutes.\n',0,'2022-05-18 18:15:16.974381',36,0,39,107,0),(166,'鑑測0518','Start Time: 2022-05-18 18:15\nDuration: 30 minutes.\n',0,'2022-05-18 18:15:16.974393',36,0,40,107,0),(167,'鑑測0518','Start Time: 2022-05-18 18:15\nDuration: 30 minutes.\n',0,'2022-05-18 18:15:16.974404',36,0,41,107,0),(168,'鑑測0519','Start Time: 2022-05-19 0:10\nDuration: 20 minutes.\n',0,'2022-05-19 00:09:32.145093',36,1,36,108,0),(169,'鑑測0519','Start Time: 2022-05-19 0:10\nDuration: 20 minutes.\n',0,'2022-05-19 00:09:32.145123',36,0,38,108,0),(170,'鑑測0519','Start Time: 2022-05-19 0:10\nDuration: 20 minutes.\n',0,'2022-05-19 00:09:32.145135',36,0,39,108,0),(171,'鑑測0519','Start Time: 2022-05-19 0:10\nDuration: 20 minutes.\n',0,'2022-05-19 00:09:32.145147',36,0,40,108,0),(172,'鑑測0519','Start Time: 2022-05-19 0:10\nDuration: 20 minutes.\n',0,'2022-05-19 00:09:32.145158',36,0,41,108,0),(173,'鑑測05192','Start Time: 2022-05-19 0:30\nDuration: 10 minutes.\n',0,'2022-05-19 00:33:08.425060',36,1,36,109,0),(174,'鑑測05192','Start Time: 2022-05-19 0:30\nDuration: 10 minutes.\n',0,'2022-05-19 00:33:08.425089',36,0,38,109,0),(175,'鑑測05192','Start Time: 2022-05-19 0:30\nDuration: 10 minutes.\n',0,'2022-05-19 00:33:08.425100',36,0,39,109,0),(176,'鑑測05192','Start Time: 2022-05-19 0:30\nDuration: 10 minutes.\n',0,'2022-05-19 00:33:08.425111',36,0,40,109,0),(177,'鑑測05192','Start Time: 2022-05-19 0:30\nDuration: 10 minutes.\n',0,'2022-05-19 00:33:08.425122',36,0,41,109,0),(178,'20230405','Start Time: 2023-04-05 22:30\nDuration: 15 minutes.\n',0,'2023-04-05 22:25:11.414456',44,0,36,118,0),(179,'20230405','Start Time: 2023-04-05 22:30\nDuration: 15 minutes.\n',0,'2023-04-05 22:25:11.414493',44,0,38,118,0),(180,'20230405','Start Time: 2023-04-05 22:30\nDuration: 15 minutes.\n',0,'2023-04-05 22:25:11.414531',44,0,39,118,0),(181,'20230405','Start Time: 2023-04-05 22:30\nDuration: 15 minutes.\n',0,'2023-04-05 22:25:11.414565',44,0,40,118,0),(182,'20230405','Start Time: 2023-04-05 22:30\nDuration: 15 minutes.\n',0,'2023-04-05 22:25:11.414593',44,0,41,118,0),(183,'0405','Start Time: 2023-04-05 22:45\nDuration: 15 minutes.\n',0,'2023-04-05 22:36:37.084856',44,1,42,119,0),(184,'0405','Start Time: 2023-04-05 22:45\nDuration: 15 minutes.\n',0,'2023-04-05 22:36:37.084894',44,1,43,119,0),(185,'0405','Start Time: 2023-04-05 22:45\nDuration: 15 minutes.\n',0,'2023-04-05 22:36:37.084920',44,1,44,119,0),(186,'test','Start Time: 2023-04-05 22:50\nDuration: 15 minutes.\n',0,'2023-04-05 22:44:18.718695',43,0,42,120,0),(187,'test','Start Time: 2023-04-05 22:50\nDuration: 15 minutes.\n',0,'2023-04-05 22:44:18.718733',43,1,43,120,0),(188,'test','Start Time: 2023-04-05 22:50\nDuration: 15 minutes.\n',0,'2023-04-05 22:44:18.718760',43,1,44,120,0),(189,'0000','Start Time: 2023-04-05 23:0\nDuration: 15 minutes.\n',0,'2023-04-05 22:51:48.496489',44,0,42,121,0),(190,'0000','Start Time: 2023-04-05 23:0\nDuration: 15 minutes.\n',0,'2023-04-05 22:51:48.496527',44,1,43,121,0),(191,'0000','Start Time: 2023-04-05 23:0\nDuration: 15 minutes.\n',0,'2023-04-05 22:51:48.496553',44,1,44,121,0),(203,'驗證郵件信箱','請確認您的郵件信箱以完成驗證，謝謝您的合作',0,'2023-04-06 11:01:58.527698',50,1,50,0,0),(204,'驗證郵件信箱','請確認您的郵件信箱以完成驗證，謝謝您的合作',0,'2023-04-11 14:18:40.139865',49,1,49,0,0),(205,'abc','Start Time: 2023-04-13 23:40\nDuration: 10 minutes.\n',0,'2023-04-13 23:31:31.679699',44,0,42,155,0),(206,'abc','Start Time: 2023-04-13 23:40\nDuration: 10 minutes.\n',0,'2023-04-13 23:31:31.679736',44,0,43,155,0),(207,'abc','Start Time: 2023-04-13 23:40\nDuration: 10 minutes.\n',0,'2023-04-13 23:31:31.679762',44,1,44,155,0);
/*!40000 ALTER TABLE `alcpt_proclamation` ENABLE KEYS */;
UNLOCK TABLES;

--
-- Table structure for table `alcpt_question`
--

DROP TABLE IF EXISTS `alcpt_question`;
/*!40101 SET @saved_cs_client     = @@character_set_client */;
/*!50503 SET character_set_client = utf8mb4 */;
CREATE TABLE `alcpt_question` (
  `id` int NOT NULL AUTO_INCREMENT,
  `q_type` smallint unsigned NOT NULL,
  `q_file` longtext,
  `q_content` longtext,
  `difficulty` smallint unsigned NOT NULL,
  `issued_freq` int NOT NULL,
  `correct_freq` int NOT NULL,
  `created_time` datetime(6) NOT NULL,
  `update_time` datetime(6) NOT NULL,
  `is_valid` tinyint(1) NOT NULL,
  `state` smallint NOT NULL,
  `created_by_id` int NOT NULL,
  `last_updated_by_id` int DEFAULT NULL,
  `faulted_reason` varchar(255) DEFAULT NULL,
  `q_correct_time` int NOT NULL,
  `q_time` int NOT NULL,
  `in_forum` tinyint(1) NOT NULL,
  `best_reply` longtext,
  `replier_id` int DEFAULT NULL,
  PRIMARY KEY (`id`),
  UNIQUE KEY `replier_id` (`replier_id`),
  KEY `alcpt_question_created_by_id_2c7db757_fk_alcpt_user_id` (`created_by_id`),
  KEY `alcpt_question_last_updated_by_id_7e7caa2c_fk_alcpt_user_id` (`last_updated_by_id`),
  CONSTRAINT `alcpt_question_created_by_id_2c7db757_fk_alcpt_user_id` FOREIGN KEY (`created_by_id`) REFERENCES `alcpt_user` (`id`),
  CONSTRAINT `alcpt_question_last_updated_by_id_7e7caa2c_fk_alcpt_user_id` FOREIGN KEY (`last_updated_by_id`) REFERENCES `alcpt_user` (`id`),
  CONSTRAINT `alcpt_question_replier_id_6fe0d52f_fk_alcpt_user_id` FOREIGN KEY (`replier_id`) REFERENCES `alcpt_user` (`id`)
) ENGINE=InnoDB AUTO_INCREMENT=541 DEFAULT CHARSET=utf8mb3;
/*!40101 SET character_set_client = @saved_cs_client */;

--
-- Dumping data for table `alcpt_question`
--

LOCK TABLES `alcpt_question` WRITE;
/*!40000 ALTER TABLE `alcpt_question` DISABLE KEYS */;
INSERT INTO `alcpt_question` VALUES (1,3,'','He is ____ in the military service.',1,10,26,'2019-05-19 16:18:54.592000','2023-04-05 22:52:38.207394',0,5,1,36,'',9,34,0,NULL,NULL),(2,4,'','What kind of missile that distance is from 1000 km to 3000km?',1,4,25,'2019-12-13 12:34:07.004452','2023-04-14 08:18:50.697157',0,1,1,1,'',1,4,0,NULL,NULL),(3,4,'','Which of the following options matches accuracy, durability, and fitness?',1,2,0,'2019-12-14 06:48:42.496852','2023-04-14 08:16:42.580574',0,1,1,1,'',0,2,0,NULL,NULL),(5,3,'','If he  ____ his sweater, he wouldn’t have caught a cold.',1,11,45,'2019-12-17 12:03:07.417097','2023-04-14 08:36:47.300347',0,1,1,1,'',29,64,0,NULL,NULL),(6,4,'','\"Victory is still measured by foot.\" is a common saying in the Indian Army.\r\nThis means that, while many types of units fight in a war, it is the __________ who ultimately win or lose wars.',1,5,90,'2019-12-17 14:22:04.373493','2023-04-14 08:11:58.981554',0,1,1,1,'',10,11,0,NULL,NULL),(23,4,'','The rule of ______ in UO are often very strict in order to minimize collateral damage.',1,0,11,'2019-12-18 13:19:04.544839','2023-04-14 08:22:50.679849',0,1,1,1,'',1,9,0,NULL,NULL),(28,1,'question_files/question_28.mp3',NULL,1,3,80,'2019-12-18 16:30:52.424219','2023-04-14 08:08:05.400167',0,1,1,1,'鄧紫棋太正',4,5,0,NULL,NULL),(29,3,'','I can\'t go with you ______ I\'m busy.',1,6,50,'2019-12-18 12:24:40.346544','2023-04-14 08:28:07.612687',0,1,1,1,'',31,61,0,NULL,NULL),(30,3,'','They have been waiting for me ______ 5 o\'clock.',1,4,0,'2019-12-18 12:26:59.413803','2020-04-12 23:42:10.986821',0,5,1,1,'',0,0,0,NULL,NULL),(31,3,'','Most people ______ to red newspapers.',1,7,31,'2019-12-18 12:29:04.000232','2023-04-14 08:28:07.598756',0,1,1,1,'',20,64,1,NULL,NULL),(32,3,'','John would have called the police if he ____ the accident.',1,8,40,'2019-12-18 12:41:20.098003','2023-04-14 08:28:07.590065',0,1,1,1,'',21,52,1,NULL,NULL),(33,3,'','He finished _____ his tape.',1,9,32,'2019-12-18 12:44:37.305665','2023-04-14 08:23:30.739705',0,1,1,36,'',21,65,0,NULL,NULL),(34,3,'','He left the office early ____ he could do some shopping.',1,6,33,'2019-12-18 12:46:07.538020','2023-04-14 08:28:07.601520',0,1,1,1,'',20,60,1,NULL,NULL),(35,3,'','______ you mind closing the window?',1,7,46,'2019-12-18 12:46:52.892223','2023-04-14 08:23:37.550847',0,1,1,1,'',30,64,0,NULL,NULL),(36,3,'','You ______ review this lesson before you take the test.',1,6,40,'2019-12-18 12:50:56.110807','2023-04-14 08:36:47.303567',0,1,1,1,'',20,49,1,NULL,NULL),(37,3,'','He has been studying English _____ four years.',1,9,69,'2019-12-18 12:52:35.977609','2023-04-14 08:16:58.536171',0,1,1,1,'',45,65,0,NULL,NULL),(40,3,'','The visibility was poor yesterday. I _______.',1,9,66,'2019-12-18 13:09:06.167496','2023-04-14 08:36:47.312253',0,1,1,1,'',39,59,0,NULL,NULL),(41,3,'','Howard finished ________ because he was the fastest.',1,8,53,'2019-12-18 13:11:47.679947','2023-04-14 08:36:47.306417',0,1,1,1,'',32,60,0,NULL,NULL),(42,3,'','Get the red book. _______ is on the shelf.',1,9,43,'2019-12-18 13:14:11.897504','2023-04-14 08:28:07.604366',0,1,1,1,'',24,55,0,NULL,NULL),(43,3,'','I am going _______ to buy a new car.',1,5,27,'2019-12-18 13:15:43.150014','2023-04-14 08:28:07.609888',0,1,1,1,'',13,48,0,NULL,NULL),(44,3,'','The weather is ______ today than it was last night.',1,7,54,'2019-12-18 13:16:38.833223','2023-04-14 08:36:47.317916',0,1,1,1,'',28,51,0,NULL,NULL),(45,3,'','In the U.S., conversation is _______ proper during meals.',1,5,18,'2019-12-18 13:34:36.708340','2023-04-14 08:23:30.731370',0,1,1,1,'',7,37,0,NULL,NULL),(46,3,'','______ spears for weapons, the men hunted wild animals.',1,6,27,'2019-12-18 13:38:41.449990','2023-04-14 08:36:47.309300',0,1,1,1,'',17,61,0,NULL,NULL),(47,3,'','Aircraft pilots communicate ______ control towers.',1,10,52,'2019-12-18 13:39:49.363301','2023-04-14 08:36:47.315086',0,1,1,1,'',29,55,0,NULL,NULL),(48,3,'','Did the students ______ a lot of homework last night?',1,9,71,'2019-12-18 13:40:48.026545','2023-04-14 08:23:30.747976',0,1,1,1,'',30,42,0,NULL,NULL),(49,4,'','The ______ is a common military firearm. Soldiers fire it from the shoulder. It has a built-in sight.',1,1,66,'2019-12-20 06:58:58.709023','2023-04-14 08:10:12.067642',0,1,1,1,'',2,3,0,NULL,NULL),(50,4,'','In fact, ________ have great symbolic meaning. When a unit is defeated, the commanding officer often gives his sidearm to the enemy commander.',1,3,0,'2019-12-20 07:02:22.291929','2023-04-14 08:11:56.019351',0,1,1,1,'',0,4,0,NULL,NULL),(51,4,'','Small mortars are _______ and used by infantry units.',1,1,0,'2019-12-20 07:20:14.774868','2023-04-13 11:35:25.508970',0,1,1,1,'',0,1,0,NULL,NULL),(52,5,'','What does the passage say about tanks?',1,10,12,'2019-12-20 07:24:04.722459','2023-04-14 08:22:50.673834',0,4,1,1,'',2,16,0,NULL,NULL),(53,4,'','Joe could not find a job that he really wanted. Therefore, he felt very _______.',1,1,71,'2019-12-21 19:15:16.742985','2023-04-14 08:23:37.548009',0,1,1,1,'',10,14,0,NULL,NULL),(54,4,'','I need someone to help me solve this _______ math problem. It is not easy for me to understand.',1,1,100,'2019-12-21 19:17:11.091771','2023-04-14 08:10:12.077080',0,1,1,1,'',3,3,0,NULL,NULL),(55,4,'','When you are depressed, try to replace all your _______ thoughts with positive ones.',1,1,83,'2019-12-21 19:18:18.603990','2023-04-14 08:49:38.541772',0,1,1,1,'',5,6,0,NULL,NULL),(56,4,'','The letter _______, so you should reply to it as soon as possible.',1,0,50,'2019-12-21 19:20:47.518982','2023-04-14 08:22:50.682552',0,1,1,1,'',2,4,0,NULL,NULL),(57,4,'','The old building has been discovered to be _______. It is vacant precisely for this reason.',1,2,33,'2019-12-21 19:22:11.623838','2023-04-14 08:16:58.544873',0,1,1,1,'',1,3,0,NULL,NULL),(58,4,'','Scientists have _______ that the greenhouse effect caused global warming.',1,2,57,'2019-12-21 19:24:19.309120','2020-12-15 16:19:32.063094',0,1,1,1,'',4,7,0,NULL,NULL),(59,4,'','Bobby cared a lot about his _____ at home and asked his parents not to go through his things without his permission.',1,3,100,'2019-12-21 19:32:03.154157','2023-04-06 10:28:55.967971',0,1,1,1,'',1,1,0,NULL,NULL),(60,3,'','The new manager is a real gentleman. He is  kind and humble, totally different from the former manager,\r\nwho was _____ and bossy.',1,8,38,'2019-12-21 19:33:47.066982','2023-04-14 08:23:37.563279',0,1,1,1,'',19,50,0,NULL,NULL),(61,4,'','The weather bureau _____ that the typhoon would bring strong winds and heavy rains, and warned everyone of the possible danger.',1,1,30,'2019-12-21 19:35:38.516608','2023-04-14 08:18:50.694427',0,1,1,1,'',3,10,0,NULL,NULL),(62,4,'','Different airlines have different _____ for carry-on luggage, but many international airlines limit a carry-on piece to 7 kilograms.',1,1,33,'2019-12-22 03:06:55.597684','2023-04-14 08:18:50.702836',0,1,1,1,'',3,9,0,NULL,NULL),(63,4,'','To reach the goal of making her company a market leader, Michelle _______ a plan to open ten new stores around the country this year.',1,0,100,'2019-12-24 12:54:51.363684','2023-04-14 08:18:50.679984',0,1,1,1,'',2,2,0,NULL,NULL),(64,4,'','Silence in some way is as _____ as speech. It can be used to show, for example, disagreement or lack\r\nof interest.',1,1,50,'2019-12-25 08:09:16.845920','2023-04-14 08:15:28.372999',0,1,1,1,'',1,2,0,NULL,NULL),(65,4,'','This TV program is designed for children, _____ for those under five. It contains no violence or strong language.',1,1,50,'2019-12-25 08:10:20.484738','2023-04-14 08:23:37.553624',0,1,1,1,'',2,4,0,NULL,NULL),(66,4,'','Tommy, please put away the toys in the box, or you might _____ on them and hurt yourself.\r\n',1,2,66,'2019-12-25 08:11:09.275821','2023-04-14 08:49:38.548279',0,1,1,1,'',4,6,0,NULL,NULL),(67,4,'','The _____ costume party, held every September, is one of the biggest events of the school year.',1,0,50,'2019-12-25 08:12:06.799790','2023-04-14 08:15:28.336738',0,1,1,1,'',1,2,0,NULL,NULL),(68,4,'','In a job interview, attitude and personality are usually important _____ that influence the decision of the interviewers.',1,4,100,'2019-12-25 08:13:02.205312','2023-04-14 08:22:50.688153',0,1,1,1,'',3,3,0,NULL,NULL),(69,4,'','The snow-capped mountain is described so _____ in the book that the scene seems to come alive in\r\nfront of the reader’s eyes.',1,2,50,'2019-12-25 08:14:17.086109','2023-04-14 08:11:56.037513',0,1,1,1,'',1,2,0,NULL,NULL),(70,4,'','. Surrounded by flowers blooming and birds _____ merrily, the Wangs had a good time hiking in the\r\nnational park.\r\n',1,2,50,'2019-12-25 08:15:19.386222','2023-04-14 08:10:12.080156',0,1,1,1,'',1,2,0,NULL,NULL),(71,4,'','It is essential for us to maintain constant _____ with our friends to ensure that we have someone to talk to in times of need.',1,1,30,'2019-12-25 08:16:08.286657','2023-04-14 08:16:42.591941',0,1,1,1,'',3,10,0,NULL,NULL),(72,4,'','The young generation in this country has shown less interest in factory work and other _____ labor jobs, such as house construction and fruit picking.',1,3,0,'2019-12-25 08:17:04.767922','2023-04-14 08:49:38.560577',0,1,1,1,'',0,6,0,NULL,NULL),(73,4,'','Mangoes are a _____ fruit here in Taiwan; most of them reach their peak of sweetness in July.',1,3,50,'2019-12-25 08:18:41.941366','2023-04-14 08:15:28.384781',0,1,1,1,'',1,2,0,NULL,NULL),(74,4,'','Writing term papers and giving oral reports are typical course _____ for college students.',1,0,60,'2019-12-25 08:21:44.015877','2023-04-14 08:23:25.872593',0,1,1,1,'',3,5,0,NULL,NULL),(75,4,'','If we work hard to _____ our dreams when we are young, we will not feel that we missed out on\r\nsomething when we get old.',1,3,33,'2019-12-25 08:23:09.645550','2023-04-14 08:10:47.418223',0,1,1,1,'',1,3,0,NULL,NULL),(76,4,'','Few people will trust you if you continue making _____ promises and never make efforts to keep them.',1,1,0,'2019-12-25 08:24:12.164544','2023-04-14 07:49:08.267724',0,1,1,1,'',0,3,0,NULL,NULL),(77,4,'','Becky _____ her ankle while she was playing tennis last week. Now it still hurts badly.',1,0,50,'2019-12-25 08:25:01.108884','2023-04-14 08:18:36.869894',0,1,1,1,'',2,4,0,NULL,NULL),(78,4,'','Research shows that men and women usually think differently. For example, they have quite different\r\n_____ about what marriage means in their life.',1,3,50,'2019-12-25 08:26:18.111187','2023-04-14 08:10:12.071019',0,1,1,1,'',2,4,0,NULL,NULL),(79,4,'','The new manager is very _____. For instance, the employees are given much shorter deadlines for the\r\nsame tasks than before.',1,2,25,'2019-12-25 08:27:04.893096','2023-04-14 08:49:38.569257',0,1,1,1,'',1,4,0,NULL,NULL),(80,4,'','While the couple were looking _____ for their missing children, the kids were actually having fun in\r\nthe woods nearby.',1,5,100,'2019-12-25 08:28:00.176428','2023-04-14 08:10:52.545482',0,1,1,1,'',4,4,0,NULL,NULL),(81,4,'','After delivering a very powerful speech, the award winner was _____ by a group of fans asking for her signature.',1,2,62,'2019-12-25 08:29:05.623123','2023-04-14 08:49:38.551356',0,1,1,1,'',5,8,0,NULL,NULL),(82,4,'','The interviewees were trying very hard to _____ the interviewers that they were very capable and\r\nshould be given the job.',1,2,33,'2019-12-25 08:30:01.784400','2023-04-14 08:49:38.563638',0,1,1,1,'',1,3,0,NULL,NULL),(83,4,'','After the first snow of the year, the entire grassland disappeared under a _____ of snow.\r\n',1,2,0,'2019-12-25 08:31:04.892996','2023-04-14 08:16:42.586283',0,1,1,1,'',0,8,0,NULL,NULL),(84,4,'','Peter likes books with wide _____, which provide him with enough space to write notes.',1,2,100,'2019-12-25 08:31:57.216138','2023-04-14 07:59:59.990041',0,1,1,1,'',1,1,0,NULL,NULL),(85,4,'','At the beginning of the semester, the teacher told the students that late assignments would receive a low grade as a _____.',1,4,0,'2019-12-25 08:32:54.928532','2023-04-06 10:48:34.899418',0,1,1,1,'',0,3,0,NULL,NULL),(86,4,'','Various studies have been _____ in this hospital to explore the link between a high-fat diet and cancer.',1,3,25,'2019-12-25 08:33:54.946537','2023-04-14 08:16:58.527344',0,1,1,1,'',1,4,0,NULL,NULL),(87,4,'','Intense, fast-moving fires raged across much of California last week. The _____ firestorm has claimed the lives of thirty people.',1,4,23,'2019-12-25 08:35:05.531916','2023-04-14 08:18:50.705569',0,1,1,1,'',3,13,0,NULL,NULL),(88,4,'','John’s clock is not functioning _____. The alarm rings even when it’s not set to go off.',1,4,25,'2019-12-25 23:49:18.117495','2023-04-14 08:18:50.688726',0,1,1,1,'',1,4,0,NULL,NULL),(89,4,'','Michael has decided to _____ a career in physics and has set his mind on becoming a professor.',1,2,50,'2019-12-25 23:50:17.718596','2023-04-14 08:10:51.064577',0,1,1,1,'',3,6,0,NULL,NULL),(90,4,'','Peter plans to hike in a _____ part of Africa, where he might not meet another human being for days.',1,1,33,'2019-12-25 23:51:05.015013','2023-04-14 08:11:58.987771',0,1,1,1,'',1,3,0,NULL,NULL),(91,4,'','People in this community tend to _____ with the group they belong to, and often put group interests\r\nbefore personal ones.',1,2,60,'2019-12-25 23:51:50.144780','2023-04-14 08:15:28.387719',0,1,1,1,'',3,5,0,NULL,NULL),(92,4,'','I mistook the man for a well-known actor and asked for his autograph; it was really _____.',1,2,33,'2019-12-25 23:52:38.895877','2023-04-14 08:15:28.363865',0,1,1,1,'',1,3,0,NULL,NULL),(93,4,'','After spending most of her salary on rent and food, Amelia _____ had any money left for\r\nentertainment and other expenses.',1,6,88,'2019-12-25 23:53:25.278731','2023-04-14 08:18:50.699996',0,1,1,1,'',8,9,0,NULL,NULL),(94,4,'','In the Bermuda Triangle, a region in the western part of the North Atlantic Ocean, some airplanes and ships were reported to have mysteriously disappeared without a _____.',1,0,66,'2019-12-25 23:54:19.531493','2023-04-14 08:16:42.577694',0,1,1,1,'',2,3,0,NULL,NULL),(95,4,'','Shouting greetings and waving a big sign, Tony _____ the passing shoppers to visit his shop and buy\r\nthe freshly baked bread.',1,2,33,'2019-12-25 23:55:00.695972','2023-04-14 08:49:38.566507',0,1,1,1,'',1,3,0,NULL,NULL),(96,4,'','With a continuous 3 km stretch of golden sand, the beach attracts artists around the world each\r\nsummer to create amazing _____ with its fine soft sand.\r\n',1,1,0,'2019-12-25 23:55:58.308430','2023-04-14 08:15:28.408752',0,1,1,1,'',0,2,0,NULL,NULL),(97,4,'','The clouds parted and a _____ of light fell on the church, through the windows, and onto the floor.',1,2,20,'2019-12-25 23:56:54.583673','2023-04-14 08:10:52.522708',0,1,1,1,'',1,5,0,NULL,NULL),(98,4,'','. Instead of a gift, Tim’s grandmother always _____ some money in the birthday card she gave him.',1,1,50,'2019-12-25 23:57:42.612180','2023-04-14 08:10:29.420557',0,1,1,1,'',1,2,0,NULL,NULL),(99,4,'','While winning a gold _____ is what every Olympic athlete dreams of, it becomes meaningless if it is\r\nachieved by cheating.',1,0,0,'2019-12-25 23:58:36.839143','2023-04-14 08:18:36.884234',0,1,1,1,'',0,2,0,NULL,NULL),(100,4,'','The thief went into the apartment building and stole some jewelry. He then _____ himself as a\r\nsecurity guard and walked out the front gate.',1,3,50,'2019-12-25 23:59:21.652007','2023-04-14 08:23:25.860979',0,1,1,1,'',3,6,0,NULL,NULL),(101,4,'','Due to numerous accidents that occurred while people were playing Pokémon GO, players were\r\nadvised to be _____ of possible dangers in the environment.',1,0,33,'2019-12-26 00:00:17.186295','2023-04-14 08:11:58.975411',0,1,1,1,'',1,3,0,NULL,NULL),(102,4,'','Sherlock Holmes, a detective in a popular fiction series, has impressed readers with his amazing\r\npowers of _____ and his knowledge of trivial facts.',1,0,66,'2019-12-26 00:01:02.927972','2023-04-14 08:23:25.886957',0,1,1,1,'',2,3,0,NULL,NULL),(103,4,'','Posters of the local rock band were displayed in store windows to promote the sale of their _____ tickets.',1,1,25,'2019-12-26 00:02:19.550592','2023-04-14 08:49:38.557422',0,1,1,1,'',1,4,0,NULL,NULL),(104,4,'','Maria didn’t want to deliver the bad news to David about his failing the job interview. She herself was quite _____ about it.',1,4,50,'2019-12-26 00:03:11.445915','2023-04-14 08:10:12.054400',0,1,1,1,'',2,4,0,NULL,NULL),(105,4,'','The newcomer speaks with a strong Irish _____; he must be from Ireland.',1,2,50,'2019-12-26 00:03:58.416180','2023-04-14 08:49:38.545081',0,1,1,1,'',1,2,0,NULL,NULL),(106,4,'','Although Maggie has been physically _____ to her wheelchair since the car accident, she does not limit herself to indoor activities.',1,2,0,'2019-12-26 00:04:53.752826','2020-12-15 16:19:31.981437',0,1,1,1,'',0,7,0,NULL,NULL),(107,4,'','All passengers riding in cars are required to fasten their seatbelts in order to reduce the risk of _____ in case of an accident.',1,1,80,'2019-12-26 00:05:52.019692','2023-04-14 08:22:50.704581',0,1,1,1,'',8,10,0,NULL,NULL),(108,4,'','The principal of this school is a man of exceptional _____. He sets aside a part of his salary for a\r\nscholarship fund for children from needy families.',1,0,0,'2019-12-26 00:15:53.205410','2023-04-14 08:23:37.541656',0,1,1,1,'',0,1,0,NULL,NULL),(109,4,'','The science teacher always _____ the use of the laboratory equipment before she lets her students use it on their own.',1,2,0,'2019-12-26 00:16:45.679511','2023-04-14 08:10:47.436330',0,1,1,1,'',0,4,0,NULL,NULL),(110,4,'','Most of the area is covered by woods, where bird species are so _____ that it is a paradise for\r\nbirdwatchers.',1,3,25,'2019-12-26 00:17:32.236214','2023-04-06 10:52:26.794268',0,1,1,1,'',1,4,0,NULL,NULL),(111,4,'','In most cases, the committee members can reach agreement quickly. _____, however, they differ\r\ngreatly in opinion and have a hard time making decisions.\r\n',1,4,40,'2019-12-26 00:18:10.994916','2023-04-14 08:11:49.706974',0,1,1,1,'',2,5,0,NULL,NULL),(112,4,'','Many people try to save a lot of money before _____, since having enough money would give them a\r\nsense of security for their future.',1,2,66,'2019-12-26 00:18:52.005813','2023-04-14 08:16:42.589067',0,1,1,1,'',2,3,0,NULL,NULL),(113,4,'','In winter, our skin tends to become dry and _____, a problem which is usually treated by applying\r\nlotions or creams.',1,3,16,'2019-12-26 00:19:29.820016','2023-04-14 08:49:38.554472',0,1,1,1,'',2,12,0,NULL,NULL),(114,4,'','Benson married Julie soon after he had _____ her heart and gained her parents’ approval.',1,0,62,'2019-12-26 00:20:11.296244','2023-04-14 08:10:12.051009',0,1,1,1,'',5,8,0,NULL,NULL),(115,4,'','The recent flood completely _____ my parents’ farm. The farmhouse and fruit trees were all gone and\r\nnothing was left.',1,6,75,'2019-12-26 00:20:51.224284','2023-04-14 08:16:58.530265',0,1,1,1,'',9,12,0,NULL,NULL),(116,4,'','The results of this survey are not reliable because the people it questioned were not a typical or _____ sample of the entire population that was studied.',1,1,50,'2019-12-26 00:21:34.775035','2023-04-14 08:10:29.427000',0,1,1,1,'',1,2,0,NULL,NULL),(117,4,'','In line with the worldwide green movement, carmakers have been working hard to make their new\r\nmodels more _____ friendly to reduce pollution.',1,1,50,'2019-12-26 00:22:25.904673','2023-04-14 08:18:50.691575',0,1,1,1,'',1,2,0,NULL,NULL),(125,1,'question_files/question_125.mp3',NULL,1,2,33,'2019-12-26 03:09:41.553574','2023-04-14 08:27:19.540228',0,1,1,1,'',2,6,0,NULL,NULL),(126,1,'question_files/question_126.mp3',NULL,1,3,25,'2019-12-26 03:22:19.579554','2023-04-14 08:12:42.734727',0,1,1,1,'',1,4,0,NULL,NULL),(127,1,'question_files/question_127.mp3',NULL,1,3,0,'2019-12-26 03:27:43.982979','2023-04-14 08:16:25.634241',0,1,1,1,'',0,3,0,NULL,NULL),(128,1,'question_files/question_128.mp3',NULL,1,3,0,'2019-12-26 03:30:18.122344','2023-04-14 08:31:17.336312',0,1,1,1,'',0,5,0,NULL,NULL),(129,1,'question_files/question_129.mp3',NULL,1,5,33,'2019-12-26 03:33:19.089663','2023-04-14 08:18:23.237024',0,1,1,1,'',1,3,0,NULL,NULL),(130,1,'question_files/question_130.mp3',NULL,1,4,42,'2019-12-26 03:37:09.229280','2023-04-14 08:22:25.424035',0,1,1,1,'',3,7,0,NULL,NULL),(131,1,'question_files/question_131.mp3',NULL,1,1,50,'2019-12-26 06:04:50.722261','2023-04-14 08:18:10.475716',0,1,1,1,'',2,4,0,NULL,NULL),(132,1,'question_files/question_132.mp3',NULL,1,0,0,'2019-12-26 06:08:58.012976','2023-04-06 10:16:05.736425',0,1,1,1,'',0,2,0,NULL,NULL),(133,1,'question_files/question_133.mp3',NULL,1,4,0,'2019-12-26 06:11:53.890894','2023-04-14 08:16:25.637027',0,1,1,1,'',0,2,0,NULL,NULL),(134,1,'question_files/question_134.mp3',NULL,1,3,57,'2019-12-26 06:17:00.972463','2023-04-06 10:17:14.309868',0,1,1,1,'',4,7,0,NULL,NULL),(135,1,'question_files/question_135.mp3',NULL,1,1,0,'2019-12-26 06:20:19.431249','2023-04-14 08:18:24.677087',0,1,1,1,'',0,2,0,NULL,NULL),(136,1,'question_files/question_136.mp3',NULL,1,0,66,'2019-12-26 06:23:48.337419','2023-04-14 08:31:17.311864',0,1,1,1,'',2,3,0,NULL,NULL),(137,1,'question_files/question_137.mp3',NULL,1,4,100,'2019-12-26 06:26:58.197782','2023-04-06 10:17:14.301070',0,1,1,1,'',2,2,0,NULL,NULL),(138,1,'question_files/question_138.mp3',NULL,1,0,0,'2019-12-26 06:32:30.462517','2023-04-06 20:38:11.137517',0,3,1,1,'聽不太懂',0,0,0,NULL,NULL),(139,1,'question_files/question_139.mp3',NULL,1,4,66,'2019-12-26 06:35:12.781862','2023-04-06 10:10:57.605745',0,1,1,1,'',2,3,0,NULL,NULL),(140,1,'question_files/question_140.mp3',NULL,1,4,66,'2019-12-26 06:39:23.967520','2023-04-14 08:14:27.628123',0,1,1,1,'',2,3,0,NULL,NULL),(141,1,'question_files/question_141.mp3',NULL,1,4,42,'2019-12-26 06:42:31.268421','2023-04-14 08:22:25.404395',0,1,1,1,'',3,7,0,NULL,NULL),(142,1,'question_files/question_142.mp3',NULL,1,3,0,'2019-12-26 06:46:30.796314','2023-04-14 08:11:23.922528',0,1,1,1,'',0,5,0,NULL,NULL),(143,1,'question_files/question_143.mp3',NULL,1,5,33,'2019-12-26 06:49:39.177467','2023-04-14 08:31:17.299725',0,1,1,1,'',1,3,0,NULL,NULL),(144,1,'question_files/question_144.mp3',NULL,1,3,40,'2019-12-26 06:54:08.787461','2023-04-14 08:14:27.619776',0,1,1,1,'',2,5,0,NULL,NULL),(145,1,'question_files/question_145.mp3',NULL,1,2,33,'2019-12-26 07:07:02.339676','2023-04-14 08:16:25.645353',0,1,1,1,'',1,3,0,NULL,NULL),(146,1,'question_files/question_146.mp3',NULL,1,1,33,'2019-12-26 07:13:59.679023','2023-04-13 11:54:35.939714',0,1,1,1,'',1,3,0,NULL,NULL),(147,1,'question_files/question_147.mp3',NULL,1,2,100,'2019-12-26 07:17:00.663406','2023-04-06 10:13:30.079672',0,1,1,1,'',1,1,0,NULL,NULL),(148,1,'question_files/question_148.mp3',NULL,1,4,50,'2019-12-26 07:23:00.514240','2023-04-14 08:11:23.916647',0,1,1,1,'',4,8,0,NULL,NULL),(149,1,'question_files/question_149.mp3',NULL,1,4,0,'2019-12-26 07:26:47.400984','2023-04-14 08:31:17.348340',0,1,1,1,'',0,3,0,NULL,NULL),(150,1,'question_files/question_150.mp3',NULL,1,3,0,'2019-12-26 07:41:56.109196','2021-11-04 21:09:17.069365',0,1,1,1,'雖然可以選出答案，但是音檔缺少問句的部分',0,4,0,NULL,NULL),(151,1,'question_files/question_151.mp3',NULL,1,2,0,'2019-12-26 07:45:42.139566','2023-04-14 08:18:23.211201',0,1,1,1,'',0,4,0,NULL,NULL),(152,1,'question_files/question_152.mp3',NULL,1,1,33,'2019-12-26 07:50:29.395450','2023-04-14 08:31:17.308739',0,1,1,1,'',1,3,0,NULL,NULL),(153,1,'question_files/question_153.mp3',NULL,1,3,0,'2019-12-26 07:53:08.891499','2023-04-13 11:54:35.957905',0,1,1,1,'',0,2,0,NULL,NULL),(154,1,'question_files/question_154.mp3',NULL,1,4,60,'2019-12-26 07:58:00.692136','2023-04-14 08:11:23.925575',0,1,1,1,'',3,5,0,NULL,NULL),(155,1,'question_files/question_155.mp3',NULL,1,2,20,'2019-12-31 00:46:56.236122','2023-04-14 08:07:48.534114',0,1,1,1,'',1,5,0,NULL,NULL),(156,1,'question_files/question_156.mp3',NULL,1,3,25,'2019-12-31 00:54:23.533230','2023-04-14 08:18:24.643570',0,1,1,1,'',1,4,0,NULL,NULL),(157,1,'question_files/question_157.mp3',NULL,1,1,40,'2019-12-31 00:55:37.802431','2023-04-14 08:18:10.449418',0,1,1,1,'',2,5,0,NULL,NULL),(158,1,'question_files/question_158.mp3',NULL,1,1,0,'2019-12-31 00:57:01.360611','2023-04-14 08:09:52.704785',0,1,1,1,'',0,1,0,NULL,NULL),(159,1,'question_files/question_159.mp3',NULL,1,5,66,'2019-12-31 00:58:11.312295','2023-04-14 08:18:24.661842',0,1,1,1,'',4,6,0,NULL,NULL),(160,1,'question_files/question_160.mp3',NULL,1,4,0,'2019-12-31 01:00:01.545383','2023-04-14 08:09:52.696084',0,1,1,1,'',0,1,0,NULL,NULL),(161,1,'question_files/question_161.mp3',NULL,1,0,0,'2019-12-31 01:01:05.176691','2023-04-06 20:38:10.339607',0,3,1,1,'聽不太懂',0,0,0,NULL,NULL),(162,1,'question_files/question_162.mp3',NULL,1,3,0,'2019-12-31 01:02:07.772268','2023-04-14 08:12:42.718132',0,1,1,1,'',0,3,0,NULL,NULL),(163,1,'question_files/question_163.mp3',NULL,1,3,75,'2019-12-31 01:03:17.137776','2023-04-14 08:22:25.426818',0,1,1,1,'',3,4,0,NULL,NULL),(164,1,'question_files/question_164.mp3',NULL,1,1,0,'2019-12-31 01:04:38.150599','2023-04-14 08:09:52.689896',0,1,1,1,'',0,5,0,NULL,NULL),(165,1,'question_files/question_165.mp3',NULL,1,5,40,'2019-12-31 01:06:13.342088','2023-04-14 08:16:25.648337',0,1,1,1,'',2,5,0,NULL,NULL),(166,1,'question_files/question_166.mp3',NULL,1,4,66,'2019-12-31 01:08:24.370943','2023-04-14 08:09:52.701750',0,1,1,1,'',2,3,0,NULL,NULL),(167,1,'question_files/question_167.mp3',NULL,1,4,100,'2019-12-31 01:10:05.525811','2023-04-14 08:07:48.562269',0,1,1,1,'',3,3,0,NULL,NULL),(168,1,'question_files/question_168.mp3',NULL,1,0,0,'2019-12-31 01:11:33.647824','2023-04-06 20:38:08.777387',0,3,1,58,'重複了',0,0,0,NULL,NULL),(169,1,'question_files/question_169.mp3',NULL,1,0,0,'2019-12-31 01:15:53.747340','2023-04-06 20:37:57.911861',0,3,1,1,'重複了',0,0,0,NULL,NULL),(171,1,'question_files/question_171.mp3',NULL,1,3,100,'2019-12-31 01:19:06.620106','2023-04-14 08:12:23.043837',0,1,1,1,'',4,4,0,NULL,NULL),(172,1,'question_files/question_172.mp3',NULL,1,2,50,'2019-12-31 01:20:07.903854','2023-04-06 10:15:12.714898',0,1,1,1,'',2,4,0,NULL,NULL),(173,1,'question_files/question_173.mp3',NULL,1,0,33,'2019-12-31 01:21:08.906488','2023-04-14 08:31:17.290288',0,1,1,1,'',1,3,0,NULL,NULL),(174,1,'question_files/question_174.mp3',NULL,1,0,0,'2019-12-31 01:22:37.554419','2021-10-16 14:40:31.435572',0,3,1,1,'重複',0,0,0,NULL,NULL),(175,2,'question_files/question_175.mp3',NULL,1,5,18,'2019-12-31 01:25:08.452279','2023-04-14 08:27:19.520450',0,1,1,1,'',2,11,0,NULL,NULL),(176,2,'question_files/question_176.mp3',NULL,1,7,33,'2019-12-31 01:35:26.171595','2023-04-14 08:27:19.528823',0,1,1,1,'',4,12,0,NULL,NULL),(177,2,'question_files/question_177.mp3',NULL,1,7,53,'2019-12-31 01:36:23.550289','2023-04-14 08:27:19.517451',0,1,1,1,'',8,15,0,NULL,NULL),(178,2,'question_files/question_178.mp3',NULL,1,7,76,'2019-12-31 03:09:49.996004','2023-04-14 08:18:24.700395',0,1,1,1,'',10,13,0,NULL,NULL),(179,2,'question_files/question_179.mp3',NULL,1,6,50,'2019-12-31 03:22:18.400906','2023-04-14 08:18:23.223166',0,1,1,1,'',8,16,0,NULL,NULL),(180,2,'question_files/question_180.mp3',NULL,1,7,60,'2019-12-31 03:36:34.520015','2023-04-14 08:18:24.688530',0,1,1,1,'',9,15,0,NULL,NULL),(181,2,'question_files/question_181.mp3',NULL,1,7,43,'2019-12-31 03:37:49.760395','2023-04-14 08:18:24.703476',0,1,1,1,'',7,16,0,NULL,NULL),(182,2,'question_files/question_182.mp3',NULL,1,8,27,'2019-12-31 03:40:20.103403','2023-04-14 08:18:24.649441',0,1,1,1,'',3,11,0,NULL,NULL),(183,2,'question_files/question_183.mp3',NULL,1,7,46,'2019-12-31 03:41:32.399519','2023-04-14 08:18:24.664752',0,1,1,1,'',6,13,0,NULL,NULL),(184,2,'question_files/question_184.mp3',NULL,1,7,25,'2019-12-31 03:43:09.988883','2023-04-14 08:18:24.712096',0,1,1,1,'',3,12,0,NULL,NULL),(186,1,'question_files/question_186.mp3',NULL,1,6,0,'2020-01-01 16:02:50.237482','2023-04-14 08:18:24.726966',0,1,1,1,'',0,1,0,NULL,NULL),(187,1,'question_files/question_187.mp3',NULL,1,1,50,'2020-01-01 16:05:52.080960','2023-04-14 08:18:23.217331',0,1,1,1,'',1,2,0,NULL,NULL),(188,1,'question_files/question_188.mp3',NULL,1,1,0,'2020-01-01 16:07:35.962083','2023-04-13 22:38:43.424893',0,1,1,1,'',0,3,0,NULL,NULL),(189,1,'question_files/question_189.mp3',NULL,1,1,33,'2020-01-01 16:10:14.396142','2023-04-06 10:17:14.280386',0,1,1,1,'',1,3,0,NULL,NULL),(190,1,'question_files/question_190.mp3',NULL,1,4,25,'2020-01-01 16:11:52.280240','2023-04-14 08:18:10.478572',0,1,1,1,'',1,4,0,NULL,NULL),(191,1,'question_files/question_191.mp3',NULL,1,4,0,'2020-01-01 16:13:13.976888','2023-04-06 10:54:45.541011',0,1,1,1,'',0,1,0,NULL,NULL),(192,1,'question_files/question_192.mp3',NULL,1,2,0,'2020-01-01 16:15:31.756286','2023-04-14 08:31:17.320870',0,1,1,1,'',0,7,0,NULL,NULL),(193,1,'question_files/question_193.mp3',NULL,1,2,66,'2020-01-01 16:16:28.205044','2023-04-14 08:16:25.642607',0,1,1,1,'',2,3,0,NULL,NULL),(194,1,'question_files/question_194.mp3',NULL,1,2,33,'2020-01-01 16:17:21.729672','2023-04-14 08:31:17.326777',0,1,1,1,'',2,6,0,NULL,NULL),(195,1,'question_files/question_195.mp3',NULL,1,5,0,'2020-01-01 16:19:14.579817','2023-04-14 08:31:17.333200',0,1,1,1,'',0,1,0,NULL,NULL),(196,1,'question_files/question_196.mp3',NULL,1,2,60,'2020-01-01 16:20:05.224447','2021-11-04 21:09:17.105946',0,1,1,1,'',3,5,0,NULL,NULL),(197,1,'question_files/question_197.mp3',NULL,1,1,50,'2020-01-01 16:22:03.613290','2023-04-14 08:12:23.049713',0,1,1,1,'',2,4,0,NULL,NULL),(198,1,'question_files/question_198.mp3',NULL,1,7,100,'2020-01-01 16:23:41.872538','2023-04-14 08:12:03.820222',0,1,1,1,'',3,3,0,NULL,NULL),(199,1,'question_files/question_199.mp3',NULL,1,1,80,'2020-01-01 16:24:42.730861','2023-04-14 08:31:17.314847',0,1,1,1,'',4,5,0,NULL,NULL),(200,1,'question_files/question_200.mp3',NULL,1,5,50,'2020-01-01 16:25:42.844632','2023-04-14 08:16:53.661253',0,1,1,1,'',2,4,0,NULL,NULL),(201,1,'question_files/question_201.mp3',NULL,1,3,0,'2020-01-01 23:47:09.940770','2021-10-26 14:15:58.141230',0,1,1,1,'',0,2,0,NULL,NULL),(202,1,'question_files/question_202.mp3',NULL,1,3,0,'2020-01-01 23:48:31.777422','2023-04-14 08:08:58.434959',0,1,1,1,'',0,3,0,NULL,NULL),(203,1,'question_files/question_203.mp3',NULL,1,4,20,'2020-01-01 23:49:40.747913','2023-04-14 08:12:42.715360',0,1,1,1,'',1,5,0,NULL,NULL),(204,1,'question_files/question_204.mp3',NULL,1,2,33,'2020-01-01 23:51:07.607177','2023-04-06 10:05:59.152764',0,1,1,1,'',2,6,0,NULL,NULL),(205,1,'question_files/question_205.mp3',NULL,1,1,0,'2020-01-02 00:12:15.013826','2023-04-14 08:22:25.413024',0,1,1,1,'',0,2,0,NULL,NULL),(206,1,'question_files/question_206.mp3',NULL,1,1,25,'2020-01-02 00:15:34.706242','2023-04-14 08:18:24.682931',0,1,1,1,'',1,4,0,NULL,NULL),(207,1,'question_files/question_207.mp3',NULL,1,3,100,'2020-01-02 00:16:36.994048','2023-04-14 08:16:25.656649',0,1,1,1,'',1,1,0,NULL,NULL),(208,1,'question_files/question_208.mp3',NULL,1,6,66,'2020-01-02 00:18:15.199358','2023-04-14 08:10:47.705083',0,1,1,1,'',2,3,0,NULL,NULL),(209,1,'question_files/question_209.mp3',NULL,1,3,0,'2020-01-02 00:19:25.499366','2023-04-14 08:07:48.537714',0,1,1,1,'',0,6,0,NULL,NULL),(210,1,'question_files/question_210.mp3',NULL,1,3,50,'2020-01-02 03:13:02.891840','2023-04-14 08:27:19.526095',0,1,1,1,'',3,6,0,NULL,NULL),(211,1,'question_files/question_211.mp3',NULL,1,4,20,'2020-01-02 03:16:06.203910','2023-04-14 08:16:25.651211',0,1,1,1,'',1,5,0,NULL,NULL),(212,1,'question_files/question_212.mp3',NULL,1,1,100,'2020-01-02 03:18:03.862115','2023-04-14 08:27:19.537428',0,1,1,1,'',2,2,0,NULL,NULL),(213,1,'question_files/question_213.mp3',NULL,1,5,40,'2020-01-02 03:20:28.900512','2023-04-14 08:18:24.685743',0,1,1,1,'',2,5,0,NULL,NULL),(214,1,'question_files/question_214.mp3',NULL,1,0,50,'2020-01-02 03:22:59.682877','2023-04-14 08:31:17.329694',0,1,1,1,'',2,4,0,NULL,NULL),(215,1,'question_files/question_215.mp3',NULL,1,1,0,'2020-01-02 03:25:33.637488','2023-04-14 08:18:24.714978',0,1,1,1,'',0,1,0,NULL,NULL),(216,1,'question_files/question_216.mp3',NULL,1,0,0,'2020-01-02 03:27:29.396692','2020-04-05 22:44:21.657983',0,3,1,NULL,'',0,0,0,NULL,NULL),(217,1,'question_files/question_217.mp3',NULL,1,2,100,'2020-01-02 03:29:05.277246','2023-04-14 08:31:17.317752',0,1,1,1,'',3,3,0,NULL,NULL),(218,1,'question_files/question_218.mp3',NULL,1,3,50,'2020-01-02 03:30:11.193289','2023-04-13 22:38:43.436939',0,1,1,1,'',3,6,0,NULL,NULL),(219,1,'question_files/question_219.mp3',NULL,1,3,20,'2020-01-02 03:31:42.891768','2023-04-14 08:14:27.614211',0,1,1,1,'',1,5,0,NULL,NULL),(220,1,'question_files/question_220.mp3',NULL,1,2,50,'2020-01-02 03:35:04.615173','2023-04-14 08:18:24.706359',0,1,1,1,'',1,2,0,NULL,NULL),(221,1,'question_files/question_221.mp3',NULL,1,0,0,'2020-01-02 03:43:08.392012','2020-04-05 22:44:21.668743',0,3,1,NULL,'',0,0,0,NULL,NULL),(222,1,'question_files/question_222.mp3',NULL,1,2,50,'2020-01-02 14:32:19.212100','2023-04-14 08:16:25.653936',0,1,1,1,'',1,2,0,NULL,NULL),(223,1,'question_files/question_223.mp3',NULL,1,0,0,'2020-01-02 14:34:10.631745','2020-04-05 22:44:21.673358',0,3,1,NULL,'',0,0,0,NULL,NULL),(224,1,'question_files/question_224.mp3',NULL,1,0,0,'2020-01-02 14:35:55.005009','2020-04-05 22:44:21.675257',0,3,1,NULL,'',0,0,0,NULL,NULL),(225,1,'question_files/question_225.mp3',NULL,1,0,0,'2020-01-02 14:37:26.922694','2020-04-05 22:44:21.678153',0,1,1,1,'',0,0,0,NULL,NULL),(226,1,'question_files/question_226.mp3',NULL,1,0,0,'2020-01-02 14:39:47.878449','2020-04-05 22:44:21.680419',0,3,1,NULL,'',0,0,0,NULL,NULL),(227,1,'question_files/question_227.mp3',NULL,1,0,0,'2020-01-02 14:43:14.930114','2020-04-05 22:44:21.683214',0,3,1,NULL,'',0,0,0,NULL,NULL),(228,1,'question_files/question_228.mp3',NULL,1,0,0,'2020-01-02 14:46:26.029960','2020-04-05 22:44:21.685339',0,3,1,NULL,'',0,0,0,NULL,NULL),(229,1,'question_files/question_229.mp3',NULL,1,0,0,'2020-01-02 15:18:20.186313','2020-04-05 22:44:21.687568',0,3,1,NULL,'',0,0,0,NULL,NULL),(230,1,'question_files/question_230.mp3',NULL,1,0,0,'2020-01-02 15:19:26.414794','2020-04-05 22:44:21.689705',0,3,1,NULL,'',0,0,0,NULL,NULL),(231,1,'question_files/question_231.mp3',NULL,1,0,0,'2020-01-02 15:20:12.842126','2020-04-05 22:44:21.691861',0,3,1,NULL,'',0,0,0,NULL,NULL),(232,1,'question_files/question_232.mp3',NULL,1,0,0,'2020-01-02 15:21:07.245042','2020-04-05 22:44:21.694870',0,3,1,NULL,'',0,0,0,NULL,NULL),(233,1,'question_files/question_233.mp3',NULL,1,0,0,'2020-01-02 15:21:45.726040','2020-04-05 22:44:21.696924',0,3,1,NULL,'',0,0,0,NULL,NULL),(234,1,'question_files/question_234.mp3',NULL,1,0,0,'2020-01-02 15:22:44.457560','2020-04-05 22:44:21.698902',0,3,1,NULL,'',0,0,0,NULL,NULL),(235,2,'question_files/question_235.mp3',NULL,1,0,0,'2020-01-02 15:23:58.097504','2020-04-05 22:44:21.700528',0,3,1,NULL,'',0,0,0,NULL,NULL),(236,2,'question_files/question_236.mp3',NULL,1,4,33,'2020-01-02 15:24:37.810894','2023-04-14 08:27:19.534522',0,1,1,7,'',5,15,0,NULL,NULL),(237,2,'question_files/question_237.mp3',NULL,1,0,0,'2020-01-02 15:25:48.764638','2020-04-05 22:44:21.704986',0,3,1,NULL,'',0,0,0,NULL,NULL),(238,2,'question_files/question_238.mp3',NULL,1,5,43,'2020-01-02 15:26:27.477890','2023-04-14 08:22:25.429491',0,1,1,1,'',7,16,0,NULL,NULL),(239,2,'question_files/question_239.mp3',NULL,1,0,0,'2020-01-02 15:27:22.088590','2020-04-05 22:44:21.709182',0,3,1,NULL,'',0,0,0,NULL,NULL),(240,2,'question_files/question_240.mp3',NULL,1,0,0,'2020-01-02 15:28:04.153013','2020-04-05 22:44:21.711184',0,3,1,NULL,'',0,0,0,NULL,NULL),(241,2,'question_files/question_241.mp3',NULL,1,0,0,'2020-01-02 15:28:41.584090','2020-04-05 22:44:21.714673',0,3,1,NULL,'',0,0,0,NULL,NULL),(242,2,'question_files/question_242.mp3',NULL,1,0,0,'2020-01-02 15:29:17.535518','2020-04-05 22:44:21.716483',0,3,1,NULL,'',0,0,0,NULL,NULL),(243,2,'question_files/question_243.mp3',NULL,1,7,43,'2020-01-02 15:29:50.534627','2023-04-14 08:18:24.674104',0,1,1,1,'',7,16,0,NULL,NULL),(244,2,'question_files/question_244.mp3',NULL,1,0,0,'2020-01-02 15:30:25.738837','2020-04-05 22:44:21.720418',0,3,1,NULL,'',0,0,0,NULL,NULL),(245,1,'question_files/question_245.mp3',NULL,1,0,0,'2020-01-02 16:24:50.751925','2020-04-05 22:44:21.722047',0,3,1,NULL,'',0,0,0,NULL,NULL),(246,1,'question_files/question_246.mp3',NULL,1,0,0,'2020-01-02 16:25:25.555041','2020-04-05 22:44:21.723770',0,3,1,NULL,'',0,0,0,NULL,NULL),(247,1,'question_files/question_247.mp3',NULL,1,0,0,'2020-01-02 16:26:05.587564','2020-04-05 22:44:21.725120',0,3,1,NULL,'',0,0,0,NULL,NULL),(248,1,'question_files/question_248.mp3',NULL,1,0,0,'2020-01-02 16:26:43.678631','2020-04-05 22:44:21.726928',0,3,1,NULL,'',0,0,0,NULL,NULL),(249,1,'question_files/question_249.mp3',NULL,1,0,0,'2020-01-02 16:27:15.779198','2020-04-05 22:44:21.728514',0,3,1,NULL,'',0,0,0,NULL,NULL),(250,1,'question_files/question_250.mp3',NULL,1,0,0,'2020-01-02 16:27:57.094970','2020-04-05 22:44:21.730093',0,3,1,NULL,'',0,0,0,NULL,NULL),(251,1,'question_files/question_251.mp3',NULL,1,0,0,'2020-01-02 16:28:31.802595','2020-04-05 22:44:21.731615',0,3,1,NULL,'',0,0,0,NULL,NULL),(253,1,'question_files/question_253.mp3',NULL,1,0,0,'2020-01-02 16:29:13.338635','2020-04-05 22:44:21.733211',0,3,1,NULL,'',0,0,0,NULL,NULL),(254,1,'question_files/question_254.mp3',NULL,1,0,0,'2020-01-02 16:34:51.251249','2020-04-05 22:44:21.735134',0,3,1,NULL,'',0,0,0,NULL,NULL),(255,1,'question_files/question_255.mp3',NULL,1,0,0,'2020-01-02 16:35:21.544493','2020-04-05 22:44:21.737066',0,3,1,NULL,'',0,0,0,NULL,NULL),(256,1,'question_files/question_256.mp3',NULL,1,3,0,'2020-01-02 16:35:57.793308','2021-10-12 15:21:28.715753',0,1,1,1,'',0,1,0,NULL,NULL),(257,1,'question_files/question_257.mp3',NULL,1,2,66,'2020-01-02 16:36:45.200118','2023-04-14 08:31:17.302621',0,1,1,1,'',2,3,0,NULL,NULL),(258,1,'question_files/question_258.mp3',NULL,1,0,0,'2020-01-02 16:37:18.785821','2023-04-14 08:31:17.339399',0,1,1,1,'',0,1,0,NULL,NULL),(259,1,'question_files/question_259.mp3',NULL,1,4,0,'2020-01-02 16:37:58.174302','2020-04-05 22:44:21.744222',0,1,1,1,'',0,0,0,NULL,NULL),(260,1,'question_files/question_260.mp3',NULL,1,2,100,'2020-01-02 16:38:37.076677','2023-04-06 10:13:45.391499',0,1,1,1,'',2,2,0,NULL,NULL),(261,1,'question_files/question_261.mp3',NULL,1,2,66,'2020-01-02 16:39:14.654273','2023-04-14 08:12:23.066477',0,1,1,1,'',2,3,0,NULL,NULL),(262,1,'question_files/question_262.mp3',NULL,1,1,100,'2020-01-02 16:39:54.846016','2023-04-14 08:18:10.469806',0,1,1,1,'',2,2,0,NULL,NULL),(263,1,'question_files/question_263.mp3',NULL,1,2,33,'2020-01-02 16:40:40.790361','2023-04-14 08:18:10.481406',0,1,1,1,'',1,3,0,NULL,NULL),(264,1,'question_files/question_264.mp3',NULL,1,3,0,'2020-01-02 16:41:21.842370','2023-04-14 08:18:24.717822',0,1,1,1,'',0,3,0,NULL,NULL),(265,1,'question_files/question_265.mp3',NULL,1,0,50,'2020-01-02 16:41:58.145047','2023-04-14 08:18:23.214468',0,1,1,1,'',2,4,0,NULL,NULL),(266,1,'question_files/question_266.mp3',NULL,1,5,42,'2020-01-02 16:42:40.402035','2023-04-14 08:31:17.305568',0,1,1,1,'',3,7,0,NULL,NULL),(267,1,'question_files/question_267.mp3',NULL,1,0,0,'2020-01-02 16:43:18.001049','2023-04-14 08:31:17.323887',0,1,1,1,'',0,3,0,NULL,NULL),(268,1,'question_files/question_268.mp3',NULL,1,3,0,'2020-01-02 16:43:53.009901','2023-04-14 08:18:10.492680',0,1,1,1,'',0,3,0,NULL,NULL),(269,1,'question_files/question_269.mp3',NULL,1,1,25,'2020-01-02 16:44:28.553077','2023-04-14 08:18:24.667775',0,1,1,1,'',1,4,0,NULL,NULL),(270,1,'question_files/question_270.mp3',NULL,1,4,0,'2020-01-02 16:45:11.022337','2023-04-14 08:12:23.055543',0,1,1,1,'',0,3,0,NULL,NULL),(271,1,'question_files/question_271.mp3',NULL,1,1,0,'2020-01-02 16:45:52.218651','2023-04-14 08:12:03.835188',0,1,1,1,'',0,2,0,NULL,NULL),(272,1,'question_files/question_272.mp3',NULL,1,3,0,'2020-01-02 16:46:26.843378','2023-04-14 08:08:05.406106',0,1,1,1,'',0,2,0,NULL,NULL),(273,1,'question_files/question_273.mp3',NULL,1,3,0,'2020-01-02 16:47:05.133520','2023-04-14 08:09:52.713499',0,1,1,1,'',0,2,0,NULL,NULL),(274,1,'question_files/question_274.mp3',NULL,1,2,50,'2020-01-02 16:47:38.563030','2023-04-14 08:31:17.296714',0,1,1,1,'',2,4,0,NULL,NULL),(275,1,'question_files/question_275.mp3',NULL,1,2,50,'2020-01-02 16:48:19.844277','2023-04-14 08:07:48.518974',0,1,1,1,'',1,2,0,NULL,NULL),(276,1,'question_files/question_276.mp3',NULL,1,3,25,'2020-01-02 16:48:57.950132','2023-04-13 22:38:43.418804',0,1,1,1,'',1,4,0,NULL,NULL),(277,1,'question_files/question_277.mp3',NULL,1,4,0,'2020-01-02 16:49:54.338822','2021-10-26 14:15:58.104228',0,1,1,1,'',0,2,0,NULL,NULL),(278,1,'question_files/question_278.mp3',NULL,1,5,100,'2020-01-02 16:53:59.921940','2023-04-13 11:54:35.942652',0,1,1,1,'',1,1,0,NULL,NULL),(279,1,'question_files/question_279.mp3',NULL,1,3,0,'2020-01-02 16:54:39.007154','2023-04-14 08:18:24.697396',0,1,1,1,'',0,4,0,NULL,NULL),(280,1,'question_files/question_280.mp3',NULL,1,3,12,'2020-01-02 16:55:17.770811','2023-04-14 08:31:17.345261',0,1,1,1,'',1,8,0,NULL,NULL),(281,1,'question_files/question_281.mp3',NULL,1,4,33,'2020-01-02 16:55:49.089345','2023-04-14 08:31:17.293602',0,1,1,1,'',1,3,0,NULL,NULL),(282,1,'question_files/question_282.mp3',NULL,1,4,33,'2020-01-02 16:56:20.370296','2021-11-04 21:09:17.090248',0,1,1,1,'',2,6,0,NULL,NULL),(283,1,'question_files/question_283.mp3',NULL,1,2,50,'2020-01-02 16:56:54.991254','2023-04-14 08:12:42.723681',0,1,1,1,'',1,2,0,NULL,NULL),(284,1,'question_files/question_284.mp3',NULL,1,3,100,'2020-01-02 16:57:23.739157','2023-04-14 08:14:27.622477',0,1,1,1,'',3,3,0,NULL,NULL),(285,1,'question_files/question_285.mp3',NULL,1,1,0,'2020-01-02 16:57:55.602738','2023-04-14 08:18:10.489964',0,1,1,1,'',0,2,0,NULL,NULL),(286,1,'question_files/question_286.mp3',NULL,1,4,25,'2020-01-02 16:58:25.652093','2023-04-14 08:12:03.843442',0,1,1,1,'',1,4,0,NULL,NULL),(287,1,'question_files/question_287.mp3',NULL,1,6,33,'2020-01-02 16:59:01.474151','2023-04-14 08:08:05.418981',0,1,1,1,'',1,3,0,NULL,NULL),(288,1,'question_files/question_288.mp3',NULL,1,4,42,'2020-01-02 16:59:36.062098','2023-04-14 08:31:17.342361',0,1,1,1,'',3,7,0,NULL,NULL),(289,1,'question_files/question_289.mp3',NULL,1,0,20,'2020-01-02 17:00:08.406622','2021-11-04 21:09:17.083089',0,1,1,1,'',1,5,0,NULL,NULL),(290,1,'question_files/question_290.mp3',NULL,1,1,0,'2020-01-02 17:00:46.717024','2023-04-06 10:16:05.701092',0,1,1,1,'',0,3,0,NULL,NULL),(291,1,'question_files/question_291.mp3',NULL,1,4,80,'2020-01-02 17:01:34.535043','2023-04-14 08:18:23.231665',0,1,1,1,'',4,5,0,NULL,NULL),(292,1,'question_files/question_292.mp3',NULL,1,2,100,'2020-01-02 17:02:13.898856','2023-04-06 10:17:14.321813',0,1,1,1,'',1,1,0,NULL,NULL),(293,1,'question_files/question_293.mp3',NULL,1,2,0,'2020-01-02 17:02:47.136140','2023-04-06 10:15:12.735361',0,1,1,1,'',0,1,0,NULL,NULL),(294,1,'question_files/question_294.mp3',NULL,1,1,0,'2020-01-02 17:03:19.339940','2021-03-13 16:31:34.980605',0,1,1,1,'',0,1,0,NULL,NULL),(295,1,'question_files/question_295.mp3',NULL,1,4,80,'2020-01-02 17:03:56.039821','2023-04-14 08:27:19.531851',0,1,1,1,'',4,5,0,NULL,NULL),(296,2,'question_files/question_296.mp3',NULL,1,7,20,'2020-01-02 17:06:48.471096','2023-04-14 08:18:24.640127',0,1,1,1,'',3,15,0,NULL,NULL),(297,2,'question_files/question_297.mp3',NULL,1,7,36,'2020-01-02 17:07:23.639309','2023-04-14 08:18:23.228784',0,1,1,1,'',4,11,0,NULL,NULL),(298,2,'question_files/question_298.mp3',NULL,1,7,41,'2020-01-02 17:07:59.474161','2023-04-14 08:22:25.415854',0,1,1,1,'',5,12,0,NULL,NULL),(299,2,'question_files/question_299.mp3',NULL,1,7,27,'2020-01-02 17:09:02.910464','2023-04-14 08:27:19.523377',0,1,1,1,'',3,11,0,NULL,NULL),(300,2,'question_files/question_300.mp3',NULL,1,6,7,'2020-01-02 17:09:37.001828','2023-04-14 08:22:25.418540',0,1,1,1,'',1,14,0,NULL,NULL),(301,2,'question_files/question_301.mp3',NULL,1,0,0,'2020-01-02 17:10:09.957856','2020-04-05 22:44:21.820326',0,3,1,1,'He back aches.選項有問題',0,0,0,NULL,NULL),(302,2,'question_files/question_302.mp3',NULL,1,7,25,'2020-01-02 17:10:43.221566','2023-04-14 08:14:27.611348',0,1,1,1,'',3,12,0,NULL,NULL),(303,2,'question_files/question_303.mp3',NULL,1,7,30,'2020-01-02 17:11:27.349246','2023-04-06 10:54:45.544251',0,1,1,1,'',3,10,0,NULL,NULL),(304,2,'question_files/question_304.mp3',NULL,1,7,53,'2020-01-02 17:12:00.584808','2023-04-14 08:18:24.656146',0,1,1,1,'',7,13,0,NULL,NULL),(305,2,'question_files/question_305.mp3',NULL,1,6,31,'2020-01-02 17:12:35.417227','2023-04-14 08:22:25.421211',0,1,1,1,'',5,16,0,NULL,NULL),(339,5,'','Got a bug bite problem? Many people who are troubled by skin rashes caused by bug bites use\r\n“foggers,” or “bug bombs,” to get rid of the annoying crawlers in their homes. Many people think these bug killers or pesticides will penetrate every place where the insects hide. Actually, quite the opposite is true. Once the pests detect the chemical fog in the room, they’ll hide themselves in walls or other hideaways, where you’ll never be able to treat them effectively.\r\nOhio State University researchers tested three commercially sold foggers in a study on the effect of foggers on bedbugs. After testing these brands on five different groups of live bedbugs for two hours, the scientists saw that the foggers had little—if any—effect on the insects. The researchers said bedbugs hide in cracks and crevices such as under sheets and mattresses, or deep in carpets where foggers won’t reach. Moreover, bugs that do come in contact with the mist may be resistant to the pesticide.\r\nFoggers, or bug bombs, should really be a measure of last resort. First of all, the gases used in bug bombs are highly flammable and thus pose a serious risk of fire or explosion if the product is not used properly. Second, once a bug bomb is used, every surface in your home will be covered with the toxic pesticide. When you use a bug bomb, a chemical mixture rains down on your counters, furniture, floors, and walls, leaving behind oily and toxic substances. Your health might thus be endangered. Therefore, it is suggested that people leave the problem to the professionals.\r\n\r\nWhat is this passage mainly about?',1,9,35,'2020-02-20 10:27:20.702517','2023-04-14 08:15:28.381798',0,1,1,1,'',6,17,0,NULL,NULL),(340,5,'','Earworms often take the form of song fragments rather than entire songs, and the song is usually a familiar one. Researchers are not sure why some songs are more likely to get stuck in our heads than others, but everyone has their own tunes. Often those songs have a simple, upbeat melody and catchy, repetitive lyrics, such as popular commercial jingles and slightly annoying radio hits. Recent or repeated exposure to a song or even a small part of a song can also trigger earworms, as can word associations, such as a phrase similar to the lyrics of a song.\r\nWhile earworms might be annoying, most people who experience them nevertheless report that they are pleasant or at least neutral. Only a third of people are disturbed by the song in their heads. How people cope with their earworms seems to depend on how they feel about them. Those who have positive feelings about their stuck songs prefer to just “let them be,” while those with negative feelings turn to more behavioral responses, which include coping strategies such as singing, talking, or even praying.\r\n\r\nAccording to the passage, which of the following is true about an earworm?',1,9,42,'2020-02-20 11:03:59.831897','2023-04-14 08:22:50.707719',0,1,1,1,'',6,14,0,NULL,NULL),(341,5,'','Angelfish, often found in the warm seas and coral reefs, are among the most brightly colored fish of\r\nthe ocean. Brilliant colors and stripes form amazing patterns on their body. These patterns actually help the fish to hide from danger among roots and plants. At night, when these fish become inactive, their colors may become pale. Often, the young ones are differently colored than the adults. Some scientists believe that the color difference between the young and the old indicates their different social positions.\r\nAnother interesting fact about angelfish is that they have an occupation in the fish world. Most of them act as cleaners for other fish and pick dead tissue from their bodies. This is not their food, though. Their diet consists mainly of sponge and algae.\r\n\r\nWhat is the job of an angelfish in the sea?',1,9,50,'2020-02-20 11:27:34.292146','2023-04-14 08:16:58.541831',0,1,1,1,'',9,18,0,NULL,NULL),(342,5,'','Redwood trees are the tallest plants on the earth, reaching heights of up to 100 meters. They are also known for their longevity, typically 500 to 1000 years, but sometimes more than 2000 years. A hundred million years ago, in the age of dinosaurs, redwoods were common in the forests of a much more moist and tropical North America. As the climate became drier and colder, they retreated to a narrow strip along the Pacific coast of Northern California.\r\nThe trunk of redwood trees is very stout and usually forms a single straight column. It is covered with a beautiful soft, spongy bark. This bark can be pretty thick, well over two feet in the more mature trees. It gives the older trees a certain kind of protection from insects, but the main benefit is that it keeps the center of the tree intact from moderate forest fires because of its thickness. This fire resistant quality explains why the giant redwood grows to live that long. While most other types of trees are destroyed by forest fires, the giant redwood actually prospers because of them. Moderate fires will clear the ground of competing plant life, and the rising heat dries and opens the ripe cones of the redwood, releasing many thousands of seeds onto the ground below.\r\nNew trees are often produced from sprouts, little baby trees, which form at the base of the trunk. These sprouts grow slowly, nourished by the root system of the “mother” tree. When the main tree dies, the sprouts are then free to grow as full trees, forming a “fairy ring” of trees around the initial tree. These trees, in turn, may give rise to more sprouts, and the cycle continues.\r\n\r\nWhy were redwood trees more prominent in the forests of North America millions of years ago?',1,5,42,'2020-02-29 15:34:53.444568','2023-04-14 08:23:37.569104',0,1,1,5,'',6,14,0,NULL,NULL),(343,5,'','It was something she had dreamed of since she was five. Finally, after years of training and intensive workouts, Deborah Duffey was going to compete in her first high school basketball game. The goals of becoming an outstanding player and playing college ball were never far from Deborah’s mind.\r\nThe game was against Mills High School. With 1:42 minutes left in the game, Deborah’s team led by one point. A player of Mills had possession of the ball, and Deborah ran to guard against her. As Deborah shuffled sideways to block the player, her knee went out and she collapsed on the court in burning pain. Just like that, Deborah’s season was over.\r\nAfter suffering the bad injury, Deborah found that, for the first time in her life, she was in a situation beyond her control. Game after game, she could do nothing but sit on the sidelines watching others play the game that she loved so much.\r\nInjuries limited Deborah’s time on the court as she hurt her knees three more times in the next five years. She had to spend countless hours in a physical therapy clinic to receive treatment. Her frequent visits there gave her a passion and respect for the profession. And Deborah began to see a new light in her life.\r\nCurrently a senior in college, Deborah focuses on pursuing a degree in physical therapy. After she graduates, Deborah plans to use her knowledge to educate people how to best take care of their bodies\r\nand cope with the feelings of hopelessness that she remembers so well.\r\n\r\nWhat is the best title for this passage?',1,8,31,'2020-02-29 15:39:29.093587','2023-04-14 08:23:25.869603',0,1,1,5,'',5,16,0,NULL,NULL),(344,5,'','It is easy for us to tell our friends from our enemies. But can other animals do the same? Elephants\r\ncan! They can use their sense of vision and smell to tell the difference between people who pose a threat and those who do not.\r\nIn Kenya, researchers found that elephants react differently to clothing worn by men of the Maasai and Kamba ethnic groups. Young Maasai men spear animals and thus pose a threat to elephants; Kamba men are mainly farmers and are not a danger to elephants.\r\nIn an experiment conducted by animal scientists, elephants were first presented with clean clothing or clothing that had been worn for five days by either a Maasai or a Kamba man. When the elephants detected the smell of clothing worn by a Maasai man, they moved away from the smell faster and took longer to relax than when they detected the smells of either clothing worn by Kamba men or clothing that had not been worn at all.\r\nGarment color also plays a role, though in a different way. In the same study, when the elephants saw red clothing not worn before, they reacted angrily, as red is typically worn by Maasai men. Rather than running away as they did with the smell, the elephants acted aggressively toward the red clothing.\r\nThe researchers believe that the elephants’ emotional reactions are due to their different interpretations of the smells and the sights. Smelling a potential danger means that a threat is nearby and the best thing to do is run away and hide. Seeing a potential threat without its smell means that risk is low. Therefore, instead of showing fear and running away, the elephants express their anger and become aggressive.\r\n\r\nAccording to the passage, which of the following statements is true about Kamba and Maasai people?',1,7,14,'2020-02-29 15:48:45.946223','2023-04-14 08:23:25.875414',0,1,1,5,'',2,14,0,NULL,NULL),(345,5,'','There is a long-held belief that when meeting someone, the more eye contact we have with the\r\nperson, the better. The result is an unfortunate tendency for people making initial contact—in a job interview, for example—to stare fixedly at the other individual. However, this behavior is likely to make the interviewer feel very uncomfortable. Most of us are comfortable with eye contact lasting a few seconds. But eye contact which persists longer than that can make us nervous.\r\nAnother widely accepted belief is that powerful people in a society—often men—show their dominance over others by touching them in a variety of ways. In fact, research shows that in almost all cases, lower-status people initiate touch. Women also initiate touch more often than men do.\r\nThe belief that rapid speech and lying go together is also widespread and enduring. We react strongly—and suspiciously—to fast talk. However, the opposite is a greater cause for suspicion. Speech that is slow, because it is laced with pauses or errors, is a more reliable indicator of lying than the opposite.\r\n\r\nWhich of the following is NOT discussed in the passage?',1,8,52,'2020-02-29 15:55:36.145688','2023-04-14 08:23:37.566295',0,1,1,5,'',9,17,0,NULL,NULL),(346,5,'','On the island of New Zealand, there is a grasshopper-like species of insect that is found nowhere else on earth. New Zealanders have given it the nickname weta, which is a native Maori word meaning “god of bad looks.” It’s easy to see why anyone would call this insect a bad-looking bug. Most people feel disgusted at the sight of these bulky, slow-moving creatures.\r\nWetas are nocturnal creatures; they come out of their caves and holes only after dark. A giant weta can grow to over three inches long and weigh as much as 1.5 ounces. Giant wetas can hop up to two feet at a time. Some of them live in trees, and others live in caves. They are very long-lived for insects, and some adult wetas can live as long as two years. Just like their cousins grasshoppers and crickets, wetas are able to “sing” by rubbing their leg parts together, or against their lower bodies.\r\nMost people probably don’t feel sympathy for these endangered creatures, but they do need protecting. The slow and clumsy wetas have been around on the island since the times of the dinosaurs, and have evolved and survived in an environment where they had no enemies until rats came to the island with European immigrants. Since rats love to hunt and eat wetas, the rat population on the island has grown into a real problem for many of the native species that are unaccustomed to its presence, and poses a serious threat to the native weta population.\r\n\r\nWhich of the following descriptions of wetas is accurate?',1,7,44,'2020-02-29 16:42:12.673107','2023-04-14 08:23:37.560283',0,1,1,5,'',8,18,0,NULL,NULL),(347,5,'','The high school prom is the first formal social event for most American teenagers. It has also been a\r\nrite of passage for young Americans for nearly a century.\r\nThe word “prom” was first used in the 1890s, referring to formal dances in which the guests of a\r\nparty would display their fashions and dancing skills during the evening’s grand march. In the United States, parents and educators have come to regard the prom as an important lesson in social skills. Therefore, proms have been held every year in high schools for students to learn proper social behavior.\r\nThe first high school proms were held in the 1920s in America. By the 1930s, proms were common across the country. For many older Americans, the prom was a modest, home-grown affair in the school gymnasium. Prom-goers were well dressed but not fancily dressed up for the occasion: boys wore jackets and ties and girls their Sunday dresses. Couples danced to music provided by a local amateur band or a record player. After the 1960s, and especially since the 1980s, the high school prom in many areas has become a serious exercise in excessive consumption, with boys renting expensive tuxedos and girls wearing designer gowns. Stretch limousines were hired to drive the prom-goers to expensive restaurants or discos for an all-night extravaganza.\r\nWhether simple or lavish, proms have always been more or less traumatic events for adolescents who worry about self-image and fitting in with their peers. Prom night can be a dreadful experience for socially awkward teens or for those who do not secure dates. Since the 1990s, alternative proms have been organized in some areas to meet the needs of particular students. For example, proms organized by and for homeless youth were reported. There were also “couple-free” proms to which all students are welcome.\r\n\r\nIn what way are high school proms significant to American teenagers?',1,7,53,'2020-02-29 16:48:27.820614','2023-04-14 08:23:25.881135',0,1,1,5,'',8,15,0,NULL,NULL),(348,5,'','Apple Inc. is an American multinational technology company headquartered in Cupertino, California, that designs, develops, and sells consumer electronics, computer software, and online services. It is considered one of the Big Four technology companies, alongside Amazon, Google, and Facebook.\r\n\r\nThe company\'s hardware products include the iPhone smartphone, the iPad tablet computer, the Mac personal computer, the iPod portable media player, the Apple Watch smartwatch, the Apple TV digital media player, the AirPods wireless earbuds and the HomePod smart speaker. Apple\'s software includes the macOS, iOS, iPadOS, watchOS, and tvOS operating systems, the iTunes media player, the Safari web browser, the Shazam acoustic fingerprint utility, and the iLife and iWork creativity and productivity suites, as well as professional applications like Final Cut Pro, Logic Pro, and Xcode. Its online services include the iTunes Store, the iOS App Store, Mac App Store, Apple Music, Apple TV+, iMessage, and iCloud. Other services include Apple Store, Genius Bar, AppleCare, Apple Pay, Apple Pay Cash, and Apple Card.\r\n\r\nwhich of the following product may not offer by Apple?',1,7,25,'2020-02-29 17:43:24.715578','2023-04-14 08:23:37.556574',0,1,1,5,'',4,16,0,NULL,NULL),(353,1,'question_files/question_353.mp3',NULL,1,0,0,'2020-03-30 10:12:42.576193','2020-03-30 10:24:07.036262',0,3,6,NULL,'',0,0,0,NULL,NULL),(354,1,'question_files/question_354.mp3',NULL,1,0,0,'2020-03-30 10:24:46.397485','2020-03-30 10:25:02.620939',0,3,6,NULL,'',0,0,0,NULL,NULL),(355,1,'question_files/question_355.mp3',NULL,1,0,0,'2020-03-30 10:25:36.129900','2020-03-30 10:25:54.811594',0,3,6,NULL,'',0,0,0,NULL,NULL),(356,1,'question_files/question_356.mp3',NULL,1,0,0,'2020-03-30 10:26:27.701408','2020-03-30 10:26:47.394044',0,3,6,NULL,'',0,0,0,NULL,NULL),(357,1,'question_files/question_357.mp3',NULL,1,0,0,'2020-03-30 10:27:24.463794','2020-03-30 10:27:39.152832',0,3,6,NULL,'',0,0,0,NULL,NULL),(358,1,'question_files/question_358.mp3',NULL,1,0,0,'2020-03-30 10:28:23.621289','2020-03-30 10:28:53.237788',0,3,6,NULL,'',0,0,0,NULL,NULL),(359,1,'question_files/question_359.mp3',NULL,1,0,0,'2020-03-30 10:29:38.673084','2020-03-30 10:29:53.710939',0,3,6,NULL,'',0,0,0,NULL,NULL),(360,1,'question_files/question_360.mp3',NULL,1,0,0,'2020-03-30 10:30:29.360507','2020-03-30 10:30:45.326626',0,3,6,NULL,'',0,0,0,NULL,NULL),(361,1,'question_files/question_361.mp3',NULL,1,0,0,'2020-03-30 10:31:31.194595','2020-03-30 10:32:11.042497',0,3,6,NULL,'',0,0,0,NULL,NULL),(362,1,'question_files/question_362.mp3',NULL,1,0,0,'2020-03-30 10:32:54.970692','2020-03-30 10:33:13.200453',0,3,6,NULL,'',0,0,0,NULL,NULL),(363,1,'question_files/question_363.mp3',NULL,1,0,0,'2020-03-30 10:34:03.525982','2020-03-30 10:34:31.959712',0,3,6,NULL,'',0,0,0,NULL,NULL),(364,1,'question_files/question_364.mp3',NULL,1,0,0,'2020-03-30 10:35:09.836305','2020-03-30 10:35:25.187118',0,3,6,NULL,'',0,0,0,NULL,NULL),(365,1,'question_files/question_365.mp3',NULL,1,0,0,'2020-03-30 10:36:11.893831','2020-03-30 10:36:35.057711',0,3,6,NULL,'',0,0,0,NULL,NULL),(366,1,'question_files/question_366.mp3',NULL,1,0,0,'2020-03-30 10:37:12.334462','2020-03-30 10:37:25.346910',0,3,6,NULL,'',0,0,0,NULL,NULL),(367,1,'question_files/question_367.mp3',NULL,1,0,0,'2020-03-30 10:38:21.082850','2020-03-30 10:38:38.905294',0,3,6,NULL,'',0,0,0,NULL,NULL),(368,1,'question_files/question_368.mp3',NULL,1,0,0,'2020-03-30 10:39:22.025197','2020-03-30 10:39:41.863617',0,3,6,NULL,'',0,0,0,NULL,NULL),(369,1,'question_files/question_369.mp3',NULL,1,0,0,'2020-03-30 10:40:31.809529','2020-03-30 10:40:44.944241',0,3,6,NULL,'',0,0,0,NULL,NULL),(370,1,'question_files/question_370.mp3',NULL,1,0,0,'2020-03-30 10:41:26.513213','2020-03-30 10:41:44.940591',0,3,6,NULL,'',0,0,0,NULL,NULL),(371,1,'question_files/question_371.mp3',NULL,1,0,0,'2020-03-30 10:42:41.808911','2020-03-30 10:42:57.360360',0,3,6,NULL,'',0,0,0,NULL,NULL),(372,1,'question_files/question_372.mp3',NULL,1,0,0,'2020-03-30 10:43:37.757573','2020-03-30 10:43:51.711809',0,3,6,NULL,'',0,0,0,NULL,NULL),(373,1,'question_files/question_373.mp3',NULL,1,0,0,'2020-03-30 10:44:41.183476','2020-03-30 10:44:58.315564',0,3,6,NULL,'',0,0,0,NULL,NULL),(374,1,'question_files/question_374.mp3',NULL,1,0,0,'2020-03-30 10:45:35.772454','2020-03-30 10:45:51.040799',0,3,6,NULL,'',0,0,0,NULL,NULL),(375,1,'question_files/question_375.mp3',NULL,1,0,0,'2020-03-30 10:46:27.705277','2020-03-30 10:46:42.549645',0,3,6,NULL,'',0,0,0,NULL,NULL),(376,1,'question_files/question_376.mp3',NULL,1,0,0,'2020-03-30 10:47:33.808315','2020-03-30 10:47:47.795333',0,3,6,NULL,'',0,0,0,NULL,NULL),(377,1,'question_files/question_377.mp3',NULL,1,0,0,'2020-03-30 10:48:48.680798','2020-03-30 10:49:10.431317',0,3,6,NULL,'',0,0,0,NULL,NULL),(378,1,'question_files/question_378.mp3',NULL,1,0,0,'2020-03-30 10:49:48.323913','2020-03-30 10:50:17.413006',0,3,6,NULL,'',0,0,0,NULL,NULL),(379,1,'question_files/question_379.mp3',NULL,1,0,0,'2020-03-30 10:50:53.559730','2020-03-30 10:51:12.086651',0,3,6,NULL,'',0,0,0,NULL,NULL),(380,1,'question_files/question_380.mp3',NULL,1,0,0,'2020-03-30 10:53:31.728789','2020-03-30 10:53:43.654725',0,3,6,NULL,'',0,0,0,NULL,NULL),(381,1,'question_files/question_381.mp3',NULL,1,0,0,'2020-03-30 10:54:58.584770','2020-03-30 10:55:38.955062',0,3,6,NULL,'',0,0,0,NULL,NULL),(382,1,'question_files/question_382.mp3',NULL,1,0,0,'2020-03-30 11:05:40.125707','2020-03-30 11:05:53.119697',0,3,6,NULL,'',0,0,0,NULL,NULL),(383,1,'question_files/question_383.mp3',NULL,1,0,0,'2020-03-30 11:10:37.977102','2020-03-30 11:11:09.894887',0,3,6,NULL,'',0,0,0,NULL,NULL),(384,1,'question_files/question_384.mp3',NULL,1,0,0,'2020-03-30 11:11:44.874687','2020-03-30 11:11:57.690972',0,3,6,NULL,'',0,0,0,NULL,NULL),(385,1,'question_files/question_385.mp3',NULL,1,0,0,'2020-03-30 11:12:36.039738','2020-03-30 11:12:53.238834',0,3,6,NULL,'',0,0,0,NULL,NULL),(386,1,'question_files/question_386.mp3',NULL,1,0,0,'2020-03-30 11:13:32.135991','2020-03-30 11:13:46.722863',0,3,6,NULL,'',0,0,0,NULL,NULL),(387,1,'question_files/question_387.mp3',NULL,1,0,0,'2020-03-30 11:14:20.944127','2020-03-30 11:14:34.927984',0,3,6,NULL,'',0,0,0,NULL,NULL),(388,1,'question_files/question_388.mp3',NULL,1,0,0,'2020-03-30 11:15:20.165403','2020-03-30 11:15:36.639465',0,3,6,NULL,'',0,0,0,NULL,NULL),(389,1,'question_files/question_389.mp3',NULL,1,0,0,'2020-03-30 11:16:17.464051','2020-03-30 11:16:31.207444',0,3,6,NULL,'',0,0,0,NULL,NULL),(390,1,'question_files/question_390.mp3',NULL,1,0,0,'2020-03-30 11:18:05.646310','2020-03-30 11:18:40.037558',0,3,6,NULL,'',0,0,0,NULL,NULL),(391,1,'question_files/question_391.mp3',NULL,1,0,0,'2020-03-30 11:19:20.431982','2020-03-30 11:19:33.862901',0,3,6,NULL,'',0,0,0,NULL,NULL),(392,1,'question_files/question_392.mp3',NULL,1,0,0,'2020-03-30 11:20:08.015260','2020-03-30 11:20:19.659781',0,3,6,NULL,'',0,0,0,NULL,NULL),(393,1,'question_files/question_393.mp3',NULL,1,0,0,'2020-03-30 11:20:59.030138','2020-03-30 11:21:11.699669',0,3,6,NULL,'',0,0,0,NULL,NULL),(394,1,'question_files/question_394.mp3',NULL,1,0,0,'2020-03-30 11:21:46.656070','2020-03-30 11:21:59.661861',0,3,6,NULL,'',0,0,0,NULL,NULL),(395,1,'question_files/question_395.mp3',NULL,1,0,0,'2020-03-30 11:22:30.491798','2020-03-30 11:22:45.398043',0,3,6,NULL,'',0,0,0,NULL,NULL),(396,1,'question_files/question_396.mp3',NULL,1,0,0,'2020-03-30 11:23:17.495300','2020-03-30 11:23:29.697040',0,3,6,NULL,'',0,0,0,NULL,NULL),(397,1,'question_files/question_397.mp3',NULL,1,0,0,'2020-03-30 11:24:02.453217','2020-03-30 11:24:15.988998',0,3,6,NULL,'',0,0,0,NULL,NULL),(398,1,'question_files/question_398.mp3',NULL,1,0,0,'2020-03-30 11:24:47.866242','2020-03-30 11:25:00.129503',0,3,6,NULL,'',0,0,0,NULL,NULL),(399,1,'question_files/question_399.mp3',NULL,1,0,0,'2020-03-30 11:25:31.887300','2020-03-30 11:25:46.616685',0,3,6,NULL,'',0,0,0,NULL,NULL),(400,1,'question_files/question_400.mp3',NULL,1,0,0,'2020-03-30 11:26:19.022679','2020-03-30 11:26:32.425501',0,3,6,NULL,'',0,0,0,NULL,NULL),(401,1,'question_files/question_401.mp3',NULL,1,0,0,'2020-03-30 11:27:04.880603','2020-03-30 11:27:16.509442',0,3,6,NULL,'',0,0,0,NULL,NULL),(402,1,'question_files/question_402.mp3',NULL,1,0,0,'2020-03-30 11:27:51.983037','2020-03-30 11:28:03.738830',0,3,6,NULL,'',0,0,0,NULL,NULL),(403,2,'question_files/question_403.mp3',NULL,1,0,0,'2020-03-30 11:28:51.284568','2020-03-30 11:29:13.609544',0,3,6,NULL,'',0,0,0,NULL,NULL),(404,2,'question_files/question_404.mp3',NULL,1,0,0,'2020-03-30 11:29:55.504574','2020-03-30 11:30:20.472267',0,3,6,NULL,'',0,0,0,NULL,NULL),(405,2,'question_files/question_405.mp3',NULL,1,0,0,'2020-03-30 11:30:52.760833','2020-03-30 11:31:23.149564',0,3,6,NULL,'',0,0,0,NULL,NULL),(406,2,'question_files/question_406.mp3',NULL,1,0,0,'2020-03-30 11:32:02.774159','2020-03-30 11:32:16.361227',0,3,6,NULL,'',0,0,0,NULL,NULL),(407,2,'question_files/question_407.mp3',NULL,1,0,0,'2020-03-30 11:32:53.986204','2020-03-30 11:33:09.291073',0,3,6,NULL,'',0,0,0,NULL,NULL),(408,2,'question_files/question_408.mp3',NULL,1,0,0,'2020-03-30 11:33:40.291335','2020-03-30 11:35:07.878723',0,3,6,NULL,'',0,0,0,NULL,NULL),(409,2,'question_files/question_409.mp3',NULL,1,0,0,'2020-03-30 11:35:51.080545','2020-03-30 11:36:25.658789',0,3,6,NULL,'',0,0,0,NULL,NULL),(410,2,'question_files/question_410.mp3',NULL,1,0,0,'2020-03-30 11:37:12.894903','2020-03-30 11:37:30.195754',0,3,6,NULL,'',0,0,0,NULL,NULL),(411,2,'question_files/question_411.mp3',NULL,1,0,0,'2020-03-30 11:38:04.832734','2020-03-30 11:38:20.737325',0,3,6,NULL,'',0,0,0,NULL,NULL),(412,2,'question_files/question_412.mp3',NULL,1,0,0,'2020-03-30 11:38:54.470786','2020-03-30 11:39:08.677646',0,3,6,NULL,'',0,0,0,NULL,NULL),(413,1,'question_files/question_413.mp3',NULL,1,0,0,'2020-04-04 02:25:48.999508','2020-04-04 16:51:57.513443',0,3,6,6,'',0,0,0,NULL,NULL),(414,1,'question_files/question_414.mp3',NULL,1,0,0,'2020-04-04 02:26:45.337210','2020-04-04 16:51:30.313113',0,3,6,6,'',0,0,0,NULL,NULL),(415,1,'question_files/question_415.mp3',NULL,1,0,0,'2020-04-04 02:27:24.003739','2020-04-04 16:51:03.858101',0,3,6,6,'',0,0,0,NULL,NULL),(416,1,'question_files/question_416.mp3',NULL,1,0,0,'2020-04-04 02:27:57.652239','2020-04-04 16:50:38.316905',0,3,6,6,'',0,0,0,NULL,NULL),(417,1,'question_files/question_417.mp3',NULL,1,0,0,'2020-04-04 02:28:48.653614','2020-04-04 16:49:47.367011',0,3,6,6,'',0,0,0,NULL,NULL),(418,1,'question_files/question_418.mp3',NULL,1,0,0,'2020-04-04 02:29:23.503424','2020-04-04 16:48:20.966736',0,3,6,6,'',0,0,0,NULL,NULL),(419,1,'question_files/question_419.mp3',NULL,1,0,0,'2020-04-04 02:30:27.765244','2020-04-04 16:47:47.976072',0,3,6,6,'',0,0,0,NULL,NULL),(420,1,'question_files/question_420.mp3',NULL,1,0,0,'2020-04-04 02:30:59.942843','2020-04-04 16:46:53.086532',0,3,6,6,'',0,0,0,NULL,NULL),(421,1,'question_files/question_421.mp3',NULL,1,0,0,'2020-04-04 02:31:43.449326','2020-04-04 16:45:35.918983',0,3,6,6,'',0,0,0,NULL,NULL),(422,1,'question_files/question_422.mp3',NULL,1,0,0,'2020-04-04 02:32:12.397454','2020-04-04 16:44:49.577224',0,3,6,6,'',0,0,0,NULL,NULL),(423,1,'question_files/question_423.mp3',NULL,1,0,0,'2020-04-04 02:32:44.730804','2020-04-04 16:44:18.250121',0,3,6,6,'',0,0,0,NULL,NULL),(424,1,'question_files/question_424.mp3',NULL,1,0,0,'2020-04-04 02:33:17.919168','2020-04-04 16:43:53.442850',0,3,6,6,'',0,0,0,NULL,NULL),(425,1,'question_files/question_425.mp3',NULL,1,0,0,'2020-04-04 02:33:51.387018','2020-04-04 16:43:22.690587',0,3,6,6,'',0,0,0,NULL,NULL),(426,1,'question_files/question_426.mp3',NULL,1,0,0,'2020-04-04 02:34:22.884512','2020-04-04 16:42:57.139529',0,3,6,6,'',0,0,0,NULL,NULL),(427,1,'question_files/question_427.mp3',NULL,1,0,0,'2020-04-04 02:34:56.907151','2020-04-04 16:42:26.604349',0,3,6,6,'',0,0,0,NULL,NULL),(428,1,'question_files/question_428.mp3',NULL,1,0,0,'2020-04-04 02:37:00.265056','2020-04-04 16:41:48.774641',0,3,6,6,'',0,0,0,NULL,NULL),(429,1,'question_files/question_429.mp3',NULL,1,0,0,'2020-04-04 02:37:35.193038','2020-04-04 16:39:55.942483',0,3,6,6,'',0,0,0,NULL,NULL),(430,1,'question_files/question_430.mp3',NULL,1,0,0,'2020-04-04 02:38:11.942070','2020-04-04 16:38:55.920911',0,3,6,6,'',0,0,0,NULL,NULL),(431,1,'question_files/question_431.mp3',NULL,1,0,0,'2020-04-04 02:38:51.069882','2020-04-04 16:38:27.220728',0,3,6,6,'',0,0,0,NULL,NULL),(432,1,'question_files/question_432.mp3',NULL,1,0,0,'2020-04-04 02:39:22.076141','2020-04-04 16:36:54.955818',0,3,6,6,'',0,0,0,NULL,NULL),(433,1,'question_files/question_433.mp3',NULL,1,0,0,'2020-04-04 02:39:57.237147','2020-04-04 16:35:51.871127',0,3,6,6,'',0,0,0,NULL,NULL),(434,1,'question_files/question_434.mp3',NULL,1,0,0,'2020-04-04 02:40:28.191692','2020-04-04 16:35:13.071234',0,3,6,6,'',0,0,0,NULL,NULL),(435,1,'question_files/question_435.mp3',NULL,1,0,0,'2020-04-04 02:41:00.691171','2020-04-04 16:34:16.288459',0,3,6,6,'',0,0,0,NULL,NULL),(436,1,'question_files/question_436.mp3',NULL,1,0,0,'2020-04-04 02:41:30.062443','2020-04-04 16:33:50.751095',0,3,6,6,'',0,0,0,NULL,NULL),(437,1,'question_files/question_437.mp3',NULL,1,0,0,'2020-04-04 02:42:11.057074','2020-04-04 16:33:10.532042',0,3,6,6,'',0,0,0,NULL,NULL),(438,1,'question_files/question_438.mp3',NULL,1,0,0,'2020-04-04 02:42:42.362099','2020-04-04 16:27:49.483727',0,3,6,6,'',0,0,0,NULL,NULL),(439,1,'question_files/question_439.mp3',NULL,1,0,0,'2020-04-04 02:43:13.773638','2020-04-04 16:27:21.764810',0,3,6,6,'',0,0,0,NULL,NULL),(440,1,'question_files/question_440.mp3',NULL,1,0,0,'2020-04-04 02:43:46.712907','2020-04-04 16:26:16.345535',0,3,6,6,'',0,0,0,NULL,NULL),(441,1,'question_files/question_441.mp3',NULL,1,0,0,'2020-04-04 02:44:19.535603','2020-04-04 16:25:43.304034',0,3,6,6,'',0,0,0,NULL,NULL),(442,1,'question_files/question_442.mp3',NULL,1,0,0,'2020-04-04 02:44:53.782230','2020-04-04 16:25:19.376055',0,3,6,6,'',0,0,0,NULL,NULL),(443,1,'question_files/question_443.mp3',NULL,1,0,0,'2020-04-04 02:45:29.156434','2020-04-04 16:24:52.107407',0,3,6,6,'',0,0,0,NULL,NULL),(444,1,'question_files/question_444.mp3',NULL,1,0,0,'2020-04-04 02:46:01.483958','2020-04-04 16:23:33.975814',0,3,6,6,'',0,0,0,NULL,NULL),(445,1,'question_files/question_445.mp3',NULL,1,0,0,'2020-04-04 02:46:34.097831','2020-04-04 16:23:07.043613',0,3,6,6,'',0,0,0,NULL,NULL),(446,1,'question_files/question_446.mp3',NULL,1,0,0,'2020-04-04 02:47:10.703833','2020-04-04 16:22:30.477004',0,3,6,6,'',0,0,0,NULL,NULL),(447,1,'question_files/question_447.mp3',NULL,1,0,0,'2020-04-04 02:48:01.710268','2020-04-04 16:21:49.268165',0,3,6,6,'',0,0,0,NULL,NULL),(448,1,'question_files/question_448.mp3',NULL,1,0,0,'2020-04-04 02:48:37.584852','2020-04-04 16:21:20.761055',0,3,6,6,'',0,0,0,NULL,NULL),(449,1,'question_files/question_449.mp3',NULL,1,0,0,'2020-04-04 02:49:09.774453','2020-04-04 16:20:48.772908',0,3,6,6,'',0,0,0,NULL,NULL),(450,1,'question_files/question_450.mp3',NULL,1,0,0,'2020-04-04 02:49:40.943750','2020-04-04 16:20:22.432025',0,3,6,6,'',0,0,0,NULL,NULL),(451,1,'question_files/question_451.mp3',NULL,1,0,0,'2020-04-04 02:50:15.230946','2020-04-04 16:19:56.970358',0,3,6,6,'',0,0,0,NULL,NULL),(452,1,'question_files/question_452.mp3',NULL,1,0,0,'2020-04-04 02:50:51.867701','2020-04-04 16:19:03.044880',0,3,6,6,'',0,0,0,NULL,NULL),(453,1,'question_files/question_453.mp3',NULL,1,0,0,'2020-04-04 02:51:26.775996','2020-04-04 16:17:03.470392',0,3,6,6,'',0,0,0,NULL,NULL),(454,1,'question_files/question_454.mp3',NULL,1,0,0,'2020-04-04 02:52:02.952360','2020-04-04 16:16:24.332496',0,3,6,6,'',0,0,0,NULL,NULL),(455,1,'question_files/question_455.mp3',NULL,1,0,0,'2020-04-04 02:52:31.876871','2020-04-04 16:15:57.622564',0,3,6,6,'',0,0,0,NULL,NULL),(456,1,'question_files/question_456.mp3',NULL,1,0,0,'2020-04-04 02:53:02.847365','2020-04-04 16:15:32.744428',0,3,6,6,'',0,0,0,NULL,NULL),(457,1,'question_files/question_457.mp3',NULL,1,0,0,'2020-04-04 02:53:36.222416','2020-04-04 16:14:57.993386',0,3,6,6,'',0,0,0,NULL,NULL),(458,1,'question_files/question_458.mp3',NULL,1,0,0,'2020-04-04 02:54:08.824102','2020-04-04 16:14:22.767477',0,3,6,6,'',0,0,0,NULL,NULL),(459,1,'question_files/question_459.mp3',NULL,1,0,0,'2020-04-04 02:54:43.597906','2020-04-04 16:13:36.354452',0,3,6,6,'',0,0,0,NULL,NULL),(460,1,'question_files/question_460.mp3',NULL,1,0,0,'2020-04-04 02:55:17.054061','2020-04-04 16:13:10.363891',0,3,6,6,'',0,0,0,NULL,NULL),(461,1,'question_files/question_461.mp3',NULL,1,0,0,'2020-04-04 02:55:47.761474','2020-04-04 16:11:44.034720',0,3,6,6,'',0,0,0,NULL,NULL),(462,1,'question_files/question_462.mp3',NULL,1,0,0,'2020-04-04 02:56:19.722922','2020-04-04 16:10:58.009189',0,3,6,6,'',0,0,0,NULL,NULL),(463,2,'question_files/question_463.mp3',NULL,1,0,0,'2020-04-04 02:56:55.951865','2020-04-04 16:10:04.831887',0,3,6,6,'',0,0,0,NULL,NULL),(464,2,'question_files/question_464.mp3',NULL,1,0,0,'2020-04-04 02:57:26.364989','2020-04-04 16:09:03.433682',0,3,6,6,'',0,0,0,NULL,NULL),(465,2,'question_files/question_465.mp3',NULL,1,0,0,'2020-04-04 02:57:57.777908','2020-04-04 16:07:57.470282',0,3,6,6,'',0,0,0,NULL,NULL),(466,2,'question_files/question_466.mp3',NULL,1,0,0,'2020-04-04 02:58:27.990564','2020-04-04 16:06:59.874450',0,3,6,6,'',0,0,0,NULL,NULL),(467,2,'question_files/question_467.mp3',NULL,1,0,0,'2020-04-04 02:59:01.101587','2020-04-04 16:06:06.308298',0,3,6,6,'',0,0,0,NULL,NULL),(468,2,'question_files/question_468.mp3',NULL,1,0,0,'2020-04-04 02:59:34.774367','2020-04-04 16:04:46.239144',0,3,6,6,'',0,0,0,NULL,NULL),(469,2,'question_files/question_469.mp3',NULL,1,0,0,'2020-04-04 03:00:05.862923','2020-04-04 16:04:00.824038',0,3,6,6,'',0,0,0,NULL,NULL),(470,2,'question_files/question_470.mp3',NULL,1,0,0,'2020-04-04 03:00:38.517842','2020-04-04 16:03:18.611100',0,3,6,6,'',0,0,0,NULL,NULL),(471,2,'question_files/question_471.mp3',NULL,1,0,0,'2020-04-04 03:01:08.799221','2020-04-04 16:02:33.198873',0,3,6,6,'',0,0,0,NULL,NULL),(472,2,'question_files/question_472.mp3',NULL,1,0,0,'2020-04-04 03:01:46.069326','2020-04-04 16:02:05.653612',0,3,6,6,'',0,0,0,NULL,NULL),(473,1,'question_files/question_473.mp3',NULL,1,0,0,'2020-04-04 11:45:05.680088','2020-04-04 16:01:19.538152',0,3,6,6,'',0,0,0,NULL,NULL),(474,1,'question_files/question_474.mp3',NULL,1,0,0,'2020-04-04 11:45:34.733166','2020-04-04 16:00:50.353489',0,3,6,6,'',0,0,0,NULL,NULL),(475,1,'question_files/question_475.mp3',NULL,1,0,0,'2020-04-04 11:46:06.013864','2020-04-04 16:00:02.814097',0,3,6,6,'',0,0,0,NULL,NULL),(476,1,'question_files/question_476.mp3',NULL,1,0,0,'2020-04-04 11:46:41.554679','2020-04-04 15:59:38.644130',0,3,6,6,'',0,0,0,NULL,NULL),(477,1,'question_files/question_477.mp3',NULL,1,0,0,'2020-04-04 11:47:13.401295','2020-04-04 15:55:32.465613',0,3,6,6,'',0,0,0,NULL,NULL),(478,1,'question_files/question_478.mp3',NULL,1,0,0,'2020-04-04 11:47:44.213594','2020-04-04 15:54:44.948311',0,3,6,6,'',0,0,0,NULL,NULL),(479,1,'question_files/question_479.mp3',NULL,1,0,0,'2020-04-04 11:48:15.106323','2020-04-04 15:52:47.476517',0,3,6,6,'',0,0,0,NULL,NULL),(480,1,'question_files/question_480.mp3',NULL,1,0,0,'2020-04-04 11:48:48.448320','2020-04-04 15:51:43.942609',0,3,6,6,'',0,0,0,NULL,NULL),(481,1,'question_files/question_481.mp3',NULL,1,0,0,'2020-04-04 11:49:19.822470','2020-04-04 15:51:11.558559',0,3,6,6,'',0,0,0,NULL,NULL),(482,1,'question_files/question_482.mp3',NULL,1,0,0,'2020-04-04 11:49:49.888989','2020-04-04 15:50:39.552700',0,3,6,6,'',0,0,0,NULL,NULL),(483,1,'question_files/question_483.mp3',NULL,1,0,0,'2020-04-04 11:50:22.531962','2020-04-04 15:50:11.881504',0,3,6,6,'',0,0,0,NULL,NULL),(484,1,'question_files/question_484.mp3',NULL,1,0,0,'2020-04-04 11:50:54.558458','2020-04-04 15:49:11.532383',0,3,6,6,'',0,0,0,NULL,NULL),(485,1,'question_files/question_485.mp3',NULL,1,0,0,'2020-04-04 11:51:27.309118','2020-04-04 15:48:41.772239',0,3,6,6,'',0,0,0,NULL,NULL),(486,1,'question_files/question_486.mp3',NULL,1,0,0,'2020-04-04 11:51:59.953436','2020-04-04 15:47:38.690949',0,3,6,6,'',0,0,0,NULL,NULL),(487,1,'question_files/question_487.mp3',NULL,1,0,0,'2020-04-04 11:52:32.766767','2020-04-04 15:47:02.996952',0,3,6,6,'',0,0,0,NULL,NULL),(488,1,'question_files/question_488.mp3',NULL,1,0,0,'2020-04-04 11:53:04.780275','2020-04-04 15:46:34.796525',0,3,6,6,'',0,0,0,NULL,NULL),(489,1,'question_files/question_489.mp3',NULL,1,0,0,'2020-04-04 11:53:38.404508','2020-04-04 15:45:51.530310',0,3,6,6,'',0,0,0,NULL,NULL),(490,1,'question_files/question_490.mp3',NULL,1,0,0,'2020-04-04 11:54:13.114330','2020-04-04 15:45:23.376544',0,3,6,6,'',0,0,0,NULL,NULL),(491,1,'question_files/question_491.mp3',NULL,1,0,0,'2020-04-04 11:54:44.244333','2020-04-04 15:43:58.233270',0,3,6,6,'',0,0,0,NULL,NULL),(492,1,'question_files/question_492.mp3',NULL,1,0,0,'2020-04-04 11:55:26.408065','2020-04-04 15:34:15.698227',0,3,6,6,'',0,0,0,NULL,NULL),(493,1,'question_files/question_493.mp3',NULL,1,0,0,'2020-04-04 11:55:57.157565','2020-04-04 15:33:51.034062',0,3,6,6,'',0,0,0,NULL,NULL),(494,1,'question_files/question_494.mp3',NULL,1,0,0,'2020-04-04 11:56:31.161894','2020-04-04 15:33:18.468395',0,3,6,6,'',0,0,0,NULL,NULL),(495,1,'question_files/question_495.mp3',NULL,1,0,0,'2020-04-04 11:56:59.479229','2020-04-04 15:28:56.530090',0,3,6,6,'',0,0,0,NULL,NULL),(496,1,'question_files/question_496.mp3',NULL,1,0,0,'2020-04-04 11:57:28.916574','2020-04-04 15:28:31.169275',0,3,6,6,'',0,0,0,NULL,NULL),(497,1,'question_files/question_497.mp3',NULL,1,0,0,'2020-04-04 11:57:57.218010','2020-04-04 15:27:51.993906',0,3,6,6,'',0,0,0,NULL,NULL),(498,1,'question_files/question_498.mp3',NULL,1,0,0,'2020-04-04 11:58:29.997965','2020-04-04 15:27:11.696729',0,3,6,6,'',0,0,0,NULL,NULL),(499,1,'question_files/question_499.mp3',NULL,1,0,0,'2020-04-04 11:58:59.735703','2020-04-04 15:26:40.455532',0,3,6,6,'',0,0,0,NULL,NULL),(500,1,'question_files/question_500.mp3',NULL,1,0,0,'2020-04-04 11:59:29.594061','2020-04-04 15:26:08.448849',0,3,6,6,'',0,0,0,NULL,NULL),(501,1,'question_files/question_501.mp3',NULL,1,0,0,'2020-04-04 12:00:01.144727','2020-04-04 15:25:30.800668',0,3,6,6,'',0,0,0,NULL,NULL),(502,1,'question_files/question_502.mp3',NULL,1,0,0,'2020-04-04 12:00:31.042068','2020-04-04 15:25:03.904490',0,3,6,6,'',0,0,0,NULL,NULL),(503,1,'question_files/question_503.mp3',NULL,1,0,0,'2020-04-04 12:01:10.183240','2020-04-04 15:24:32.468416',0,3,6,6,'',0,0,0,NULL,NULL),(504,1,'question_files/question_504.mp3',NULL,1,0,0,'2020-04-04 12:01:44.750875','2020-04-04 15:24:04.797515',0,3,6,6,'',0,0,0,NULL,NULL),(505,1,'question_files/question_505.mp3',NULL,1,0,0,'2020-04-04 12:02:14.108025','2020-04-04 15:21:38.121004',0,3,6,6,'',0,0,0,NULL,NULL),(506,1,'question_files/question_506.mp3',NULL,1,0,0,'2020-04-04 12:02:45.549742','2020-04-04 15:21:03.254304',0,3,6,6,'',0,0,0,NULL,NULL),(507,1,'question_files/question_507.mp3',NULL,1,0,0,'2020-04-04 12:03:17.264038','2020-04-04 15:20:24.241095',0,3,6,6,'',0,0,0,NULL,NULL),(508,1,'question_files/question_508.mp3',NULL,1,0,0,'2020-04-04 12:03:45.377164','2020-04-04 15:19:41.636181',0,3,6,6,'',0,0,0,NULL,NULL),(509,1,'question_files/question_509.mp3',NULL,1,0,0,'2020-04-04 12:04:16.729668','2020-04-04 15:18:22.444084',0,3,6,6,'',0,0,0,NULL,NULL),(510,1,'question_files/question_510.mp3',NULL,1,0,0,'2020-04-04 12:04:46.872378','2020-04-04 15:17:26.066925',0,3,6,6,'',0,0,0,NULL,NULL),(511,1,'question_files/question_511.mp3',NULL,1,0,0,'2020-04-04 12:05:19.552313','2020-04-04 15:16:56.692269',0,3,6,6,'',0,0,0,NULL,NULL),(512,1,'question_files/question_512.mp3',NULL,1,0,0,'2020-04-04 12:05:49.463556','2020-04-04 15:15:47.709607',0,3,6,6,'',0,0,0,NULL,NULL),(513,1,'question_files/question_513.mp3',NULL,1,0,0,'2020-04-04 12:06:16.408462','2020-04-04 15:15:08.141985',0,3,6,6,'',0,0,0,NULL,NULL),(514,1,'question_files/question_514.mp3',NULL,1,0,0,'2020-04-04 12:06:52.268870','2020-04-04 15:14:20.990258',0,3,6,6,'',0,0,0,NULL,NULL),(515,1,'question_files/question_515.mp3',NULL,1,0,0,'2020-04-04 12:07:23.477293','2020-04-04 15:13:35.463337',0,3,6,6,'',0,0,0,NULL,NULL),(516,1,'question_files/question_516.mp3',NULL,1,0,0,'2020-04-04 12:07:56.376204','2020-04-04 15:12:41.149531',0,3,6,6,'',0,0,0,NULL,NULL),(517,1,'question_files/question_517.mp3',NULL,1,0,0,'2020-04-04 12:08:28.741104','2020-04-04 15:11:53.452082',0,3,6,6,'',0,0,0,NULL,NULL),(518,1,'question_files/question_518.mp3',NULL,1,0,0,'2020-04-04 12:09:01.166806','2020-04-04 15:11:10.630794',0,3,6,6,'',0,0,0,NULL,NULL),(519,1,'question_files/question_519.mp3',NULL,1,0,0,'2020-04-04 12:09:31.281067','2020-04-04 15:10:18.684100',0,3,6,6,'',0,0,0,NULL,NULL),(520,1,'question_files/question_520.mp3',NULL,1,0,0,'2020-04-04 12:09:59.765130','2020-04-04 15:09:24.475889',0,3,6,6,'',0,0,0,NULL,NULL),(521,1,'question_files/question_521.mp3',NULL,1,0,0,'2020-04-04 12:10:32.360666','2020-04-04 15:08:54.324045',0,3,6,6,'',0,0,0,NULL,NULL),(522,1,'question_files/question_522.mp3',NULL,1,0,0,'2020-04-04 12:11:02.605948','2020-04-04 15:08:00.371152',0,3,6,6,'',0,0,0,NULL,NULL),(523,2,'question_files/question_523.mp3',NULL,1,0,0,'2020-04-04 12:11:33.542354','2020-04-04 15:07:13.072014',0,3,6,6,'',0,0,0,NULL,NULL),(524,2,'question_files/question_524.mp3',NULL,1,0,0,'2020-04-04 12:12:04.680755','2020-04-04 15:05:00.641169',0,3,6,6,'',0,0,0,NULL,NULL),(525,2,'question_files/question_525.mp3',NULL,1,0,0,'2020-04-04 12:12:35.810981','2020-04-04 15:04:19.814574',0,3,6,6,'',0,0,0,NULL,NULL),(526,2,'question_files/question_526.mp3',NULL,1,0,0,'2020-04-04 12:13:07.665848','2020-04-04 15:03:35.921124',0,3,6,6,'',0,0,0,NULL,NULL),(527,2,'question_files/question_527.mp3',NULL,1,0,0,'2020-04-04 12:13:37.504855','2020-04-04 15:02:51.097617',0,3,6,6,'',0,0,0,NULL,NULL),(528,2,'question_files/question_528.mp3',NULL,1,0,0,'2020-04-04 12:14:10.295439','2020-04-04 15:02:13.042685',0,3,6,6,'',0,0,0,NULL,NULL),(529,2,'question_files/question_529.mp3',NULL,1,0,0,'2020-04-04 12:14:40.325391','2020-04-04 15:00:47.822866',0,3,6,6,'',0,0,0,NULL,NULL),(530,2,'question_files/question_530.mp3',NULL,1,0,0,'2020-04-04 12:15:14.823758','2020-04-04 14:59:42.589002',0,3,6,6,'',0,0,0,NULL,NULL),(531,2,'question_files/question_531.mp3',NULL,1,0,0,'2020-04-04 12:15:49.304561','2020-04-04 14:58:55.122065',0,3,6,6,'',0,0,0,NULL,NULL),(532,2,'question_files/question_532.mp3',NULL,1,0,0,'2020-04-04 12:16:23.343586','2020-04-04 14:58:12.012163',0,3,6,6,'',0,0,0,NULL,NULL),(537,3,'','They have been waiting for me ______ 5 o\'clock.',1,8,50,'2020-04-12 23:42:10.958293','2023-04-14 08:36:47.293353',0,1,1,1,'',27,54,0,NULL,NULL),(539,3,'','Do you like to eat hamburger?',2,0,86,'2021-03-13 16:35:12.635290','2023-04-14 08:36:47.320893',0,1,5,5,'',25,29,0,NULL,NULL),(540,3,'','He is ____ in the military service.',1,10,25,'2022-05-04 22:33:10.369815','2023-04-14 08:36:47.297267',0,1,36,36,'',6,24,0,NULL,NULL);
/*!40000 ALTER TABLE `alcpt_question` ENABLE KEYS */;
UNLOCK TABLES;

--
-- Table structure for table `alcpt_question_favorite`
--

DROP TABLE IF EXISTS `alcpt_question_favorite`;
/*!40101 SET @saved_cs_client     = @@character_set_client */;
/*!50503 SET character_set_client = utf8mb4 */;
CREATE TABLE `alcpt_question_favorite` (
  `id` int NOT NULL AUTO_INCREMENT,
  `question_id` int NOT NULL,
  `user_id` int NOT NULL,
  PRIMARY KEY (`id`),
  UNIQUE KEY `alcpt_question_favorite_question_id_user_id_c0064f48_uniq` (`question_id`,`user_id`),
  KEY `alcpt_question_favorite_user_id_8d37521c_fk_alcpt_user_id` (`user_id`),
  CONSTRAINT `alcpt_question_favor_question_id_e0108f03_fk_alcpt_que` FOREIGN KEY (`question_id`) REFERENCES `alcpt_question` (`id`),
  CONSTRAINT `alcpt_question_favorite_user_id_8d37521c_fk_alcpt_user_id` FOREIGN KEY (`user_id`) REFERENCES `alcpt_user` (`id`)
) ENGINE=InnoDB AUTO_INCREMENT=65 DEFAULT CHARSET=utf8mb4 COLLATE=utf8mb4_0900_ai_ci;
/*!40101 SET character_set_client = @saved_cs_client */;

--
-- Dumping data for table `alcpt_question_favorite`
--

LOCK TABLES `alcpt_question_favorite` WRITE;
/*!40000 ALTER TABLE `alcpt_question_favorite` DISABLE KEYS */;
INSERT INTO `alcpt_question_favorite` VALUES (15,1,36),(14,5,36),(45,31,36),(32,32,36),(17,33,36),(12,34,36),(20,36,36),(18,44,36),(19,46,36),(64,52,137),(1,104,36),(60,157,45),(55,177,49),(11,537,36);
/*!40000 ALTER TABLE `alcpt_question_favorite` ENABLE KEYS */;
UNLOCK TABLES;

--
-- Table structure for table `alcpt_reply`
--

DROP TABLE IF EXISTS `alcpt_reply`;
/*!40101 SET @saved_cs_client     = @@character_set_client */;
/*!50503 SET character_set_client = utf8mb4 */;
CREATE TABLE `alcpt_reply` (
  `id` int NOT NULL AUTO_INCREMENT,
  `content` longtext NOT NULL,
  `created_time` datetime(6) NOT NULL,
  `created_by_id` int DEFAULT NULL,
  `source_id` int DEFAULT NULL,
  PRIMARY KEY (`id`),
  KEY `alcpt_reply_created_by_id_40250197_fk_alcpt_user_id` (`created_by_id`),
  KEY `alcpt_reply_source_id_0390ee54_fk_alcpt_report_id` (`source_id`),
  CONSTRAINT `alcpt_reply_created_by_id_40250197_fk_alcpt_user_id` FOREIGN KEY (`created_by_id`) REFERENCES `alcpt_user` (`id`),
  CONSTRAINT `alcpt_reply_source_id_0390ee54_fk_alcpt_report_id` FOREIGN KEY (`source_id`) REFERENCES `alcpt_report` (`id`)
) ENGINE=InnoDB AUTO_INCREMENT=54 DEFAULT CHARSET=utf8mb3;
/*!40101 SET character_set_client = @saved_cs_client */;

--
-- Dumping data for table `alcpt_reply`
--

LOCK TABLES `alcpt_reply` WRITE;
/*!40000 ALTER TABLE `alcpt_reply` DISABLE KEYS */;
INSERT INTO `alcpt_reply` VALUES (53,'It is correct,thanks!','2023-03-30 22:52:45.592474',42,25);
/*!40000 ALTER TABLE `alcpt_reply` ENABLE KEYS */;
UNLOCK TABLES;

--
-- Table structure for table `alcpt_report`
--

DROP TABLE IF EXISTS `alcpt_report`;
/*!40101 SET @saved_cs_client     = @@character_set_client */;
/*!50503 SET character_set_client = utf8mb4 */;
CREATE TABLE `alcpt_report` (
  `id` int NOT NULL AUTO_INCREMENT,
  `user_notification` tinyint(1) NOT NULL,
  `staff_notification` tinyint(1) NOT NULL,
  `supplement_note` longtext NOT NULL,
  `state` smallint NOT NULL,
  `created_time` datetime(6) DEFAULT NULL,
  `resolved_time` datetime(6) DEFAULT NULL,
  `category_id` int NOT NULL,
  `created_by_id` int NOT NULL,
  `question_id` int DEFAULT NULL,
  `resolved_by_id` int DEFAULT NULL,
  PRIMARY KEY (`id`),
  KEY `alcpt_report_category_id_108323c9_fk_alcpt_reportcategory_id` (`category_id`),
  KEY `alcpt_report_created_by_id_82b9f434_fk_alcpt_user_id` (`created_by_id`),
  KEY `alcpt_report_question_id_171cd9d9_fk_alcpt_question_id` (`question_id`),
  KEY `alcpt_report_resolved_by_id_4dc90590_fk_alcpt_user_id` (`resolved_by_id`),
  CONSTRAINT `alcpt_report_category_id_108323c9_fk_alcpt_reportcategory_id` FOREIGN KEY (`category_id`) REFERENCES `alcpt_reportcategory` (`id`),
  CONSTRAINT `alcpt_report_created_by_id_82b9f434_fk_alcpt_user_id` FOREIGN KEY (`created_by_id`) REFERENCES `alcpt_user` (`id`),
  CONSTRAINT `alcpt_report_question_id_171cd9d9_fk_alcpt_question_id` FOREIGN KEY (`question_id`) REFERENCES `alcpt_question` (`id`),
  CONSTRAINT `alcpt_report_resolved_by_id_4dc90590_fk_alcpt_user_id` FOREIGN KEY (`resolved_by_id`) REFERENCES `alcpt_user` (`id`)
) ENGINE=InnoDB AUTO_INCREMENT=29 DEFAULT CHARSET=utf8mb3;
/*!40101 SET character_set_client = @saved_cs_client */;

--
-- Dumping data for table `alcpt_report`
--

LOCK TABLES `alcpt_report` WRITE;
/*!40000 ALTER TABLE `alcpt_report` DISABLE KEYS */;
INSERT INTO `alcpt_report` VALUES (24,0,0,'答案是否有誤',2,'2022-03-10 22:51:31.839404','2022-05-04 22:30:07.420534',3,36,33,NULL),(25,0,0,'成績是否計算錯誤？',2,'2022-03-10 23:02:14.669906','2023-03-30 22:51:49.872957',2,36,NULL,NULL),(26,1,0,'答案怪',3,'2022-05-04 22:31:40.041128','2022-05-04 22:32:54.964566',3,36,1,36),(27,0,0,'怪',2,'2022-05-04 22:32:41.898099','2022-05-04 22:32:47.867420',3,36,1,NULL),(28,0,1,'沒有文本',1,'2023-04-14 08:29:59.813540','2023-04-14 08:29:59.814640',3,137,52,NULL);
/*!40000 ALTER TABLE `alcpt_report` ENABLE KEYS */;
UNLOCK TABLES;

--
-- Table structure for table `alcpt_reportcategory`
--

DROP TABLE IF EXISTS `alcpt_reportcategory`;
/*!40101 SET @saved_cs_client     = @@character_set_client */;
/*!50503 SET character_set_client = utf8mb4 */;
CREATE TABLE `alcpt_reportcategory` (
  `id` int NOT NULL AUTO_INCREMENT,
  `name` varchar(50) NOT NULL,
  `responsibility` smallint unsigned NOT NULL,
  PRIMARY KEY (`id`),
  UNIQUE KEY `name` (`name`)
) ENGINE=InnoDB AUTO_INCREMENT=6 DEFAULT CHARSET=utf8mb3;
/*!40101 SET character_set_client = @saved_cs_client */;

--
-- Dumping data for table `alcpt_reportcategory`
--

LOCK TABLES `alcpt_reportcategory` WRITE;
/*!40000 ALTER TABLE `alcpt_reportcategory` DISABLE KEYS */;
INSERT INTO `alcpt_reportcategory` VALUES (1,'帳號問題',32),(2,'成績問題',16),(3,'試題問題',8),(4,'其他',32);
/*!40000 ALTER TABLE `alcpt_reportcategory` ENABLE KEYS */;
UNLOCK TABLES;

--
-- Table structure for table `alcpt_squadron`
--

DROP TABLE IF EXISTS `alcpt_squadron`;
/*!40101 SET @saved_cs_client     = @@character_set_client */;
/*!50503 SET character_set_client = utf8mb4 */;
CREATE TABLE `alcpt_squadron` (
  `id` int NOT NULL AUTO_INCREMENT,
  `name` varchar(10) NOT NULL,
  PRIMARY KEY (`id`),
  UNIQUE KEY `name` (`name`)
) ENGINE=InnoDB AUTO_INCREMENT=6 DEFAULT CHARSET=utf8mb3;
/*!40101 SET character_set_client = @saved_cs_client */;

--
-- Dumping data for table `alcpt_squadron`
--

LOCK TABLES `alcpt_squadron` WRITE;
/*!40000 ALTER TABLE `alcpt_squadron` DISABLE KEYS */;
INSERT INTO `alcpt_squadron` VALUES (1,'學生一中隊'),(3,'學生三中隊'),(2,'學生二中隊'),(4,'學生四中隊'),(5,'實習旅部');
/*!40000 ALTER TABLE `alcpt_squadron` ENABLE KEYS */;
UNLOCK TABLES;

--
-- Table structure for table `alcpt_student`
--

DROP TABLE IF EXISTS `alcpt_student`;
/*!40101 SET @saved_cs_client     = @@character_set_client */;
/*!50503 SET character_set_client = utf8mb4 */;
CREATE TABLE `alcpt_student` (
  `id` int NOT NULL AUTO_INCREMENT,
  `stu_id` varchar(50) NOT NULL,
  `grade` smallint unsigned NOT NULL,
  `department_id` int DEFAULT NULL,
  `squadron_id` int DEFAULT NULL,
  `user_id` int NOT NULL,
  PRIMARY KEY (`id`),
  UNIQUE KEY `stu_id` (`stu_id`),
  UNIQUE KEY `user_id` (`user_id`),
  KEY `alcpt_student_department_id_257bfbd3_fk_alcpt_department_id` (`department_id`),
  KEY `alcpt_student_squadron_id_4bbcc05a_fk_alcpt_squadron_id` (`squadron_id`),
  CONSTRAINT `alcpt_student_department_id_257bfbd3_fk_alcpt_department_id` FOREIGN KEY (`department_id`) REFERENCES `alcpt_department` (`id`),
  CONSTRAINT `alcpt_student_squadron_id_4bbcc05a_fk_alcpt_squadron_id` FOREIGN KEY (`squadron_id`) REFERENCES `alcpt_squadron` (`id`),
  CONSTRAINT `alcpt_student_user_id_c43c5a79_fk_alcpt_user_id` FOREIGN KEY (`user_id`) REFERENCES `alcpt_user` (`id`)
) ENGINE=InnoDB AUTO_INCREMENT=208 DEFAULT CHARSET=utf8mb3;
/*!40101 SET character_set_client = @saved_cs_client */;

--
-- Dumping data for table `alcpt_student`
--

LOCK TABLES `alcpt_student` WRITE;
/*!40000 ALTER TABLE `alcpt_student` DISABLE KEYS */;
INSERT INTO `alcpt_student` VALUES (1,'1090630218',109,1,1,1),(2,'qaz74159',110,1,3,2),(3,'1090630220',109,1,1,7),(4,'1100630220',110,1,3,8),(5,'1100630204',110,1,3,9),(6,'1090630204',109,1,1,10),(7,'1100630224',110,1,3,5),(8,'1090630212',109,1,1,6),(21,'1100630230',112,1,1,19),(29,'1110630236',111,1,3,36),(31,'1110630201',111,1,3,38),(32,'1110630202',111,1,3,39),(33,'1110630203',111,1,3,40),(34,'1110630205',111,1,3,41),(35,'1130630244',113,1,3,42),(36,'1130630245',113,1,3,43),(37,'1130630235',113,1,3,44),(38,'1120630229',112,1,3,45),(39,'1120630236',112,1,3,46),(40,'1120630246',112,1,3,47),(41,'1120630201',112,1,3,48),(42,'1120630202',112,1,3,49),(43,'1120630250',112,1,3,50),(44,'1120630214',112,1,3,51),(45,'1120630232',112,1,3,52),(46,'1120630207',112,1,3,53),(47,'1120630222',112,1,3,54),(49,'1130630201',113,1,3,56),(50,'1130630202',113,1,3,57),(51,'1130630227',113,1,3,58),(52,'1130630233',113,1,3,59),(53,' 1150630207',115,1,3,60),(54,'1150630211',115,1,3,61),(55,'1140630212',114,1,3,62),(56,'1140630215',114,1,3,63),(57,'1130630203',113,1,3,64),(58,'1130630207',113,1,3,65),(59,'1130630211',113,1,3,66),(60,'1130630213',113,1,3,67),(61,'1130630214',113,1,3,68),(62,'1130630217',113,1,3,69),(63,'1130630218',113,1,3,70),(64,'1130630224',113,1,3,71),(65,'1130630226',113,1,3,72),(66,'1130630231',113,1,3,73),(67,'1130630208',113,1,3,74),(68,'1130630212',113,1,3,75),(69,'1130630215',113,1,3,76),(70,'1130630219',113,1,3,77),(71,'1130630230',113,1,3,78),(72,'1130630242',113,1,3,79),(73,'1130630243',113,1,3,80),(74,'1130630246',113,1,3,81),(75,'1130630206',113,1,3,82),(76,'1130630210',113,1,3,83),(77,'1130630216',113,1,3,84),(78,'1130630221',113,1,3,85),(79,'1130630225',113,1,3,86),(80,'1130630228',113,1,3,87),(81,'1130630229',113,1,3,88),(82,'1130630232',113,1,3,89),(83,'1130630240',113,1,3,90),(84,'1130630205',113,1,3,91),(85,'1130630220',113,1,3,92),(86,'1130630222',113,1,3,93),(87,'1130630223',113,1,3,94),(88,'1130630236',113,1,3,95),(89,'1130630237',113,1,3,96),(90,'1130630238',113,1,3,97),(91,'1130630239',113,1,3,98),(92,'1140630201',114,1,3,99),(93,'1140630202',114,1,3,100),(94,'1140630206',114,1,3,101),(95,'1140630207',114,1,3,102),(96,'1140630208',114,1,3,103),(97,'1140630211',114,1,3,104),(98,'1140630213',114,1,3,105),(99,'1140630216',114,1,3,106),(101,'1140630218',114,1,3,108),(102,'1140630219',114,1,3,109),(103,'1140630221',114,1,3,110),(104,'1140630222',114,1,3,111),(105,'1140630224',114,1,3,112),(106,'1140630226',114,1,3,113),(107,'1140630227',114,1,3,114),(108,'1140630228',114,1,3,115),(109,'1140630229',114,1,3,116),(110,'1140630230',114,1,3,117),(111,'1140630231',114,1,3,118),(112,'1140630232',114,1,3,119),(113,'1140630233',114,1,3,120),(114,'1140630234',114,1,3,121),(115,'1140630235',114,1,3,122),(116,'1140630236',114,1,3,123),(117,'1140630237',114,1,3,124),(118,'1140630238',114,1,3,125),(119,'1140630239',114,1,3,126),(120,'1140630240',114,1,3,127),(121,'1140630241',114,1,3,128),(122,'1140630242',114,1,3,129),(123,'1140630243',114,1,3,130),(125,'1140630245',114,1,3,132),(126,'1140630246',114,1,3,133),(127,'1140630248',114,1,3,134),(128,'1140630249',114,1,3,135),(129,'1140630250',114,1,3,136),(130,'1150630202',115,1,3,137),(131,'1150630203',115,1,3,138),(132,'1150630204',115,1,3,139),(133,'1150630205',115,1,3,140),(134,'1150630206',115,1,3,141),(135,'1150630208',115,1,3,142),(136,'1150630209',115,1,3,143),(137,'1150630210',115,1,3,144),(138,'1150630212',115,1,3,145),(139,'1150630213',115,1,3,146),(140,'1150630214',115,1,3,147),(141,'1150630215',115,1,3,148),(142,'1150630216',115,1,3,149),(143,'1150630217',115,1,3,150),(144,'1150630218',115,1,3,151),(145,'1150630219',115,1,3,152),(146,'1150630220',115,1,3,153),(147,'1150630221',115,1,3,154),(148,'1150630222',115,1,3,155),(149,'1150630224',115,1,3,156),(150,'1150630227',115,1,3,157),(151,'1150630229',115,1,3,158),(152,'1150630230',115,1,3,159),(153,'1150630231',115,1,3,160),(155,'1150630232',115,1,3,162),(156,'1150630233',115,1,3,163),(157,'1150630234',115,1,3,164),(158,'1150630235',115,1,3,165),(159,'1150630236',115,1,3,166),(160,'1150630237',115,1,3,167),(161,'1150630238',115,1,3,168),(162,'1150630239',115,1,3,169),(163,'1150630240',115,1,3,170),(164,'1120630212',112,1,3,171),(165,'1120630239',112,1,3,172),(166,'1120630203',112,1,3,173),(167,'1120630204',112,1,3,174),(168,'1120630205',112,1,3,175),(169,'1120630206',112,1,3,176),(170,'1120630208',112,1,3,177),(171,'1120630209',112,1,3,178),(172,'1120630210',112,1,3,179),(173,'1120630211',112,1,3,180),(174,'1120630213',112,1,3,181),(175,'1120630215',112,1,3,182),(176,'1120630216',112,1,3,183),(177,'1120630217',112,1,3,184),(178,'1120630218',112,1,3,185),(179,'1120630219',112,1,3,186),(180,'1120630220',112,1,3,187),(181,'1120630221',112,1,3,188),(182,'1120630223',112,1,3,189),(183,'1120630247',112,1,3,190),(184,'1120630224',112,1,3,191),(185,'1120630225',112,1,3,192),(186,'1120630226',112,1,3,193),(187,'1120630227',112,1,3,194),(188,'1120630228',112,1,3,195),(189,'1120630230',112,1,3,196),(190,'1120630231',112,1,3,197),(191,'1120630233',112,1,3,198),(192,'1120630234',112,1,3,199),(193,'1120630235',112,1,3,200),(194,'1120630237',112,1,3,201),(195,'1120630238',112,1,3,202),(196,'1120630240',112,1,3,203),(197,'1120630241',112,1,3,204),(198,'1120630242',112,1,3,205),(199,'1120630243',112,1,3,206),(200,'1120630244',112,1,3,207),(201,'1120630245',112,1,3,208),(202,'1120630248',112,1,3,209),(203,'1120630249',112,1,3,210),(204,'1120630251',112,1,3,211),(205,'1120630252',112,1,3,212),(206,'1120630253',112,1,3,213),(207,'1120630254',112,1,3,214);
/*!40000 ALTER TABLE `alcpt_student` ENABLE KEYS */;
UNLOCK TABLES;

--
-- Table structure for table `alcpt_testpaper`
--

DROP TABLE IF EXISTS `alcpt_testpaper`;
/*!40101 SET @saved_cs_client     = @@character_set_client */;
/*!50503 SET character_set_client = utf8mb4 */;
CREATE TABLE `alcpt_testpaper` (
  `id` int NOT NULL AUTO_INCREMENT,
  `name` varchar(100) NOT NULL,
  `created_time` datetime(6) NOT NULL,
  `is_testpaper` tinyint(1) NOT NULL,
  `update_time` datetime(6) NOT NULL,
  `valid` tinyint(1) NOT NULL,
  `created_by_id` int NOT NULL,
  `is_used` tinyint(1) NOT NULL,
  PRIMARY KEY (`id`),
  UNIQUE KEY `name` (`name`),
  KEY `alcpt_testpaper_created_by_id_def16d7a_fk_alcpt_user_id` (`created_by_id`),
  CONSTRAINT `alcpt_testpaper_created_by_id_def16d7a_fk_alcpt_user_id` FOREIGN KEY (`created_by_id`) REFERENCES `alcpt_user` (`id`)
) ENGINE=InnoDB AUTO_INCREMENT=215 DEFAULT CHARSET=utf8mb3;
/*!40101 SET character_set_client = @saved_cs_client */;

--
-- Dumping data for table `alcpt_testpaper`
--

LOCK TABLES `alcpt_testpaper` WRITE;
/*!40000 ALTER TABLE `alcpt_testpaper` DISABLE KEYS */;
INSERT INTO `alcpt_testpaper` VALUES (54,'閱讀練習-2020/12/29 15:53:01','2020-12-29 15:53:01.794039',0,'2020-12-29 15:53:01.795813',0,5,0),(55,'聽力練習-2020/12/29 15:53:17','2020-12-29 15:53:17.393246',0,'2020-12-29 15:53:17.395301',0,5,0),(56,'123','2020-12-29 19:36:35.153768',1,'2023-04-05 22:44:18.650738',1,5,1),(57,'閱讀練習-2021/01/04 10:46:14','2021-01-04 10:46:14.822360',0,'2021-01-04 10:46:14.826699',0,9,0),(58,'閱讀練習-2021/01/25 10:34:42','2021-01-25 10:34:42.785873',0,'2021-01-25 10:34:42.794431',0,9,0),(59,'343','2021-01-25 10:39:50.180709',1,'2021-01-25 10:40:25.298352',1,9,1),(60,'閱讀練習-2021/01/25 10:56:36','2021-01-25 10:56:36.124544',0,'2021-01-25 10:56:36.125869',0,9,0),(61,'閱讀練習-2021/01/25 11:15:04','2021-01-25 11:15:04.152169',0,'2021-01-25 11:15:04.153872',0,9,0),(62,'閱讀練習-2021/01/25 11:31:34','2021-01-25 11:31:34.627576',0,'2021-01-25 11:31:34.628770',0,19,0),(63,'聽力練習-2021/03/13 16:31:15','2021-03-13 16:31:15.383566',0,'2021-03-13 16:31:15.387516',0,5,0),(64,'測試1','2021-03-13 16:39:10.040441',1,'2021-03-15 11:29:58.490860',0,5,0),(65,'聽力練習-2021/10/12 15:20:23','2021-10-12 15:20:23.698876',0,'2021-10-12 15:20:23.709159',0,36,0),(66,'閱讀練習-2021/10/12 15:22:55','2021-10-12 15:22:55.178217',0,'2021-10-12 15:22:55.184162',0,36,0),(67,'Test1012','2021-10-12 16:38:07.560149',1,'2022-04-19 11:14:23.738824',0,36,1),(68,'閱讀練習-2021/10/19 14:09:13','2021-10-19 14:09:13.460169',0,'2021-10-19 14:09:13.487809',0,36,0),(69,'閱讀練習-2021/11/04 10:26:26','2021-11-04 10:26:26.357623',0,'2021-11-04 10:26:26.402678',0,36,0),(70,'閱讀練習-2021/11/04 10:52:44','2021-11-04 10:52:44.522653',0,'2021-11-04 10:52:44.532896',0,36,0),(71,'聽力練習-2021/11/04 11:00:18','2021-11-04 11:00:18.158127',0,'2021-11-04 11:00:18.175041',0,36,0),(72,'聽力練習-2021/11/04 23:10:25','2021-11-04 23:10:25.978421',0,'2021-11-04 23:10:25.994818',0,36,0),(73,'001','2022-03-12 22:34:49.820101',1,'2023-04-13 23:31:31.609380',1,36,1),(79,'111','2022-05-03 11:08:50.682101',1,'2023-04-05 22:36:36.969484',1,36,1),(80,'0512','2022-05-12 15:51:04.099573',1,'2023-04-05 22:55:13.639779',1,36,1),(81,'閱讀練習-2022/05/12 16:43:41','2022-05-12 16:43:41.062090',0,'2022-05-12 16:43:41.064800',0,36,0),(82,'閱讀練習-2022/05/12 17:06:07','2022-05-12 17:06:07.882040',0,'2022-05-12 17:06:07.888949',0,36,0),(83,'閱讀練習-2022/05/12 18:06:40','2022-05-12 18:06:40.028141',0,'2022-05-12 18:06:40.045082',0,36,0),(84,'閱讀練習-2022/05/12 18:07:46','2022-05-12 18:07:46.155467',0,'2022-05-12 18:07:46.158514',0,36,0),(85,'閱讀練習-2022/05/12 18:08:46','2022-05-12 18:08:47.015414',0,'2022-05-12 18:08:47.023544',0,36,0),(86,'閱讀練習-2022/05/12 18:09:50','2022-05-12 18:09:50.276486',0,'2022-05-12 18:09:50.278777',0,36,0),(87,'閱讀練習-2022/05/12 18:12:33','2022-05-12 18:12:33.452295',0,'2022-05-12 18:12:33.457109',0,36,0),(88,'閱讀練習-2022/05/13 10:17:18','2022-05-13 10:17:18.519704',0,'2022-05-13 10:17:18.529468',0,36,0),(89,'閱讀練習-2022/05/13 10:24:51','2022-05-13 10:24:51.880294',0,'2022-05-13 10:24:51.882996',0,36,0),(90,'閱讀練習-2022/05/13 10:28:10','2022-05-13 10:28:10.847176',0,'2022-05-13 10:28:10.848667',0,36,0),(91,'閱讀練習-2022/05/17 12:20:31','2022-05-17 12:20:31.301952',0,'2022-05-17 12:20:31.319784',0,36,0),(92,'閱讀練習-2022/05/17 14:18:02','2022-05-17 14:18:02.027493',0,'2022-05-17 14:18:02.040238',0,36,0),(93,'閱讀練習-2022/05/19 18:41:33','2022-05-19 18:41:33.892501',0,'2022-05-19 18:41:33.900593',0,36,0),(94,'閱讀練習-2022/05/19 18:44:07','2022-05-19 18:44:07.815810',0,'2022-05-19 18:44:07.820857',0,36,0),(95,'閱讀練習-2023/03/30 22:08:41','2023-03-30 22:08:41.905317',0,'2023-03-30 22:08:41.908265',0,42,0),(96,'閱讀練習-2023/03/30 22:14:52','2023-03-30 22:14:52.715911',0,'2023-03-30 22:14:52.717288',0,44,0),(97,'閱讀練習-2023/03/30 23:21:36','2023-03-30 23:21:36.467849',0,'2023-03-30 23:21:36.469071',0,43,0),(98,'聽力練習-2023/03/31 07:43:29','2023-03-31 07:43:29.539764',0,'2023-03-31 07:43:29.541073',0,44,0),(99,'聽力練習-2023/03/31 07:54:33','2023-03-31 07:54:33.613004',0,'2023-03-31 07:54:33.614487',0,44,0),(100,'聽力練習-2023/03/31 07:56:38','2023-03-31 07:56:38.159301',0,'2023-03-31 07:56:38.160860',0,44,0),(101,'聽力練習-2023/04/06 09:48:29','2023-04-06 09:48:29.935468',0,'2023-04-06 09:48:29.936772',0,47,0),(102,'聽力練習-2023/04/06 10:05:35','2023-04-06 10:05:35.132732',0,'2023-04-06 10:05:35.133956',0,50,0),(103,'聽力練習-2023/04/06 10:07:37','2023-04-06 10:07:37.631147',0,'2023-04-06 10:07:37.632476',0,45,0),(104,'聽力練習-2023/04/06 10:07:52','2023-04-06 10:07:52.984270',0,'2023-04-06 10:07:52.985476',0,49,0),(105,'聽力練習-2023/04/06 10:08:00','2023-04-06 10:08:00.953049',0,'2023-04-06 10:08:00.954293',0,48,0),(106,'聽力練習-2023/04/06 10:08:04','2023-04-06 10:08:04.596290',0,'2023-04-06 10:08:04.597443',0,50,0),(108,'聽力練習-2023/04/06 10:08:11','2023-04-06 10:08:11.303596',0,'2023-04-06 10:08:11.304838',0,46,0),(109,'聽力練習-2023/04/06 10:09:00','2023-04-06 10:09:00.050319',0,'2023-04-06 10:09:00.051380',0,51,0),(110,'聽力練習-2023/04/06 10:09:05','2023-04-06 10:09:05.591878',0,'2023-04-06 10:09:05.593307',0,52,0),(111,'聽力練習-2023/04/06 10:09:33','2023-04-06 10:09:33.646448',0,'2023-04-06 10:09:33.647606',0,9,0),(112,'閱讀練習-2023/04/06 10:17:56','2023-04-06 10:17:56.083056',0,'2023-04-06 10:17:56.084363',0,47,0),(113,'閱讀練習-2023/04/06 10:18:45','2023-04-06 10:18:45.404445',0,'2023-04-06 10:18:45.405746',0,46,0),(114,'閱讀練習-2023/04/06 10:22:06','2023-04-06 10:22:06.170788',0,'2023-04-06 10:22:06.172106',0,50,0),(115,'聽力練習-2023/04/06 10:26:00','2023-04-06 10:26:00.353515',0,'2023-04-06 10:26:00.355070',0,50,0),(116,'聽力練習-2023/04/06 10:26:05','2023-04-06 10:26:05.202847',0,'2023-04-06 10:26:05.204236',0,50,0),(117,'閱讀練習-2023/04/06 10:29:08','2023-04-06 10:29:08.495269',0,'2023-04-06 10:29:08.496545',0,50,0),(118,'閱讀練習-2023/04/06 10:36:25','2023-04-06 10:36:25.901063',0,'2023-04-06 10:36:25.902827',0,47,0),(119,'閱讀練習-2023/04/06 10:39:22','2023-04-06 10:39:22.460975',0,'2023-04-06 10:39:22.462313',0,47,0),(120,'閱讀練習-2023/04/06 10:46:27','2023-04-06 10:46:27.101416',0,'2023-04-06 10:46:27.102775',0,49,0),(121,'閱讀練習-2023/04/06 10:47:44','2023-04-06 10:47:44.380718',0,'2023-04-06 10:47:44.382261',0,46,0),(122,'閱讀練習-2023/04/06 10:48:05','2023-04-06 10:48:05.344007',0,'2023-04-06 10:48:05.345342',0,51,0),(123,'閱讀練習-2023/04/06 10:48:11','2023-04-06 10:48:11.939752',0,'2023-04-06 10:48:11.941217',0,52,0),(124,'聽力練習-2023/04/06 10:51:00','2023-04-06 10:51:00.788394',0,'2023-04-06 10:51:00.789700',0,53,0),(125,'閱讀練習-2023/04/06 10:51:59','2023-04-06 10:51:59.610118',0,'2023-04-06 10:51:59.611491',0,54,0),(126,'聽力練習-2023/04/06 10:58:23','2023-04-06 10:58:23.952225',0,'2023-04-06 10:58:23.953635',0,54,0),(127,'閱讀練習-2023/04/13 11:26:01','2023-04-13 11:26:01.488005',0,'2023-04-13 11:26:01.489636',0,56,0),(128,'閱讀練習-2023/04/13 11:30:12','2023-04-13 11:30:12.474658',0,'2023-04-13 11:30:12.476283',0,56,0),(129,'閱讀練習-2023/04/13 11:33:54','2023-04-13 11:33:54.116816',0,'2023-04-13 11:33:54.118893',0,57,0),(130,'閱讀練習-2023/04/13 11:34:58','2023-04-13 11:34:58.253246',0,'2023-04-13 11:34:58.255005',0,56,0),(131,'聽力練習-2023/04/13 11:53:48','2023-04-13 11:53:48.119822',0,'2023-04-13 11:53:48.121774',0,56,0),(132,'聽力練習-2023/04/13 22:37:54','2023-04-13 22:37:54.223881',0,'2023-04-13 22:37:54.225801',0,59,0),(133,'閱讀練習-2023/04/13 23:15:14','2023-04-13 23:15:14.825361',0,'2023-04-13 23:15:14.827123',0,44,0),(134,'閱讀練習-2023/04/13 23:17:15','2023-04-13 23:17:15.060275',0,'2023-04-13 23:17:15.062090',0,44,0),(135,'閱讀練習-2023/04/13 23:58:50','2023-04-13 23:58:50.785737',0,'2023-04-13 23:58:50.787288',0,44,0),(136,'聽力練習-2023/04/14 07:48:16','2023-04-14 07:48:17.014132',0,'2023-04-14 07:48:17.015854',0,52,0),(137,'閱讀練習-2023/04/14 07:48:39','2023-04-14 07:48:39.290760',0,'2023-04-14 07:48:39.292204',0,52,0),(138,'閱讀練習-2023/04/14 07:57:28','2023-04-14 07:57:28.703729',0,'2023-04-14 07:57:28.705016',0,164,0),(139,'聽力練習-2023/04/14 07:57:41','2023-04-14 07:57:41.403751',0,'2023-04-14 07:57:41.405120',0,139,0),(140,'閱讀練習-2023/04/14 07:58:04','2023-04-14 07:58:04.085072',0,'2023-04-14 07:58:04.086421',0,147,0),(141,'聽力練習-2023/04/14 07:58:35','2023-04-14 07:58:35.457970',0,'2023-04-14 07:58:35.459419',0,168,0),(142,'閱讀練習-2023/04/14 08:02:17','2023-04-14 08:02:17.837683',0,'2023-04-14 08:02:17.839127',0,150,0),(143,'閱讀練習-2023/04/14 08:03:33','2023-04-14 08:03:33.529770',0,'2023-04-14 08:03:33.531279',0,142,0),(144,'閱讀練習-2023/04/14 08:04:56','2023-04-14 08:04:56.580604',0,'2023-04-14 08:04:56.581950',0,142,0),(145,'聽力練習-2023/04/14 08:05:10','2023-04-14 08:05:10.215232',0,'2023-04-14 08:05:10.216670',0,139,0),(146,'閱讀練習-2023/04/14 08:06:01','2023-04-14 08:06:01.517193',0,'2023-04-14 08:06:01.518457',0,52,0),(147,'閱讀練習-2023/04/14 08:06:15','2023-04-14 08:06:15.980145',0,'2023-04-14 08:06:15.981518',0,150,0),(148,'閱讀練習-2023/04/14 08:06:26','2023-04-14 08:06:26.358732',0,'2023-04-14 08:06:26.360166',0,138,0),(149,'聽力練習-2023/04/14 08:06:31','2023-04-14 08:06:31.554790',0,'2023-04-14 08:06:31.556129',0,46,0),(150,'聽力練習-2023/04/14 08:06:33','2023-04-14 08:06:33.592670',0,'2023-04-14 08:06:33.594180',0,159,0),(151,'閱讀練習-2023/04/14 08:06:41','2023-04-14 08:06:41.435856',0,'2023-04-14 08:06:41.437290',0,49,0),(152,'閱讀練習-2023/04/14 08:06:42','2023-04-14 08:06:42.156974',0,'2023-04-14 08:06:42.158309',0,141,0),(153,'閱讀練習-2023/04/14 08:06:49','2023-04-14 08:06:49.203412',0,'2023-04-14 08:06:49.204682',0,158,0),(154,'聽力練習-2023/04/14 08:06:53','2023-04-14 08:06:53.403800',0,'2023-04-14 08:06:53.405147',0,142,0),(155,'聽力練習-2023/04/14 08:07:31','2023-04-14 08:07:31.988655',0,'2023-04-14 08:07:31.989930',0,160,0),(156,'聽力練習-2023/04/14 08:07:32','2023-04-14 08:07:32.577295',0,'2023-04-14 08:07:32.578510',0,60,0),(157,'聽力練習-2023/04/14 08:07:35','2023-04-14 08:07:35.541443',0,'2023-04-14 08:07:35.542702',0,172,0),(158,'聽力練習-2023/04/14 08:08:11','2023-04-14 08:08:12.005607',0,'2023-04-14 08:08:12.006890',0,172,0),(159,'閱讀練習-2023/04/14 08:08:21','2023-04-14 08:08:21.134939',0,'2023-04-14 08:08:21.136177',0,164,0),(160,'閱讀練習-2023/04/14 08:08:27','2023-04-14 08:08:27.187708',0,'2023-04-14 08:08:27.188868',0,154,0),(161,'聽力練習-2023/04/14 08:08:31','2023-04-14 08:08:31.605076',0,'2023-04-14 08:08:31.606300',0,48,0),(162,'閱讀練習-2023/04/14 08:08:42','2023-04-14 08:08:42.446472',0,'2023-04-14 08:08:42.447708',0,151,0),(164,'閱讀練習-2023/04/14 08:08:45','2023-04-14 08:08:45.290460',0,'2023-04-14 08:08:45.291664',0,147,0),(165,'閱讀練習-2023/04/14 08:09:04','2023-04-14 08:09:04.916042',0,'2023-04-14 08:09:04.917368',0,140,0),(166,'閱讀練習-2023/04/14 08:09:14','2023-04-14 08:09:14.545367',0,'2023-04-14 08:09:14.546730',0,151,0),(167,'聽力練習-2023/04/14 08:09:22','2023-04-14 08:09:22.015085',0,'2023-04-14 08:09:22.016355',0,143,0),(168,'聽力練習-2023/04/14 08:09:25','2023-04-14 08:09:25.868398',0,'2023-04-14 08:09:25.869621',0,163,0),(169,'閱讀練習-2023/04/14 08:09:30','2023-04-14 08:09:30.441097',0,'2023-04-14 08:09:30.442307',0,155,0),(170,'閱讀練習-2023/04/14 08:09:31','2023-04-14 08:09:31.900611',0,'2023-04-14 08:09:31.902016',0,137,0),(171,'閱讀練習-2023/04/14 08:09:35','2023-04-14 08:09:35.548337',0,'2023-04-14 08:09:35.549512',0,139,0),(173,'閱讀練習-2023/04/14 08:09:37','2023-04-14 08:09:37.699035',0,'2023-04-14 08:09:37.700369',0,165,0),(174,'閱讀練習-2023/04/14 08:09:46','2023-04-14 08:09:46.196759',0,'2023-04-14 08:09:46.198096',0,54,0),(175,'閱讀練習-2023/04/14 08:09:50','2023-04-14 08:09:50.249900',0,'2023-04-14 08:09:50.251112',0,144,0),(176,'聽力練習-2023/04/14 08:09:56','2023-04-14 08:09:56.543914',0,'2023-04-14 08:09:56.545303',0,145,0),(177,'閱讀練習-2023/04/14 08:09:57','2023-04-14 08:09:57.800827',0,'2023-04-14 08:09:57.802167',0,171,0),(178,'閱讀練習-2023/04/14 08:10:03','2023-04-14 08:10:03.367770',0,'2023-04-14 08:10:03.368985',0,182,0),(179,'閱讀練習-2023/04/14 08:10:09','2023-04-14 08:10:09.463078',0,'2023-04-14 08:10:09.464042',0,182,0),(180,'閱讀練習-2023/04/14 08:10:14','2023-04-14 08:10:14.446134',0,'2023-04-14 08:10:14.447414',0,182,0),(181,'聽力練習-2023/04/14 08:10:28','2023-04-14 08:10:28.972263',0,'2023-04-14 08:10:28.973668',0,151,0),(182,'聽力練習-2023/04/14 08:10:32','2023-04-14 08:10:32.645974',0,'2023-04-14 08:10:32.647215',0,168,0),(183,'閱讀練習-2023/04/14 08:10:53','2023-04-14 08:10:53.410434',0,'2023-04-14 08:10:53.411634',0,148,0),(184,'聽力練習-2023/04/14 08:10:57','2023-04-14 08:10:57.854495',0,'2023-04-14 08:10:57.856195',0,151,0),(185,'閱讀練習-2023/04/14 08:11:03','2023-04-14 08:11:03.061628',0,'2023-04-14 08:11:03.063122',0,160,0),(186,'聽力練習-2023/04/14 08:11:12','2023-04-14 08:11:12.131699',0,'2023-04-14 08:11:12.133522',0,52,0),(187,'聽力練習-2023/04/14 08:11:19','2023-04-14 08:11:19.717778',0,'2023-04-14 08:11:19.718849',0,171,0),(188,'閱讀練習-2023/04/14 08:11:20','2023-04-14 08:11:20.952818',0,'2023-04-14 08:11:20.953859',0,166,0),(189,'閱讀練習-2023/04/14 08:11:44','2023-04-14 08:11:44.012966',0,'2023-04-14 08:11:44.014226',0,165,0),(190,'閱讀練習-2023/04/14 08:12:18','2023-04-14 08:12:18.165078',0,'2023-04-14 08:12:18.166258',0,190,0),(191,'聽力練習-2023/04/14 08:12:52','2023-04-14 08:12:52.857650',0,'2023-04-14 08:12:52.858907',0,170,0),(192,'閱讀練習-2023/04/14 08:13:12','2023-04-14 08:13:12.590973',0,'2023-04-14 08:13:12.592074',0,49,0),(193,'聽力練習-2023/04/14 08:13:13','2023-04-14 08:13:13.586638',0,'2023-04-14 08:13:13.587669',0,141,0),(194,'閱讀練習-2023/04/14 08:13:50','2023-04-14 08:13:50.781680',0,'2023-04-14 08:13:50.782766',0,165,0),(195,'閱讀練習-2023/04/14 08:14:08','2023-04-14 08:14:08.940934',0,'2023-04-14 08:14:08.942057',0,52,0),(196,'閱讀練習-2023/04/14 08:14:16','2023-04-14 08:14:16.431661',0,'2023-04-14 08:14:16.432701',0,163,0),(197,'閱讀練習-2023/04/14 08:14:18','2023-04-14 08:14:18.062156',0,'2023-04-14 08:14:18.063221',0,143,0),(198,'閱讀練習-2023/04/14 08:14:59','2023-04-14 08:14:59.755030',0,'2023-04-14 08:14:59.756167',0,141,0),(199,'閱讀練習-2023/04/14 08:15:28','2023-04-14 08:15:28.539411',0,'2023-04-14 08:15:28.540516',0,49,0),(200,'閱讀練習-2023/04/14 08:15:53','2023-04-14 08:15:53.669948',0,'2023-04-14 08:15:53.671034',0,166,0),(201,'閱讀練習-2023/04/14 08:17:07','2023-04-14 08:17:07.780181',0,'2023-04-14 08:17:07.781207',0,145,0),(202,'聽力練習-2023/04/14 08:17:28','2023-04-14 08:17:28.852917',0,'2023-04-14 08:17:28.854006',0,190,0),(203,'聽力練習-2023/04/14 08:18:25','2023-04-14 08:18:25.272095',0,'2023-04-14 08:18:25.273372',0,61,0),(204,'聽力練習-2023/04/14 08:20:21','2023-04-14 08:20:21.256378',0,'2023-04-14 08:20:21.257592',0,49,0),(205,'閱讀練習-2023/04/14 08:20:29','2023-04-14 08:20:29.110847',0,'2023-04-14 08:20:29.112143',0,170,0),(206,'聽力練習-2023/04/14 08:20:42','2023-04-14 08:20:42.022533',0,'2023-04-14 08:20:42.023663',0,49,0),(207,'聽力練習-2023/04/14 08:22:25','2023-04-14 08:22:25.016987',0,'2023-04-14 08:22:25.018101',0,49,0),(208,'聽力練習-2023/04/14 08:22:39','2023-04-14 08:22:39.685277',0,'2023-04-14 08:22:39.686454',0,49,0),(209,'聽力練習-2023/04/14 08:23:11','2023-04-14 08:23:11.685187',0,'2023-04-14 08:23:11.686408',0,49,0),(210,'閱讀練習-2023/04/14 08:23:23','2023-04-14 08:23:23.496053',0,'2023-04-14 08:23:23.497111',0,49,0),(211,'聽力練習-2023/04/14 08:24:16','2023-04-14 08:24:16.806126',0,'2023-04-14 08:24:16.807326',0,51,0),(212,'閱讀練習-2023/04/14 08:31:09','2023-04-14 08:31:09.648577',0,'2023-04-14 08:31:09.650106',0,152,0),(213,'閱讀練習-2023/04/14 08:32:52','2023-04-14 08:32:53.002237',0,'2023-04-14 08:32:53.003895',0,149,0),(214,'閱讀練習-2023/04/14 08:47:28','2023-04-14 08:47:28.931195',0,'2023-04-14 08:47:28.932476',0,167,0);
/*!40000 ALTER TABLE `alcpt_testpaper` ENABLE KEYS */;
UNLOCK TABLES;

--
-- Table structure for table `alcpt_testpaper_question_list`
--

DROP TABLE IF EXISTS `alcpt_testpaper_question_list`;
/*!40101 SET @saved_cs_client     = @@character_set_client */;
/*!50503 SET character_set_client = utf8mb4 */;
CREATE TABLE `alcpt_testpaper_question_list` (
  `id` int NOT NULL AUTO_INCREMENT,
  `testpaper_id` int NOT NULL,
  `question_id` int NOT NULL,
  PRIMARY KEY (`id`),
  UNIQUE KEY `alcpt_testpaper_question_testpaper_id_question_id_88653a3a_uniq` (`testpaper_id`,`question_id`),
  KEY `alcpt_testpaper_ques_question_id_980638fa_fk_alcpt_que` (`question_id`),
  CONSTRAINT `alcpt_testpaper_ques_question_id_980638fa_fk_alcpt_que` FOREIGN KEY (`question_id`) REFERENCES `alcpt_question` (`id`),
  CONSTRAINT `alcpt_testpaper_ques_testpaper_id_6848bb19_fk_alcpt_tes` FOREIGN KEY (`testpaper_id`) REFERENCES `alcpt_testpaper` (`id`)
) ENGINE=InnoDB AUTO_INCREMENT=3733 DEFAULT CHARSET=utf8mb3;
/*!40101 SET character_set_client = @saved_cs_client */;

--
-- Dumping data for table `alcpt_testpaper_question_list`
--

LOCK TABLES `alcpt_testpaper_question_list` WRITE;
/*!40000 ALTER TABLE `alcpt_testpaper_question_list` DISABLE KEYS */;
INSERT INTO `alcpt_testpaper_question_list` VALUES (1354,54,31),(1358,54,33),(1363,54,40),(1356,54,41),(1361,54,42),(1357,54,43),(1359,54,44),(1360,54,45),(1355,54,47),(1362,54,537),(1373,55,129),(1368,55,132),(1365,55,190),(1367,55,214),(1371,55,264),(1372,55,270),(1370,55,277),(1366,55,281),(1364,55,289),(1369,55,294),(1376,56,1),(1377,56,5),(1386,56,29),(1388,56,31),(1387,56,33),(1380,56,34),(1383,56,35),(1384,56,37),(1375,56,41),(1385,56,42),(1379,56,44),(1378,56,46),(1382,56,47),(1381,56,60),(1374,56,537),(1393,57,1),(1398,57,5),(1395,57,29),(1392,57,31),(1389,57,32),(1396,57,33),(1397,57,37),(1390,57,43),(1391,57,46),(1394,57,60),(1401,58,1),(1404,58,5),(1405,58,29),(1408,58,32),(1399,58,34),(1407,58,37),(1406,58,45),(1403,58,48),(1402,58,60),(1400,58,537),(1433,59,5),(1443,59,29),(1437,59,31),(1441,59,32),(1432,59,33),(1436,59,34),(1434,59,35),(1430,59,37),(1435,59,40),(1431,59,42),(1439,59,43),(1440,59,45),(1429,59,47),(1442,59,48),(1438,59,537),(1460,60,5),(1461,60,32),(1464,60,33),(1459,60,36),(1462,60,37),(1463,60,43),(1466,60,45),(1465,60,47),(1468,60,48),(1467,60,537),(1471,61,32),(1477,61,33),(1475,61,34),(1474,61,37),(1470,61,40),(1472,61,42),(1478,61,44),(1473,61,47),(1476,61,60),(1469,61,537),(1479,62,1),(1486,62,34),(1481,62,35),(1485,62,36),(1483,62,40),(1482,62,43),(1480,62,45),(1487,62,46),(1484,62,48),(1488,62,537),(1489,63,146),(1494,63,153),(1497,63,155),(1493,63,157),(1498,63,192),(1492,63,214),(1490,63,263),(1491,63,289),(1496,63,290),(1495,63,294),(1784,65,28),(1781,65,126),(1780,65,128),(1783,65,145),(1787,65,154),(1782,65,206),(1779,65,208),(1778,65,219),(1786,65,256),(1785,65,282),(1795,66,49),(1796,66,55),(1788,66,67),(1793,66,74),(1791,66,75),(1789,66,77),(1794,66,88),(1792,66,90),(1797,66,104),(1790,66,111),(1864,67,1),(1876,67,6),(1861,67,29),(1871,67,31),(1872,67,32),(1863,67,33),(1858,67,36),(1869,67,37),(1859,67,40),(1860,67,42),(1870,67,43),(1862,67,44),(1865,67,46),(1866,67,47),(1868,67,48),(1881,67,50),(1889,67,52),(1877,67,53),(1886,67,54),(1874,67,72),(1880,67,78),(1879,67,80),(1887,67,85),(1878,67,87),(1884,67,100),(1885,67,103),(1882,67,109),(1873,67,110),(1883,67,113),(1875,67,115),(1835,67,128),(1820,67,130),(1803,67,134),(1836,67,139),(1833,67,141),(1810,67,142),(1826,67,143),(1816,67,148),(1799,67,154),(1812,67,155),(1821,67,159),(1800,67,164),(1805,67,165),(1798,67,166),(1827,67,167),(1831,67,171),(1829,67,172),(1854,67,175),(1843,67,176),(1855,67,177),(1851,67,178),(1846,67,179),(1857,67,180),(1853,67,181),(1842,67,182),(1841,67,183),(1847,67,184),(1801,67,189),(1823,67,190),(1830,67,192),(1809,67,193),(1834,67,194),(1837,67,196),(1804,67,201),(1806,67,202),(1808,67,203),(1807,67,204),(1832,67,209),(1828,67,210),(1822,67,211),(1811,67,213),(1824,67,218),(1848,67,236),(1840,67,238),(1852,67,243),(1825,67,261),(1818,67,266),(1815,67,277),(1813,67,279),(1802,67,280),(1814,67,282),(1817,67,284),(1819,67,288),(1844,67,296),(1838,67,297),(1839,67,298),(1845,67,299),(1856,67,302),(1849,67,303),(1850,67,304),(1890,67,339),(1893,67,340),(1894,67,341),(1897,67,343),(1888,67,344),(1892,67,345),(1895,67,346),(1891,67,347),(1896,67,348),(1867,67,537),(1901,68,5),(1902,68,31),(1905,68,37),(1906,68,40),(1907,68,44),(1904,68,45),(1898,68,46),(1899,68,47),(1903,68,60),(1900,68,539),(1915,69,29),(1917,69,31),(1916,69,33),(1910,69,37),(1912,69,41),(1908,69,42),(1913,69,44),(1909,69,46),(1911,69,47),(1914,69,60),(1919,70,1),(1927,70,2),(1920,70,29),(1921,70,33),(1918,70,42),(1922,70,47),(1925,70,72),(1923,70,81),(1926,70,82),(1924,70,111),(1932,71,125),(1937,71,130),(1936,71,134),(1928,71,141),(1934,71,148),(1931,71,150),(1933,71,196),(1929,71,204),(1935,71,282),(1930,71,289),(1943,72,175),(1944,72,177),(1938,72,184),(1941,72,236),(1945,72,297),(1947,72,299),(1939,72,300),(1946,72,303),(1940,72,304),(1942,72,305),(1991,73,1),(2001,73,5),(1998,73,29),(1999,73,32),(1994,73,34),(1995,73,36),(1989,73,40),(2002,73,41),(1993,73,43),(1988,73,44),(1992,73,46),(1997,73,47),(1996,73,48),(1990,73,60),(2000,73,539),(2113,79,1),(2114,79,5),(2112,79,31),(2119,79,32),(2111,79,34),(2121,79,40),(2120,79,41),(2116,79,43),(2118,79,45),(2117,79,46),(2109,79,47),(2108,79,48),(2122,79,60),(2098,79,175),(2105,79,176),(2102,79,177),(2099,79,179),(2092,79,180),(2106,79,181),(2095,79,182),(2101,79,183),(2088,79,236),(2094,79,238),(2097,79,243),(2096,79,296),(2093,79,297),(2091,79,298),(2107,79,299),(2090,79,300),(2103,79,302),(2104,79,303),(2100,79,304),(2089,79,305),(2110,79,537),(2115,79,539),(2123,80,5),(2124,80,29),(2125,80,31),(2126,80,32),(2127,80,33),(2128,80,34),(2129,80,35),(2130,80,36),(2131,80,37),(2132,80,40),(2135,81,5),(2133,81,31),(2134,81,32),(2140,81,42),(2136,81,44),(2142,81,45),(2141,81,47),(2137,81,60),(2139,81,537),(2138,81,540),(2151,82,54),(2143,82,66),(2146,82,69),(2152,82,71),(2144,82,85),(2145,82,88),(2149,82,93),(2150,82,95),(2147,82,110),(2148,82,116),(2153,83,35),(2159,83,37),(2154,83,40),(2157,83,41),(2162,83,44),(2155,83,47),(2160,83,48),(2158,83,60),(2156,83,537),(2161,83,540),(2163,84,31),(2170,84,32),(2164,84,41),(2167,84,42),(2169,84,43),(2171,84,44),(2172,84,45),(2168,84,47),(2166,84,60),(2165,84,540),(2178,85,29),(2173,85,33),(2175,85,35),(2182,85,41),(2180,85,42),(2174,85,45),(2177,85,46),(2179,85,47),(2176,85,539),(2181,85,540),(2183,86,5),(2186,86,29),(2190,86,35),(2192,86,36),(2188,86,37),(2187,86,41),(2184,86,44),(2191,86,47),(2189,86,537),(2185,86,539),(2200,87,5),(2197,87,32),(2201,87,34),(2195,87,36),(2196,87,37),(2193,87,41),(2194,87,60),(2198,87,537),(2199,87,539),(2202,87,540),(2212,88,33),(2208,88,36),(2206,88,37),(2210,88,40),(2204,88,41),(2205,88,45),(2203,88,46),(2211,88,47),(2207,88,539),(2209,88,540),(2222,89,31),(2219,89,32),(2214,89,33),(2217,89,36),(2216,89,37),(2215,89,45),(2221,89,46),(2218,89,47),(2220,89,60),(2213,89,539),(2225,90,5),(2229,90,29),(2230,90,31),(2231,90,34),(2226,90,35),(2224,90,36),(2228,90,40),(2232,90,42),(2223,90,43),(2227,90,46),(2236,91,5),(2234,91,31),(2240,91,34),(2233,91,35),(2241,91,42),(2239,91,47),(2238,91,48),(2242,91,60),(2235,91,537),(2237,91,539),(2251,92,32),(2252,92,33),(2245,92,35),(2250,92,37),(2249,92,42),(2243,92,43),(2248,92,46),(2244,92,47),(2246,92,48),(2247,92,539),(2253,93,33),(2255,93,35),(2261,93,41),(2258,93,43),(2257,93,46),(2260,93,47),(2254,93,48),(2256,93,60),(2262,93,539),(2259,93,540),(2267,94,29),(2266,94,32),(2272,94,33),(2265,94,36),(2271,94,40),(2269,94,44),(2270,94,45),(2264,94,47),(2263,94,539),(2268,94,540),(2275,95,32),(2273,95,42),(2274,95,46),(2279,95,52),(2277,95,61),(2278,95,100),(2276,95,111),(2281,95,339),(2282,95,343),(2280,95,345),(2287,96,5),(2285,96,31),(2288,96,33),(2291,96,34),(2283,96,35),(2289,96,40),(2286,96,41),(2284,96,43),(2292,96,45),(2290,96,537),(2296,97,34),(2295,97,35),(2294,97,40),(2301,97,42),(2300,97,44),(2302,97,45),(2293,97,46),(2299,97,48),(2298,97,537),(2297,97,540),(2304,98,125),(2312,98,137),(2311,98,150),(2303,98,157),(2310,98,162),(2307,98,195),(2309,98,202),(2305,98,213),(2306,98,263),(2308,98,289),(2321,99,28),(2320,99,136),(2313,99,153),(2316,99,204),(2319,99,265),(2318,99,266),(2322,99,268),(2317,99,270),(2315,99,276),(2314,99,291),(2323,100,126),(2329,100,137),(2324,100,141),(2330,100,156),(2325,100,207),(2326,100,211),(2327,100,259),(2332,100,260),(2328,100,274),(2331,100,284),(2336,101,147),(2334,101,159),(2333,101,172),(2341,101,178),(2337,101,213),(2338,101,238),(2340,101,243),(2335,101,295),(2342,101,298),(2339,101,305),(2347,102,144),(2345,102,154),(2346,102,165),(2350,102,178),(2351,102,180),(2352,102,181),(2349,102,183),(2343,102,204),(2344,102,218),(2348,102,243),(2356,103,28),(2359,103,130),(2355,103,151),(2354,103,157),(2361,103,171),(2371,103,175),(2366,103,177),(2365,103,178),(2368,103,180),(2367,103,182),(2372,103,183),(2362,103,213),(2358,103,260),(2357,103,273),(2360,103,274),(2353,103,281),(2364,103,298),(2370,103,302),(2363,103,304),(2369,103,305),(2381,104,134),(2376,104,137),(2378,104,157),(2385,104,177),(2388,104,179),(2384,104,181),(2390,104,183),(2377,104,189),(2373,104,199),(2380,104,210),(2391,104,236),(2374,104,264),(2382,104,267),(2379,104,276),(2375,104,292),(2387,104,296),(2383,104,297),(2392,104,302),(2389,104,304),(2386,104,305),(2397,105,127),(2401,105,128),(2400,105,132),(2395,105,152),(2396,105,156),(2403,105,179),(2411,105,180),(2407,105,181),(2410,105,183),(2412,105,184),(2398,105,208),(2394,105,210),(2404,105,238),(2393,105,275),(2399,105,285),(2402,105,295),(2409,105,300),(2406,105,302),(2405,105,304),(2408,105,305),(2417,106,156),(2414,106,172),(2422,106,181),(2419,106,183),(2415,106,209),(2416,106,290),(2413,106,293),(2420,106,300),(2421,106,303),(2418,106,305),(2424,108,139),(2423,108,145),(2426,108,148),(2425,108,173),(2432,108,179),(2431,108,184),(2428,108,243),(2427,108,271),(2429,108,302),(2430,108,304),(2434,109,28),(2442,109,131),(2436,109,132),(2435,109,134),(2438,109,148),(2451,109,177),(2452,109,178),(2447,109,182),(2450,109,184),(2441,109,200),(2446,109,236),(2437,109,257),(2433,109,263),(2440,109,280),(2439,109,290),(2449,109,296),(2444,109,300),(2445,109,302),(2448,109,303),(2443,109,305),(2453,110,126),(2460,110,129),(2457,110,146),(2456,110,157),(2467,110,176),(2465,110,178),(2466,110,179),(2472,110,180),(2468,110,181),(2461,110,188),(2455,110,194),(2458,110,200),(2470,110,236),(2469,110,243),(2459,110,268),(2454,110,269),(2462,110,286),(2463,110,296),(2464,110,299),(2471,110,300),(2481,111,131),(2476,111,136),(2475,111,137),(2479,111,140),(2474,111,156),(2487,111,175),(2485,111,179),(2484,111,180),(2483,111,184),(2477,111,192),(2473,111,206),(2478,111,212),(2490,111,236),(2488,111,243),(2482,111,283),(2480,111,288),(2491,111,296),(2492,111,298),(2486,111,299),(2489,111,303),(2500,112,29),(2498,112,33),(2502,112,34),(2494,112,35),(2499,112,40),(2501,112,41),(2495,112,48),(2503,112,49),(2522,112,52),(2506,112,53),(2509,112,55),(2508,112,59),(2493,112,60),(2510,112,61),(2512,112,70),(2507,112,81),(2505,112,97),(2511,112,109),(2504,112,115),(2521,112,339),(2514,112,340),(2519,112,341),(2515,112,342),(2516,112,343),(2520,112,344),(2518,112,345),(2513,112,347),(2517,112,348),(2497,112,539),(2496,112,540),(2524,113,33),(2525,113,44),(2530,113,52),(2528,113,57),(2527,113,62),(2526,113,92),(2529,113,341),(2531,113,344),(2532,113,348),(2523,113,537),(2533,114,41),(2534,114,44),(2542,114,52),(2537,114,76),(2536,114,91),(2538,114,110),(2541,114,344),(2540,114,346),(2539,114,348),(2535,114,540),(2544,115,178),(2548,115,181),(2546,115,182),(2550,115,236),(2549,115,238),(2547,115,243),(2545,115,296),(2543,115,300),(2552,115,302),(2551,115,305),(2555,116,175),(2559,116,176),(2558,116,177),(2556,116,181),(2562,116,184),(2557,116,236),(2553,116,238),(2561,116,243),(2554,116,296),(2560,116,299),(2567,117,5),(2571,117,6),(2564,117,34),(2563,117,41),(2566,117,43),(2568,117,81),(2570,117,87),(2569,117,94),(2572,117,111),(2565,117,539),(2574,118,34),(2575,118,35),(2573,118,41),(2576,118,63),(2578,118,98),(2577,118,113),(2582,118,341),(2579,118,343),(2580,118,345),(2581,118,348),(2592,119,3),(2587,119,29),(2583,119,41),(2586,119,42),(2584,119,46),(2585,119,60),(2588,119,68),(2589,119,89),(2590,119,101),(2591,119,116),(2593,120,43),(2594,120,45),(2595,120,48),(2597,120,66),(2596,120,68),(2598,120,69),(2602,120,340),(2599,120,341),(2601,120,343),(2600,120,346),(2605,121,29),(2608,121,32),(2612,121,33),(2604,121,34),(2606,121,37),(2609,121,41),(2611,121,42),(2607,121,46),(2610,121,47),(2603,121,48),(2630,121,52),(2618,121,74),(2616,121,77),(2619,121,79),(2621,121,85),(2613,121,89),(2622,121,91),(2614,121,100),(2620,121,102),(2615,121,104),(2617,121,105),(2628,121,339),(2624,121,340),(2631,121,341),(2626,121,342),(2632,121,343),(2623,121,345),(2625,121,346),(2627,121,347),(2629,121,348),(2640,122,2),(2633,122,5),(2634,122,33),(2635,122,34),(2637,122,36),(2636,122,47),(2638,122,48),(2639,122,53),(2643,122,86),(2644,122,89),(2642,122,90),(2641,122,96),(2647,122,339),(2651,122,340),(2652,122,341),(2645,122,342),(2648,122,343),(2650,122,344),(2649,122,345),(2646,122,348),(2658,123,35),(2654,123,36),(2653,123,40),(2655,123,42),(2659,123,50),(2671,123,52),(2657,123,60),(2662,123,81),(2660,123,89),(2663,123,92),(2664,123,102),(2661,123,110),(2670,123,339),(2669,123,340),(2668,123,341),(2667,123,343),(2665,123,345),(2666,123,346),(2672,123,347),(2656,123,540),(2677,124,28),(2678,124,140),(2679,124,159),(2684,124,176),(2687,124,177),(2690,124,179),(2683,124,180),(2691,124,182),(2685,124,184),(2675,124,191),(2674,124,192),(2681,124,218),(2673,124,222),(2688,124,236),(2692,124,238),(2682,124,266),(2680,124,268),(2676,124,279),(2689,124,300),(2686,124,303),(2693,125,5),(2702,125,29),(2698,125,31),(2712,125,32),(2704,125,33),(2701,125,34),(2703,125,35),(2697,125,36),(2709,125,37),(2705,125,40),(2707,125,41),(2710,125,42),(2696,125,43),(2694,125,44),(2706,125,45),(2711,125,46),(2708,125,48),(2695,125,60),(2699,125,537),(2700,125,540),(2720,126,151),(2722,126,163),(2716,126,173),(2721,126,187),(2719,126,195),(2713,126,199),(2718,126,215),(2715,126,260),(2714,126,273),(2717,126,286),(2723,127,23),(2726,127,58),(2729,127,59),(2725,127,66),(2727,127,67),(2728,127,68),(2731,127,75),(2724,127,89),(2732,127,95),(2730,127,105),(2735,128,51),(2738,128,64),(2739,128,68),(2734,128,69),(2741,128,71),(2740,128,76),(2742,128,88),(2733,128,107),(2736,128,110),(2737,128,117),(2749,129,52),(2744,129,339),(2751,129,340),(2746,129,341),(2745,129,342),(2743,129,343),(2752,129,344),(2747,129,346),(2748,129,347),(2750,129,348),(2757,130,23),(2759,130,51),(2753,130,65),(2758,130,66),(2760,130,71),(2754,130,76),(2761,130,86),(2755,130,97),(2762,130,103),(2756,130,112),(2771,131,131),(2767,131,146),(2768,131,152),(2772,131,153),(2766,131,214),(2770,131,217),(2764,131,220),(2763,131,270),(2765,131,278),(2769,131,286),(2781,132,149),(2777,132,162),(2780,132,164),(2782,132,188),(2775,132,197),(2776,132,198),(2773,132,209),(2774,132,218),(2779,132,276),(2778,132,287),(2783,133,32),(2789,133,33),(2792,133,37),(2791,133,41),(2788,133,43),(2784,133,44),(2786,133,45),(2790,133,537),(2787,133,539),(2785,133,540),(2795,134,29),(2798,134,34),(2800,134,35),(2797,134,36),(2799,134,40),(2802,134,41),(2793,134,44),(2796,134,47),(2794,134,60),(2801,134,537),(2803,135,339),(2809,135,340),(2811,135,341),(2812,135,342),(2804,135,343),(2805,135,344),(2806,135,345),(2810,135,346),(2808,135,347),(2807,135,348),(2814,136,154),(2813,136,158),(2818,136,175),(2819,136,180),(2816,136,199),(2817,136,205),(2820,136,236),(2815,136,264),(2821,136,298),(2822,136,303),(2823,137,37),(2824,137,41),(2825,137,48),(2828,137,76),(2826,137,99),(2827,137,104),(2832,137,340),(2830,137,341),(2831,137,342),(2829,137,345),(2833,138,5),(2834,138,44),(2837,138,77),(2838,138,84),(2836,138,97),(2839,138,339),(2841,138,341),(2842,138,344),(2840,138,348),(2835,138,540),(2844,139,133),(2852,139,175),(2850,139,183),(2847,139,197),(2843,139,199),(2848,139,243),(2845,139,257),(2846,139,291),(2849,139,297),(2851,139,305),(2860,140,5),(2859,140,29),(2855,140,33),(2854,140,35),(2858,140,36),(2856,140,40),(2861,140,42),(2862,140,43),(2853,140,44),(2857,140,540),(2865,141,125),(2872,141,146),(2873,141,148),(2875,141,159),(2863,141,167),(2877,141,172),(2889,141,175),(2882,141,176),(2890,141,177),(2878,141,178),(2883,141,180),(2885,141,181),(2887,141,182),(2892,141,183),(2869,141,187),(2874,141,194),(2871,141,208),(2868,141,215),(2864,141,219),(2888,141,238),(2880,141,243),(2876,141,272),(2870,141,276),(2867,141,277),(2866,141,292),(2884,141,296),(2891,141,297),(2879,141,298),(2881,141,299),(2886,141,304),(2901,142,31),(2895,142,34),(2899,142,40),(2902,142,42),(2894,142,45),(2893,142,46),(2897,142,47),(2896,142,537),(2900,142,539),(2898,142,540),(2903,143,31),(2905,143,40),(2907,143,49),(2908,143,65),(2906,143,69),(2910,143,341),(2911,143,346),(2912,143,347),(2909,143,348),(2904,143,539),(2913,144,5),(2915,144,36),(2914,144,47),(2916,144,51),(2918,144,105),(2917,144,108),(2920,144,341),(2921,144,343),(2922,144,344),(2919,144,346),(2926,145,28),(2929,145,177),(2928,145,238),(2924,145,272),(2925,145,287),(2927,145,291),(2923,145,295),(2932,145,297),(2931,145,298),(2930,145,305),(2940,146,29),(2934,146,31),(2935,146,32),(2933,146,35),(2936,146,36),(2938,146,37),(2942,146,40),(2937,146,43),(2939,146,45),(2941,146,47),(2954,146,52),(2952,146,72),(2943,146,73),(2946,146,79),(2951,146,80),(2948,146,91),(2945,146,97),(2949,146,100),(2947,146,101),(2950,146,107),(2944,146,115),(2955,146,339),(2958,146,341),(2960,146,342),(2957,146,343),(2956,146,344),(2962,146,345),(2959,146,346),(2953,146,347),(2961,146,348),(2966,147,5),(2963,147,35),(2964,147,37),(2967,147,40),(2965,147,42),(2972,147,78),(2971,147,80),(2969,147,88),(2968,147,95),(2970,147,112),(2975,148,6),(2980,148,52),(2974,148,74),(2976,148,81),(2973,148,90),(2977,148,101),(2982,148,339),(2981,148,340),(2979,148,345),(2978,148,347),(2989,149,155),(2988,149,167),(2998,149,176),(3001,149,178),(3000,149,183),(2994,149,184),(2983,149,203),(2984,149,209),(2987,149,214),(2986,149,219),(2996,149,236),(2997,149,238),(2992,149,267),(2990,149,275),(2991,149,280),(2985,149,288),(2999,149,296),(2993,149,300),(2995,149,304),(3002,149,305),(3005,150,163),(3010,150,177),(3012,150,179),(3008,150,181),(3006,150,203),(3007,150,208),(3009,150,243),(3003,150,288),(3004,150,291),(3011,150,296),(3014,151,32),(3017,151,37),(3016,151,40),(3015,151,42),(3022,151,53),(3019,151,71),(3021,151,94),(3020,151,102),(3018,151,114),(3013,151,537),(3026,152,2),(3027,152,56),(3032,152,57),(3031,152,65),(3023,152,66),(3029,152,75),(3030,152,79),(3024,152,87),(3025,152,98),(3028,152,116),(3039,153,49),(3036,153,54),(3034,153,70),(3038,153,74),(3035,153,78),(3040,153,89),(3037,153,91),(3033,153,97),(3041,153,104),(3042,153,114),(3047,154,129),(3046,154,151),(3052,154,178),(3049,154,179),(3048,154,180),(3043,154,187),(3050,154,238),(3044,154,265),(3045,154,291),(3051,154,297),(3058,155,126),(3056,155,142),(3060,155,144),(3061,155,158),(3062,155,160),(3055,155,163),(3054,155,164),(3059,155,165),(3053,155,166),(3057,155,273),(3064,156,144),(3072,156,179),(3069,156,182),(3066,156,198),(3063,156,206),(3068,156,238),(3065,156,271),(3067,156,286),(3071,156,297),(3070,156,299),(3082,157,142),(3073,157,149),(3077,157,154),(3076,157,163),(3080,157,196),(3081,157,200),(3075,157,215),(3078,157,219),(3079,157,225),(3074,157,292),(3090,158,177),(3089,158,179),(3091,158,180),(3086,158,200),(3083,158,202),(3085,158,211),(3088,158,236),(3084,158,269),(3087,158,270),(3092,158,300),(3097,159,29),(3095,159,31),(3101,159,32),(3100,159,34),(3094,159,35),(3099,159,43),(3102,159,46),(3098,159,47),(3093,159,48),(3096,159,539),(3105,160,32),(3104,160,47),(3106,160,56),(3103,160,60),(3107,160,77),(3108,160,99),(3109,160,342),(3111,160,345),(3112,160,346),(3110,160,347),(3129,161,128),(3127,161,136),(3132,161,143),(3117,161,149),(3125,161,152),(3124,161,173),(3128,161,192),(3116,161,194),(3115,161,195),(3113,161,199),(3123,161,214),(3120,161,217),(3122,161,257),(3118,161,258),(3130,161,266),(3126,161,267),(3119,161,274),(3131,161,280),(3114,161,281),(3121,161,288),(3133,162,35),(3135,162,36),(3134,162,40),(3137,162,49),(3140,162,52),(3136,162,59),(3138,162,87),(3139,162,341),(3141,162,347),(3142,162,348),(3148,164,32),(3147,164,33),(3145,164,36),(3144,164,37),(3150,164,40),(3149,164,45),(3143,164,46),(3146,164,48),(3152,164,539),(3151,164,540),(3155,165,29),(3153,165,31),(3154,165,37),(3156,165,50),(3162,165,52),(3157,165,69),(3158,165,93),(3161,165,339),(3160,165,346),(3159,165,347),(3163,166,29),(3164,166,40),(3167,166,77),(3168,166,100),(3166,166,108),(3172,166,340),(3171,166,341),(3169,166,344),(3170,166,346),(3165,166,537),(3178,167,125),(3182,167,126),(3181,167,129),(3176,167,159),(3175,167,162),(3174,167,203),(3177,167,210),(3180,167,265),(3173,167,281),(3179,167,283),(3185,168,171),(3191,168,178),(3192,168,181),(3184,168,197),(3189,168,243),(3186,168,261),(3187,168,262),(3183,168,270),(3188,168,296),(3190,168,298),(3201,169,52),(3195,169,339),(3202,169,340),(3199,169,341),(3197,169,342),(3193,169,344),(3200,169,345),(3194,169,346),(3196,169,347),(3198,169,348),(3209,170,23),(3205,170,31),(3204,170,32),(3206,170,33),(3203,170,41),(3207,170,44),(3218,170,52),(3213,170,55),(3212,170,56),(3211,170,66),(3214,170,68),(3210,170,107),(3215,170,340),(3217,170,342),(3220,170,343),(3216,170,345),(3221,170,346),(3222,170,347),(3219,170,348),(3208,170,539),(3223,171,33),(3224,171,35),(3227,171,71),(3228,171,81),(3226,171,111),(3232,171,339),(3230,171,341),(3229,171,342),(3231,171,343),(3225,171,537),(3236,173,31),(3239,173,33),(3242,173,34),(3234,173,37),(3233,173,41),(3240,173,42),(3237,173,46),(3238,173,47),(3235,173,48),(3241,173,539),(3243,174,29),(3245,174,32),(3246,174,50),(3248,174,95),(3247,174,103),(3252,174,342),(3249,174,343),(3251,174,346),(3250,174,348),(3244,174,537),(3253,175,31),(3255,175,37),(3256,175,42),(3258,175,43),(3254,175,44),(3260,175,46),(3259,175,47),(3262,175,537),(3261,175,539),(3257,175,540),(3271,176,127),(3268,176,133),(3263,176,145),(3272,176,163),(3264,176,165),(3265,176,193),(3266,176,207),(3269,176,211),(3270,176,222),(3267,176,269),(3273,177,46),(3275,177,47),(3277,177,56),(3278,177,89),(3276,177,117),(3282,177,339),(3281,177,342),(3279,177,343),(3280,177,346),(3274,177,539),(3290,178,23),(3283,178,31),(3287,178,32),(3286,178,43),(3284,178,47),(3292,178,85),(3288,178,104),(3291,178,111),(3289,178,113),(3285,178,540),(3298,179,3),(3297,179,5),(3293,179,31),(3295,179,35),(3294,179,36),(3299,179,72),(3301,179,80),(3300,179,86),(3302,179,99),(3296,179,537),(3306,180,29),(3305,180,34),(3303,180,37),(3307,180,42),(3304,180,47),(3311,180,55),(3312,180,64),(3309,180,75),(3308,180,86),(3310,180,109),(3313,181,145),(3314,181,160),(3321,181,175),(3316,181,193),(3317,181,201),(3322,181,243),(3315,181,289),(3318,181,299),(3319,181,302),(3320,181,305),(3324,182,140),(3327,182,144),(3329,182,176),(3330,182,181),(3328,182,184),(3325,182,194),(3323,182,219),(3326,182,284),(3331,182,296),(3332,182,302),(3335,183,33),(3333,183,37),(3341,183,52),(3338,183,57),(3334,183,60),(3336,183,86),(3337,183,115),(3342,183,341),(3339,183,344),(3340,183,346),(3350,184,176),(3348,184,177),(3352,184,179),(3351,184,181),(3344,184,192),(3346,184,200),(3345,184,217),(3347,184,265),(3343,184,280),(3349,184,304),(3358,185,29),(3359,185,32),(3360,185,33),(3353,185,35),(3361,185,37),(3355,185,40),(3357,185,42),(3356,185,46),(3362,185,60),(3354,185,537),(3371,186,135),(3372,186,142),(3366,186,144),(3367,186,148),(3369,186,151),(3364,186,154),(3370,186,205),(3368,186,219),(3365,186,288),(3363,186,295),(3375,187,173),(3378,187,178),(3381,187,180),(3382,187,184),(3374,187,190),(3379,187,238),(3380,187,243),(3373,187,280),(3377,187,286),(3376,187,291),(3384,188,5),(3385,188,29),(3388,188,32),(3386,188,34),(3387,188,37),(3391,188,42),(3383,188,43),(3392,188,44),(3390,188,45),(3389,188,540),(3398,189,32),(3395,189,33),(3400,189,36),(3397,189,40),(3393,189,41),(3394,189,44),(3399,189,45),(3402,189,47),(3401,189,48),(3396,189,539),(3410,190,31),(3411,190,32),(3405,190,33),(3409,190,34),(3412,190,35),(3404,190,41),(3408,190,43),(3403,190,44),(3430,190,52),(3419,190,55),(3406,190,60),(3414,190,64),(3421,190,67),(3417,190,73),(3415,190,82),(3413,190,91),(3422,190,92),(3416,190,94),(3418,190,96),(3420,190,113),(3428,190,339),(3424,190,340),(3426,190,341),(3423,190,342),(3427,190,344),(3429,190,345),(3425,190,346),(3432,190,347),(3431,190,348),(3407,190,537),(3435,191,131),(3436,191,151),(3440,191,157),(3434,191,190),(3442,191,199),(3441,191,262),(3439,191,263),(3438,191,266),(3433,191,268),(3437,191,285),(3444,192,29),(3447,192,32),(3443,192,34),(3445,192,41),(3450,192,51),(3449,192,54),(3448,192,59),(3452,192,71),(3451,192,101),(3446,192,540),(3458,193,130),(3456,193,141),(3453,193,148),(3455,193,162),(3454,193,163),(3462,193,166),(3461,193,198),(3457,193,210),(3460,193,283),(3459,193,288),(3470,194,31),(3463,194,34),(3471,194,35),(3468,194,36),(3472,194,43),(3467,194,44),(3465,194,45),(3466,194,47),(3469,194,48),(3464,194,60),(3474,195,5),(3476,195,29),(3482,195,31),(3473,195,32),(3478,195,34),(3475,195,40),(3481,195,41),(3477,195,42),(3479,195,43),(3480,195,44),(3484,196,36),(3485,196,40),(3483,196,60),(3486,196,74),(3488,196,100),(3487,196,102),(3490,196,343),(3491,196,344),(3492,196,346),(3489,196,347),(3500,197,2),(3497,197,61),(3499,197,62),(3495,197,63),(3498,197,81),(3502,197,87),(3501,197,88),(3493,197,93),(3494,197,95),(3496,197,117),(3503,198,3),(3509,198,65),(3508,198,71),(3511,198,72),(3504,198,83),(3505,198,87),(3506,198,88),(3512,198,94),(3510,198,107),(3507,198,112),(3521,199,5),(3520,199,29),(3517,199,31),(3515,199,33),(3516,199,37),(3519,199,40),(3522,199,42),(3513,199,43),(3514,199,47),(3523,199,56),(3527,199,58),(3524,199,59),(3526,199,64),(3525,199,69),(3531,199,82),(3532,199,90),(3529,199,102),(3528,199,112),(3530,199,116),(3518,199,540),(3538,200,5),(3541,200,31),(3534,200,34),(3535,200,36),(3533,200,37),(3537,200,40),(3540,200,42),(3536,200,46),(3542,200,60),(3539,200,540),(3544,201,31),(3545,201,35),(3546,201,53),(3543,201,60),(3548,201,65),(3547,201,108),(3549,201,342),(3552,201,345),(3551,201,346),(3550,201,348),(3565,202,135),(3558,202,156),(3553,202,159),(3570,202,175),(3577,202,176),(3578,202,178),(3573,202,180),(3580,202,181),(3575,202,182),(3581,202,183),(3572,202,184),(3562,202,186),(3557,202,194),(3563,202,206),(3561,202,213),(3559,202,215),(3554,202,220),(3579,202,238),(3582,202,243),(3566,202,264),(3555,202,266),(3567,202,269),(3560,202,274),(3564,202,279),(3556,202,280),(3571,202,296),(3576,202,298),(3574,202,300),(3568,202,304),(3569,202,305),(3584,203,130),(3585,203,136),(3583,203,141),(3586,203,163),(3587,203,205),(3592,203,238),(3589,203,298),(3590,203,299),(3588,203,300),(3591,203,305),(3599,204,176),(3600,204,179),(3598,204,180),(3602,204,184),(3597,204,187),(3594,204,190),(3593,204,222),(3596,204,282),(3595,204,285),(3601,204,300),(3605,205,5),(3612,205,33),(3607,205,34),(3610,205,40),(3604,205,42),(3606,205,44),(3611,205,45),(3609,205,46),(3603,205,48),(3608,205,540),(3615,206,137),(3617,206,140),(3618,206,143),(3614,206,152),(3630,206,175),(3625,206,177),(3629,206,180),(3623,206,181),(3627,206,182),(3631,206,183),(3628,206,184),(3613,206,187),(3622,206,190),(3621,206,214),(3620,206,256),(3619,206,271),(3616,206,274),(3624,206,296),(3632,206,297),(3626,206,298),(3637,207,143),(3633,207,149),(3635,207,157),(3639,207,176),(3638,207,178),(3642,207,179),(3640,207,184),(3634,207,265),(3636,207,294),(3641,207,304),(3643,208,175),(3644,208,177),(3649,208,178),(3648,208,180),(3650,208,183),(3646,208,184),(3652,208,243),(3651,208,297),(3645,208,300),(3647,208,304),(3661,209,132),(3657,209,154),(3658,209,157),(3655,209,165),(3672,209,175),(3664,209,177),(3668,209,178),(3666,209,179),(3662,209,191),(3656,209,195),(3654,209,205),(3653,209,215),(3669,209,243),(3659,209,260),(3660,209,262),(3667,209,296),(3663,209,298),(3671,209,299),(3665,209,300),(3670,209,302),(3677,210,31),(3678,210,40),(3673,210,43),(3674,210,44),(3675,210,45),(3691,210,52),(3676,210,60),(3682,210,70),(3681,210,73),(3683,210,87),(3679,210,103),(3684,210,104),(3680,210,110),(3686,210,339),(3685,210,341),(3687,210,342),(3692,210,343),(3688,210,344),(3690,210,345),(3689,210,348),(3696,211,125),(3702,211,175),(3698,211,176),(3700,211,177),(3697,211,199),(3694,211,210),(3693,211,212),(3699,211,236),(3695,211,295),(3701,211,299),(3711,212,5),(3705,212,36),(3703,212,40),(3710,212,41),(3712,212,44),(3709,212,46),(3707,212,47),(3708,212,537),(3704,212,539),(3706,212,540),(3721,213,23),(3715,213,58),(3717,213,63),(3718,213,68),(3722,213,86),(3720,213,87),(3719,213,91),(3714,213,93),(3713,213,107),(3716,213,117),(3723,214,55),(3728,214,66),(3730,214,72),(3727,214,79),(3724,214,81),(3732,214,82),(3725,214,95),(3729,214,103),(3726,214,105),(3731,214,113);
/*!40000 ALTER TABLE `alcpt_testpaper_question_list` ENABLE KEYS */;
UNLOCK TABLES;

--
-- Table structure for table `alcpt_user`
--

DROP TABLE IF EXISTS `alcpt_user`;
/*!40101 SET @saved_cs_client     = @@character_set_client */;
/*!50503 SET character_set_client = utf8mb4 */;
CREATE TABLE `alcpt_user` (
  `id` int NOT NULL AUTO_INCREMENT,
  `password` varchar(128) NOT NULL,
  `reg_id` varchar(50) NOT NULL,
  `name` varchar(20) DEFAULT NULL,
  `gender` smallint unsigned DEFAULT NULL,
  `identity` smallint unsigned DEFAULT NULL,
  `privilege` smallint unsigned NOT NULL,
  `email` varchar(254) DEFAULT NULL,
  `email_is_verified` tinyint(1) NOT NULL,
  `update_time` datetime(6) NOT NULL,
  `created_time` datetime(6) NOT NULL,
  `last_login` datetime(6) DEFAULT NULL,
  `introduction` longtext,
  `photo` longtext,
  `experience` int NOT NULL,
  `level` smallint unsigned NOT NULL,
  `browser` longtext,
  PRIMARY KEY (`id`),
  UNIQUE KEY `reg_id` (`reg_id`),
  CONSTRAINT `alcpt_user_chk_1` CHECK ((`level` >= 0))
) ENGINE=InnoDB AUTO_INCREMENT=215 DEFAULT CHARSET=utf8mb3;
/*!40101 SET character_set_client = @saved_cs_client */;

--
-- Dumping data for table `alcpt_user`
--

LOCK TABLES `alcpt_user` WRITE;
/*!40000 ALTER TABLE `alcpt_user` DISABLE KEYS */;
INSERT INTO `alcpt_user` VALUES (1,'pbkdf2_sha256$180000$oTBTGig3RK5k$FhXD0UVPuiTiM+u6BsWeJA4pis6KlnTCIPlN6Z4b/2Q=','Maxium1997','蘇典煒',1,2,59,'wei860925@gmail.com',1,'2020-04-27 10:21:05.554946','2019-10-15 12:44:32.551000','2020-04-27 10:21:05.545087','1090630218\r\nNational Defense University\r\nInformation Management','photos/default_propic.png',0,1,NULL),(2,'pbkdf2_sha256$216000$oUq9HWveAtiA$QyQxpMdkk8eTqeMDfQZ/vuduQcoYrZQK/1saI93SuFs=','qaz74159','黃柏豪',1,2,63,'qaz74159@yahoo.com.tw',0,'2020-11-30 11:35:54.616266','2020-02-11 13:02:52.789648','2020-11-30 11:35:54.563597',NULL,'photos/default_propic.png',0,1,NULL),(4,'pbkdf2_sha256$180000$pSz5ws6jqokY$ElB2cOb0dAXOVhZS7qBWBwk5Iv4uAgL0zDBcK2xkQvE=','mcndu0001','袁葆宏',1,3,2,'max_yuan_i@gmail.com',0,'2020-04-16 09:19:50.836809','2020-02-11 14:47:59.132463','2020-04-16 09:19:50.834488',NULL,'photos/default_propic.png',0,1,NULL),(5,'pbkdf2_sha256$216000$iXDJtOXY1TDu$vuITuhj1A2HI/j4e2qEN6COMxG2uBUboi0x8U+rXDG8=','joy9517538246','劉昀昕',2,2,63,'joy9517538246@gmail.com',0,'2021-03-13 16:30:40.634158','2020-02-12 13:07:00.411616','2021-03-13 16:30:40.630739',' MCNDU','photos/joy9517538246_劉昀昕_KyygCQP.jpg',1100,4,NULL),(6,'pbkdf2_sha256$180000$qZyeHIu6TwYz$VR6qvUuvuHudtKxKDpWOrR+jkI0CRNDOAmTX+AiH914=','TonyChen9305','陳信綸',1,2,4,'gmvup4xjp6@gmail.com',0,'2020-04-16 09:48:03.188463','2020-02-12 13:12:58.230412','2020-04-15 22:15:15.481541',NULL,'photos/default_propic.png',0,1,NULL),(7,'pbkdf2_sha256$180000$mGWgaVkhdl5T$w2Ae2vzEAXxUSJUm0ZqlI6+x+sP8/WPRrUvZhg0F/HQ=','smile100226','傅晴俞',2,2,8,'smile100226@gmail.com',0,'2020-04-16 09:50:50.195881','2020-02-12 13:16:21.354390','2020-04-16 09:50:50.193535',NULL,'photos/default_propic.png',0,1,NULL),(8,'pbkdf2_sha256$180000$1lFO00qItmwO$RKtFjJaOH4wd03XER5Kqs5e8cCGC0aktwcaRf8CFFeM=','mayou66321','賴昱婷',2,2,63,'mayou66321@gmail.com',0,'2020-04-16 09:54:43.196971','2020-02-14 13:24:38.246472','2020-04-16 09:54:43.195055',NULL,'photos/default_propic.png',0,1,NULL),(9,'pbkdf2_sha256$260000$NzaLytY3PEzjVMgHbyNmQs$sfMdG8+QrM5RktXlRrHKkfENvTWLAVpwNmhNYtq/JX0=','1100630204','黃子祐',1,2,63,NULL,0,'2023-04-14 08:08:05.905889','2020-02-14 13:25:18.142812','2023-04-14 08:07:02.581613',NULL,'photos/default_propic.png',250,2,NULL),(10,'pbkdf2_sha256$180000$UxGqLrZnZSDU$5N60fls8VBBuQcJW2vh3Te8LaMGk9Dzrux7m8mm2VUY=','terry90209','楊家齊',1,2,16,'terry90209@gmail.com',0,'2020-04-16 09:50:20.857451','2020-03-18 15:31:27.930608','2020-04-16 09:50:20.854515','','photos/default_propic.png',0,1,NULL),(19,'pbkdf2_sha256$216000$dkWpz7fCFTit$wFjun2ySh8uJ/Ml60mcarsOM1nfEUfMGKJV1IGaCDOs=','1100630230',NULL,NULL,2,1,NULL,0,'2021-01-25 11:31:47.056566','2021-01-25 11:30:59.918223','2021-01-25 11:31:20.450191',NULL,'default_propic/default_propic.png',50,1,NULL),(32,'pbkdf2_sha256$216000$Mb1hxrzxyMLP$Jsr584h/7eGeCd7MRy7no83H9cOi/+8RenPKIoLIUvg=','1200630000',NULL,NULL,3,1,NULL,0,'2021-02-22 11:51:04.734355','2021-02-22 11:51:04.717728',NULL,NULL,'default_propic/default_propic.png',0,1,NULL),(35,'pbkdf2_sha256$216000$ISR4DEKehi5M$OKzKvfMDoqX6omREshy5DU5vsJR9NVIxPVS36wRl4qY=','mcndu11111',NULL,NULL,3,1,NULL,0,'2021-03-08 10:32:39.579743','2021-03-08 10:32:39.561631',NULL,NULL,'default_propic/default_propic.png',0,1,NULL),(36,'pbkdf2_sha256$216000$mpVh8LL9ogLG$FSK+MthHfA8KKD7lWHYXqyph1zknA70Kz8x/m3K9XXU=','angel8200531','李珮妤',2,2,63,NULL,0,'2022-08-19 11:11:13.357331','2021-08-20 12:17:47.571272','2022-08-19 11:11:13.352424',NULL,'default_propic/default_propic.png',8400,8,'i4gniur0azepsszo79h8nonx2h4vaqcn'),(38,'pbkdf2_sha256$216000$7PeurowAyQOS$XQ98Sreo9lPq+CL+AEa/vNgODiOc0agh/40gaMUdqp4=','1110630201','李維折',2,2,1,'ddd@gmail.com',0,'2022-03-27 00:19:57.204995','2022-03-12 22:30:08.062877','2022-03-27 00:19:43.721604',NULL,'default_propic/default_propic.png',50,1,NULL),(39,'pbkdf2_sha256$216000$MgF5SqgKIlXx$wK0P7EiekqFbKNsZUAGucs4u/J3ohIXMjq7HYP1J1Uw=','1110630202','楊定鎮',2,2,1,'ccc@gmail.com',0,'2022-03-12 23:22:06.953064','2022-03-12 22:30:48.235255','2022-03-12 23:20:47.029509',NULL,'default_propic/default_propic.png',50,1,NULL),(40,'pbkdf2_sha256$216000$SPFCOOFVIFw1$GQ382JZHg5Pe0iXcIhR3jz+8imhPYHiHqaXwmX6kh/s=','1110630203','王宏勳',2,2,1,'bbb@gmail',0,'2022-03-27 00:20:26.499251','2022-03-12 22:31:08.720968','2022-03-27 00:20:12.138522',NULL,'default_propic/default_propic.png',50,1,NULL),(41,'pbkdf2_sha256$216000$qAsdOKBaYYuB$qTCofCew7FpNVSr1FIyDVGs4kC4l7IH8p8fF2ubs/Cc=','1110630205','王小明',1,2,1,'aaa@gmail.com',0,'2022-03-12 23:23:57.081037','2022-03-12 22:33:28.217078','2022-03-12 23:22:24.217881',NULL,'default_propic/default_propic.png',50,1,NULL),(42,'pbkdf2_sha256$260000$cmUUcQdF1IOsEFAKhJS6Q5$PybWFSWbnQDoA1JXD1DBMdbTKh7fICqbVXPEX4WBpl0=','1130630244','林柔妤',2,2,63,NULL,0,'2023-04-05 23:00:41.576163','2023-03-28 11:27:06.526525','2023-03-30 22:50:48.260392',' ','default_propic/default_propic.png',350,2,'vyipd4k8d724uvha8cnp23fxl1echy85'),(43,'pbkdf2_sha256$260000$wapQFs0MU7CE26dyBLMcmD$osXpBnppKKx3teY6vJ516X1lEkv4NOYf9Fep1p+tsMg=','1130630245','高昀',3,2,63,NULL,0,'2023-04-05 23:00:20.389150','2023-03-28 11:28:51.252947','2023-04-05 22:04:28.094702',' ','default_propic/default_propic.png',500,3,'6umzkspk7u5pwgy7i2m6ar2twb3ngvdb'),(44,'pbkdf2_sha256$260000$68CWXaeASaGbkzSYZfvHfZ$ohU83Rly+8mOREOwCARwQKNgmpTh265wADTghQlwyYE=','1130630235','張語瑄',2,2,63,'chang020126@gmail.com',0,'2023-04-13 23:59:38.303536','2023-03-28 11:29:51.885183','2023-04-13 23:08:14.089205',' ','default_propic/default_propic.png',700,3,'6uo2nvpqyzeu37xv0ckezfhjnevgzh9s'),(45,'pbkdf2_sha256$260000$6XrDt8wjyNRlSz2HBxLzno$kB7gm8atq4b6pbIwF7tv3i6XKyi5nG+k1v20CxATW7c=','1120630229','張景睿',1,2,63,NULL,0,'2023-04-06 10:13:45.448168','2023-04-06 06:30:37.286488','2023-04-06 06:30:55.150292','  ','photos/1120630229_20210917120628-d5d9838916e6a7f6585573fd50ab321e-mobile.png',50,1,'5rncgh83wwzbl8odu809st5x3lo7q0ny'),(46,'pbkdf2_sha256$260000$qSBs8z3CEtdVWzx5wrz7Mo$DRDxOJNjeaxKda9ASXMOXVKDePjuO7CeGcuI7NQCfTg=','1120630236','張家偉',1,2,63,NULL,0,'2023-04-06 10:48:35.012430','2023-04-06 08:05:40.731266','2023-04-06 08:07:19.717639',' ','photos/1120630236_messageImage_1604911144065.jpg',200,2,'fgadrhte8gn6r3psvpypjgpsmb2lqxhm'),(47,'pbkdf2_sha256$260000$5HUtNIclN1ngWNo0QpcGMG$8KnAnlahyQGE1CRLbPITjEQdYwxj07+QUy4DTwyG6Zg=','1120630246','陳虹瑾',2,2,63,NULL,0,'2023-04-06 10:28:55.983954','2023-04-06 09:45:44.850359','2023-04-06 09:46:18.239448',' ','default_propic/default_propic.png',100,1,'ak8pqg9vtobk54gvud675u8btcdfwf0r'),(48,'pbkdf2_sha256$260000$Gl3zSpwp7wVhhO2j2qZJ7Y$qto/7+Bo8JPhy0JbJq/o3dNv55K9TRAuUGRkp4kLd90=','1120630201','林秉謙',1,2,63,NULL,0,'2023-04-14 08:50:20.654833','2023-04-06 09:53:19.697972','2023-04-14 07:45:30.383898',' ','default_propic/default_propic.png',100,1,NULL),(49,'pbkdf2_sha256$260000$O5brb188WmSF7jccJTeWlH$sCqYGBUH7MR4fAygIOm8bLsQqHPoOQaX7+wiA+4ANco=','1120630202','羅義勝',1,2,63,'xji6u4tim@gmail.com',0,'2023-04-14 08:12:30.338191','2023-04-06 09:59:48.859613','2023-04-14 07:44:18.770589','  ','default_propic/default_propic.png',150,1,'gfv0qkfryrgiktsitgbpvhj6kjefwpjh'),(50,'pbkdf2_sha256$260000$0Vykba78ASsMHr2V0Ybhoo$bgSYJ1oSWsIdsiklLbOSMXCLKoS55EC7og8PaAx6JcQ=','1120630250',NULL,NULL,2,1,'tina1641@gmail.com',0,'2023-04-06 11:01:58.495936','2023-04-06 10:04:17.062361','2023-04-06 10:55:35.964492',NULL,'default_propic/default_propic.png',150,1,'x5uet8k3g4vnjgu5g95uo37s24jaz5uh'),(51,'pbkdf2_sha256$260000$vk43DzSwz2xhpjkaBTfICo$XJ6NO1usE69MtiviUBJiyVeyyTQBd7byN8Qc8YdixQo=','1120630214','張樂安',1,2,63,'az98987206@gmail.com',0,'2023-04-06 10:52:40.239248','2023-04-06 10:05:19.899938','2023-04-06 10:05:38.471090','','default_propic/default_propic.png',200,2,'qynka526pfxueztffw94niyc4t8c7ue7'),(52,'pbkdf2_sha256$260000$C6nPCztzeMBIJUIYcDTdUy$wSuEUwXPhBWbnEAI7KMGuKCAoiyTJR//cPwzA0FPRII=','1120630232',NULL,NULL,2,63,NULL,0,'2023-04-14 08:10:52.631692','2023-04-06 10:07:23.178044','2023-04-14 07:47:20.179948',NULL,'default_propic/default_propic.png',300,2,'zyb1lquuto7icig0q8yj6dvdrm0n6i44'),(53,'pbkdf2_sha256$260000$vW2Pt1ef91yct5VZXmdY8X$lqG5EaGqZzCPsun+BHHEt7zkylvet34FJK2h2/RjIYg=','1120630207',NULL,NULL,2,63,NULL,0,'2023-04-06 10:54:45.584819','2023-04-06 10:20:27.267171','2023-04-06 10:21:34.602730',NULL,'default_propic/default_propic.png',50,1,'3w3wpnutd9yg0jjvxjf48tr0bx5w7kwx'),(54,'pbkdf2_sha256$260000$5xftC7VHL8tvPsR0kT6ab9$KbbeFmxDLKiYSJzbAkegICIU2WQeZCSHDQ3Mel7fzMM=','1120630222',NULL,NULL,2,1,NULL,0,'2023-04-14 08:29:24.555834','2023-04-06 10:48:33.048439','2023-04-14 08:07:51.040335',NULL,'default_propic/default_propic.png',200,2,'iyohb31q4dfgvg5pdv4lnjrjfm12606u'),(56,'pbkdf2_sha256$260000$gaHK2Cw4lkjbqfb3ccFRzb$eoOmJkaEZJfGKYk9O1TS6Vs8uYp86U3gQP1ZTv2nZlc=','1130630201','陳彥瑋',1,2,63,NULL,0,'2023-04-13 11:54:36.006016','2023-04-06 20:22:28.291657','2023-04-13 11:25:19.178578',' ','default_propic/default_propic.png',200,2,'ljefsq4yrz0jozxm5xdnnwmrn5xq1ylg'),(57,'pbkdf2_sha256$260000$crW9c4WlWXyX0rIMkLYJVB$fP8vaE86QVzIpvdJhwaUYy0Nrd2qomdpC9EK+kEFIXQ=','1130630202',NULL,NULL,2,63,NULL,0,'2023-04-13 11:32:38.516357','2023-04-06 20:23:30.371571','2023-04-13 11:32:38.486111',NULL,'default_propic/default_propic.png',0,1,'tu2vzi0t506rltva3xlo9jq7rfmmzfdd'),(58,'pbkdf2_sha256$260000$j9Uq9qGa8iWrSrExK4rAIg$/NdG++2vTkWid5qnjxyz0xKZ/CdhyT59vQpl50n/pVU=','1130630227',NULL,NULL,2,63,NULL,0,'2023-04-06 20:29:23.149846','2023-04-06 20:24:01.351083','2023-04-06 20:29:23.119027',NULL,'default_propic/default_propic.png',0,1,'ay3uaw32ykl7tku0x0yhxvlr5fgajx2e'),(59,'pbkdf2_sha256$260000$sHx8w2NHNDlRePqs2rlDsb$W6AB0+BrKL324uZ80FyIrGoyQxRSL/CK9PdM6mvuSCg=','1130630233',NULL,NULL,2,63,NULL,0,'2023-04-13 22:38:24.379456','2023-04-06 20:24:36.405735','2023-04-13 22:36:07.509116',NULL,'default_propic/default_propic.png',100,1,'s6ryxcwma6xjnzc53u8y6y9uah3gnzij'),(60,'pbkdf2_sha256$260000$0TyCEfl31eEU32aQoOCgJh$QylWwwJP67o5gED15YfOabnzI/ES8jAUApLtsoucrS0=','1150630207',NULL,NULL,2,33,NULL,0,'2023-04-14 08:17:40.313520','2023-04-11 16:12:19.263060','2023-04-11 23:31:23.379636',NULL,'default_propic/default_propic.png',50,1,NULL),(61,'pbkdf2_sha256$260000$PS2MS3hm6HDHmZuyHkJlZ2$gAIzzRk8afKHQ6yCVcuyzxnd8Xgejolg7tLtMENQdn8=','1150630211',NULL,NULL,2,33,NULL,0,'2023-04-14 08:23:54.620295','2023-04-11 16:12:46.762914','2023-04-14 08:18:00.462432',NULL,'default_propic/default_propic.png',50,1,NULL),(62,'pbkdf2_sha256$260000$L7ADT7dXB5rNOIbg3sJKF7$rhBqP8GKskKeIXoqXKfBqh4HyJ+H3HIgWUjjj9mRf6Y=','1140630212',NULL,NULL,2,33,NULL,0,'2023-04-11 22:23:30.603681','2023-04-11 16:15:44.632128','2023-04-11 22:23:30.573132',NULL,'default_propic/default_propic.png',0,1,'sqm4x04qau4aks7hnkgyu5kq5warkp11'),(63,'pbkdf2_sha256$260000$PmXuTy3wm8qwVOVvGrSZdi$KETKCvgjWrqnMmzbNXd+SZrbdG6BBkJSqiJl0wWMrew=','1140630215',NULL,NULL,2,33,NULL,0,'2023-04-11 16:18:05.719789','2023-04-11 16:18:05.586239',NULL,NULL,'default_propic/default_propic.png',0,1,NULL),(64,'pbkdf2_sha256$260000$zLbbXCAtm4wrLrACoeaezX$PejDfayuZ22dutOJwpflzGNoklbaqodoWYDjhjm7SW0=','1130630203',NULL,NULL,2,1,NULL,0,'2023-04-11 19:43:00.259353','2023-04-11 19:43:00.144321',NULL,NULL,'default_propic/default_propic.png',0,1,NULL),(65,'pbkdf2_sha256$260000$5SUfJ0qOXRybvbAXXcxOR8$M2AG94pzPU0pDQ24f0PAGQwO1rsRQ8IXkv+TFE4K25M=','1130630207',NULL,NULL,2,1,NULL,0,'2023-04-11 19:44:24.447446','2023-04-11 19:44:24.426606',NULL,NULL,'default_propic/default_propic.png',0,1,NULL),(66,'pbkdf2_sha256$260000$rhlNROBJDxTDThBabZ8cp1$F5/psvtaMqH05S2p23oW06NzJflgH3j8/JmYlXas6KQ=','1130630211',NULL,NULL,2,1,NULL,0,'2023-04-11 19:44:49.570232','2023-04-11 19:44:49.551275',NULL,NULL,'default_propic/default_propic.png',0,1,NULL),(67,'pbkdf2_sha256$260000$9tV9SSB1e6qZ9LZnQ4C53D$4pJXt/PsAVAyx5PAOtzSq6G7vQrPcbqU+ED5OJetgfY=','1130630213',NULL,NULL,2,1,NULL,0,'2023-04-11 19:49:41.168675','2023-04-11 19:49:41.105595',NULL,NULL,'default_propic/default_propic.png',0,1,NULL),(68,'pbkdf2_sha256$260000$u4tr6yJDwJI3dYGoXtwFdH$Ii/vfbWrnMxgazgtv6HeuVrnZx59289Ip2Hs86MwKTM=','1130630214',NULL,NULL,2,1,NULL,0,'2023-04-11 19:50:10.153860','2023-04-11 19:50:10.083117',NULL,NULL,'default_propic/default_propic.png',0,1,NULL),(69,'pbkdf2_sha256$260000$5eUuJJebiPOWnhqXm2GBc4$qE6YGnBCCrHMHkb5t57XSishYNtvEZ1wH0UG0Df0TXU=','1130630217',NULL,NULL,2,1,NULL,0,'2023-04-11 19:50:35.565791','2023-04-11 19:50:35.466356',NULL,NULL,'default_propic/default_propic.png',0,1,NULL),(70,'pbkdf2_sha256$260000$gv5psZeyQoyogPB69pZtIY$jY93wbrsO06w2zvOxrhBBdKVlaBYYJQ8oEeV4tirQIY=','1130630218',NULL,NULL,2,1,NULL,0,'2023-04-11 19:50:58.497181','2023-04-11 19:50:58.478435',NULL,NULL,'default_propic/default_propic.png',0,1,NULL),(71,'pbkdf2_sha256$260000$pK7rLZR4WT68jDCaiq8CB7$Eaudhrc4PTGdTrXQHaf2xBj5ybpI7cuiJzcnqbmkcWM=','1130630224',NULL,NULL,2,1,NULL,0,'2023-04-11 19:51:26.213713','2023-04-11 19:51:26.195171',NULL,NULL,'default_propic/default_propic.png',0,1,NULL),(72,'pbkdf2_sha256$260000$wY60WQ1eC42bsaY7HRFrqp$cYboeCvqZpZGAExL5A8OXFrDWkd+0pLEFYent34/rAM=','1130630226',NULL,NULL,2,1,NULL,0,'2023-04-11 19:51:55.879676','2023-04-11 19:51:55.859945',NULL,NULL,'default_propic/default_propic.png',0,1,NULL),(73,'pbkdf2_sha256$260000$qfpr3syFh8DsmiSkHmH6nh$j2bXdSWRpBhnwJpf04fj5uzSln/uLzV/paoH6P7vnI8=','1130630231',NULL,NULL,2,1,NULL,0,'2023-04-11 19:52:21.150497','2023-04-11 19:52:21.131910',NULL,NULL,'default_propic/default_propic.png',0,1,NULL),(74,'pbkdf2_sha256$260000$UndcBvKEHbtB591uoTjSX1$+tVnPw/Pf+8QDUlZse2gwUjJX7bkZEc3xoFf9oQi6GQ=','1130630208',NULL,NULL,2,1,NULL,0,'2023-04-11 19:52:44.375936','2023-04-11 19:52:44.326708',NULL,NULL,'default_propic/default_propic.png',0,1,NULL),(75,'pbkdf2_sha256$260000$fuooXmLZWtUqptlwF6MJbq$oIcmnpK4HZxknOZm6OqcpnGc6Ks5Hq31bHNk+dZij/c=','1130630212',NULL,NULL,2,1,NULL,0,'2023-04-11 19:53:09.626789','2023-04-11 19:53:09.608534',NULL,NULL,'default_propic/default_propic.png',0,1,NULL),(76,'pbkdf2_sha256$260000$gKWvlBogwvJX2k02KluiV0$qnbKmbc9zBDjjRADTe2OPwHBY+pVCwb+6D1M8ltq0kI=','1130630215',NULL,NULL,2,1,NULL,0,'2023-04-11 19:53:29.906681','2023-04-11 19:53:29.887942',NULL,NULL,'default_propic/default_propic.png',0,1,NULL),(77,'pbkdf2_sha256$260000$TcBnDenzh9DD3P2cCsu2z8$CeE8qxHbr8nFpukMTXcIKk9cjMiYFtMeDN9Ddnume4k=','1130630219',NULL,NULL,2,1,NULL,0,'2023-04-11 19:53:49.483271','2023-04-11 19:53:49.464840',NULL,NULL,'default_propic/default_propic.png',0,1,NULL),(78,'pbkdf2_sha256$260000$d0wtgySzaXcQ2xluRuf3lF$TvaZfJG+CEU7CeEmkouH11xTT4cEJ8PJqc+T7chkMB0=','1130630230',NULL,NULL,2,1,NULL,0,'2023-04-11 19:54:10.435505','2023-04-11 19:54:10.415973',NULL,NULL,'default_propic/default_propic.png',0,1,NULL),(79,'pbkdf2_sha256$260000$Gcfwa9SMpFOtYc788JydTa$GUvfeJbm0Iil/L9emqjA9vJFkjv8o5WwujYgNVjYJQ4=','1130630242',NULL,NULL,2,1,NULL,0,'2023-04-11 19:54:29.767456','2023-04-11 19:54:29.748661',NULL,NULL,'default_propic/default_propic.png',0,1,NULL),(80,'pbkdf2_sha256$260000$6bpvirikf5ZUHj6FygNdJY$H1WeY+9BAZZNA4qxe79sYHSr0hXvzYNY5g98JhhS7gg=','1130630243',NULL,NULL,2,1,NULL,0,'2023-04-11 19:54:50.915036','2023-04-11 19:54:50.895246',NULL,NULL,'default_propic/default_propic.png',0,1,NULL),(81,'pbkdf2_sha256$260000$sxoVxHMIJQIhEIkgmepoq5$3/389yT2wcBp9+57MCPKGlwnrK7tipG/endNSvoTbjU=','1130630246',NULL,NULL,2,1,NULL,0,'2023-04-11 19:55:16.391476','2023-04-11 19:55:16.371417',NULL,NULL,'default_propic/default_propic.png',0,1,NULL),(82,'pbkdf2_sha256$260000$zXkuS8fNjujUaZr8nG9jxz$F2URUvvmzZ4UB1ySD55whI/ydZjrIz6wXFLY9UlvRHs=','1130630206',NULL,NULL,2,1,NULL,0,'2023-04-11 19:55:36.253090','2023-04-11 19:55:36.233658',NULL,NULL,'default_propic/default_propic.png',0,1,NULL),(83,'pbkdf2_sha256$260000$WkXyvf9HSPduybKNJ7DuIF$WuBXUVB0sM7GTzOk4PGL2Q6BDDiLtPLSlZCnuJuJf98=','1130630210',NULL,NULL,2,1,NULL,0,'2023-04-11 19:55:55.454266','2023-04-11 19:55:55.435543',NULL,NULL,'default_propic/default_propic.png',0,1,NULL),(84,'pbkdf2_sha256$260000$pyOsA8p0ljAL9vgXTEHwln$Zjc4dhf52daZpNQ6PlHAV1qNbK5Dm/sKzM3x4DGCDj8=','1130630216',NULL,NULL,2,1,NULL,0,'2023-04-11 19:56:15.705322','2023-04-11 19:56:15.617823',NULL,NULL,'default_propic/default_propic.png',0,1,NULL),(85,'pbkdf2_sha256$260000$3Rl4e2lQz1fEcSYSZJM1Wc$S6s0+XEdN1y0Qkx8jobwvj+hiYwlfqU2dl+Nz3XkcL0=','1130630221',NULL,NULL,2,1,NULL,0,'2023-04-11 19:56:37.377105','2023-04-11 19:56:37.358961',NULL,NULL,'default_propic/default_propic.png',0,1,NULL),(86,'pbkdf2_sha256$260000$loceOZHMPgZD0KX8ROJ4Aw$9BDsCzTiW0973YVmrePtewegSNNqDjN2QzA6NJn32IU=','1130630225',NULL,NULL,2,1,NULL,0,'2023-04-11 19:56:59.682382','2023-04-11 19:56:59.663948',NULL,NULL,'default_propic/default_propic.png',0,1,NULL),(87,'pbkdf2_sha256$260000$J6tsnBq6wfWDZja1DW1Wjh$BOBn6iEJNMm9AIZ0hxAR7jV5K5jCm/bRnoM4/gn1DPg=','1130630228',NULL,NULL,2,1,NULL,0,'2023-04-11 19:57:17.813158','2023-04-11 19:57:17.794009',NULL,NULL,'default_propic/default_propic.png',0,1,NULL),(88,'pbkdf2_sha256$260000$5WRv8hjJoVTRkIkP0Trp3D$CXJiLrntVVhWRb/FMenmpqC2csTOxHvG1HnzJOAC7RQ=','1130630229',NULL,NULL,2,1,NULL,0,'2023-04-11 19:57:37.605539','2023-04-11 19:57:37.587067',NULL,NULL,'default_propic/default_propic.png',0,1,NULL),(89,'pbkdf2_sha256$260000$nvToL4HOKfUvWxSmMAo3RO$5CC0upeqXV4o6NpkCWCiEBqIvCQotmnNaV43IlSj+QI=','1130630232',NULL,NULL,2,1,NULL,0,'2023-04-11 19:57:56.622485','2023-04-11 19:57:56.583850',NULL,NULL,'default_propic/default_propic.png',0,1,NULL),(90,'pbkdf2_sha256$260000$zQ5u4UqjXGb4OcMa25Yomw$or5fP2hAmBTu5sk1xE5O2uGce3miGx03O60rsKgwjJU=','1130630240',NULL,NULL,2,1,NULL,0,'2023-04-11 19:58:16.881039','2023-04-11 19:58:16.862384',NULL,NULL,'default_propic/default_propic.png',0,1,NULL),(91,'pbkdf2_sha256$260000$tlwaA2BMzuZDsyZfx1PBvk$D7BxVTHCAwkezq4KCM6vuc4uzctkwAuvMkvE8je45Ws=','1130630205',NULL,NULL,2,1,NULL,0,'2023-04-11 19:58:37.732833','2023-04-11 19:58:37.714110',NULL,NULL,'default_propic/default_propic.png',0,1,NULL),(92,'pbkdf2_sha256$260000$4QqKmRSHbkORkdQEIcQ3Yx$khXZX+Bxm0lGR1CSuEVku7y+CuQxlenU018nzgxmD0s=','1130630220',NULL,NULL,2,1,NULL,0,'2023-04-11 19:58:58.059307','2023-04-11 19:58:58.036199',NULL,NULL,'default_propic/default_propic.png',0,1,NULL),(93,'pbkdf2_sha256$260000$2IeQBacN2H358UgFk5qNS7$t6l3eOPxiHuwYcN/b7QTnRZxiaXpadym8ZKeNaM7H6A=','1130630222',NULL,NULL,2,1,NULL,0,'2023-04-11 19:59:16.180806','2023-04-11 19:59:16.117867',NULL,NULL,'default_propic/default_propic.png',0,1,NULL),(94,'pbkdf2_sha256$260000$xdrk1gxcCx5Rle55O2wbGK$0zIuo2cLInxTps6gIYGdNDt1Lvi/9LOp2d97dZcSAaI=','1130630223',NULL,NULL,2,1,NULL,0,'2023-04-11 19:59:34.564928','2023-04-11 19:59:34.545348',NULL,NULL,'default_propic/default_propic.png',0,1,NULL),(95,'pbkdf2_sha256$260000$ljq8LD56v4eVuiMjFFlhXj$///MH4n8tRRizXocapb0hyd76F+oCF1NXIPvrAti1hA=','1130630236',NULL,NULL,2,1,NULL,0,'2023-04-11 20:04:58.586461','2023-04-11 19:59:52.753566','2023-04-11 20:04:20.377809',NULL,'default_propic/default_propic.png',0,1,NULL),(96,'pbkdf2_sha256$260000$Qip9NpVmeEpLlA9y11N14r$P1zyfhNPTMyZ3dDjBuFR7RHJjf9Nriwp85mHXOMKx9g=','1130630237',NULL,NULL,2,1,NULL,0,'2023-04-11 20:00:11.659267','2023-04-11 20:00:11.618958',NULL,NULL,'default_propic/default_propic.png',0,1,NULL),(97,'pbkdf2_sha256$260000$zKvzWPCZyVd0iDWkcJ6zjv$Q4eVwlFtWo0eRMWs2+eGItVA7DO3CR7ZK0SQpZG7s7k=','1130630238',NULL,NULL,2,1,NULL,0,'2023-04-11 20:00:29.983867','2023-04-11 20:00:29.965704',NULL,NULL,'default_propic/default_propic.png',0,1,NULL),(98,'pbkdf2_sha256$260000$OQbY76agq70BVxcf5seEMj$fmgYR4zL6gOeoK9WQj1WnDRglw3XDfSP6KBb8YOHfDs=','1130630239',NULL,NULL,2,1,NULL,0,'2023-04-11 20:00:48.347338','2023-04-11 20:00:48.328063',NULL,NULL,'default_propic/default_propic.png',0,1,NULL),(99,'pbkdf2_sha256$260000$2zk5pHw4ndTe2cuWteEQTk$WNpDcJAzXy5hkdQFGsROGQfk4SUM8xW35EmsJMzN958=','1140630201',NULL,NULL,2,1,NULL,0,'2023-04-11 22:34:12.163172','2023-04-11 22:34:12.143494',NULL,NULL,'default_propic/default_propic.png',0,1,NULL),(100,'pbkdf2_sha256$260000$ZvhLABtBsz6WoebGa3VbbI$u1gMoD9SlavqYj/gI7SN+lone1vNJKNncn/tHMW3Usg=','1140630202',NULL,NULL,2,1,NULL,0,'2023-04-11 22:34:37.757879','2023-04-11 22:34:37.739850',NULL,NULL,'default_propic/default_propic.png',0,1,NULL),(101,'pbkdf2_sha256$260000$PcQqb4rLPm3ZOedXyXxJ9W$goyH2qqpIWlca56sBiFN7UZAuM5hVwwoGCzc3uXVhNY=','1140630206',NULL,NULL,2,1,NULL,0,'2023-04-11 22:35:51.302892','2023-04-11 22:35:51.283638',NULL,NULL,'default_propic/default_propic.png',0,1,NULL),(102,'pbkdf2_sha256$260000$SZ9rUkpKzMlfwmFVHNajxR$FQ7U3jliDKx8GM9SJc9tIm5I22L5el2OZbDxPN/EwA4=','1140630207',NULL,NULL,2,1,NULL,0,'2023-04-11 22:36:10.557421','2023-04-11 22:36:10.539789',NULL,NULL,'default_propic/default_propic.png',0,1,NULL),(103,'pbkdf2_sha256$260000$C1sM82orxWwkb1toxhigAs$i7ykT3psVbuvfAqacbT5bxTebU1NG/JSFZy+3ElTT7A=','1140630208',NULL,NULL,2,1,NULL,0,'2023-04-11 22:36:25.518123','2023-04-11 22:36:25.501001',NULL,NULL,'default_propic/default_propic.png',0,1,NULL),(104,'pbkdf2_sha256$260000$53Dln2UXn5oj1igfrjIJq2$f5yN872CzPt2yKSD/q7xkDuRSw93OTKqz1VhLxjGBX4=','1140630211',NULL,NULL,2,1,NULL,0,'2023-04-11 22:38:03.404570','2023-04-11 22:38:03.384075',NULL,NULL,'default_propic/default_propic.png',0,1,NULL),(105,'pbkdf2_sha256$260000$g2N19sYVS8opfof7sTS7yz$48tjbvPUhqqL5fNmuXHCEp0s0RweOWRpTSHsg+btCrM=','1140630213',NULL,NULL,2,1,NULL,0,'2023-04-11 22:38:22.475560','2023-04-11 22:38:22.456892',NULL,NULL,'default_propic/default_propic.png',0,1,NULL),(106,'pbkdf2_sha256$260000$s8x1LDrhI4QQ0e1FARcdWo$4CXQahCKn8y7UeW1spZF4Mp3y2cZVkWiIMuinDy4ocQ=','1140630216',NULL,NULL,2,1,NULL,0,'2023-04-11 22:39:13.735091','2023-04-11 22:39:13.715817',NULL,NULL,'default_propic/default_propic.png',0,1,NULL),(108,'pbkdf2_sha256$260000$G6AScBQeyRg9ea5RKd5WA9$wsZ7N5uagy+B+/6wUfspceYfJ/ce1ylmlJsNNdZIOVA=','1140630218',NULL,NULL,2,1,NULL,0,'2023-04-11 22:41:35.796275','2023-04-11 22:41:35.776820',NULL,NULL,'default_propic/default_propic.png',0,1,NULL),(109,'pbkdf2_sha256$260000$gfKg0gQo9wIfELqxxUB50P$L6CPcLrgTpS75Wt8S4E8gFxmp15lXyCbduQ1fM2gQnA=','1140630219',NULL,NULL,2,1,NULL,0,'2023-04-11 22:41:48.494993','2023-04-11 22:41:48.476610',NULL,NULL,'default_propic/default_propic.png',0,1,NULL),(110,'pbkdf2_sha256$260000$UaqHyPSxQRYgPcFIAEQBs4$cjQ8LG22wYIEULRI8D8EpbajzWezrzLEtLKcd9jDxvA=','1140630221',NULL,NULL,2,1,NULL,0,'2023-04-11 22:42:31.947588','2023-04-11 22:42:31.929308',NULL,NULL,'default_propic/default_propic.png',0,1,NULL),(111,'pbkdf2_sha256$260000$Hn0yhtpZZPrFHFbSjtteXT$MuYP4ItRaOqM/DdTuuuLmKnhlmU8sdjLD1tt8L9gFW0=','1140630222',NULL,NULL,2,1,NULL,0,'2023-04-11 22:42:43.952799','2023-04-11 22:42:43.933418',NULL,NULL,'default_propic/default_propic.png',0,1,NULL),(112,'pbkdf2_sha256$260000$AxXcYbednnBM6gbbxvQSMD$FwPBtlyreTuk7ZVyVEPsgTCTI80pNr0Hmg1JVG2M/h8=','1140630224',NULL,NULL,2,1,NULL,0,'2023-04-11 22:42:56.385773','2023-04-11 22:42:56.367590',NULL,NULL,'default_propic/default_propic.png',0,1,NULL),(113,'pbkdf2_sha256$260000$P1ZhYd81aLrBZZct5dcLWu$Q+hNAg9Iz2XHBoUutEptVBWMHqJIRrq/J6H7Q2Dp0y0=','1140630226',NULL,NULL,2,1,NULL,0,'2023-04-11 22:43:10.435260','2023-04-11 22:43:10.358679',NULL,NULL,'default_propic/default_propic.png',0,1,NULL),(114,'pbkdf2_sha256$260000$GqlCsh4CqDaAwD1jDgAnn7$Dea+0S9DV5fj4CNjX9xKV+/JE7rNCeMUsf8FpTRN0Pg=','1140630227',NULL,NULL,2,1,NULL,0,'2023-04-11 22:43:22.262135','2023-04-11 22:43:22.243518',NULL,NULL,'default_propic/default_propic.png',0,1,NULL),(115,'pbkdf2_sha256$260000$n1giZqvTBiVjFSjgllfB97$ouCVUIDALC5bZe8mjfYyfi7E8+UFhb5T6lbeSm0ZkuM=','1140630228',NULL,NULL,2,1,NULL,0,'2023-04-11 22:43:33.520967','2023-04-11 22:43:33.502822',NULL,NULL,'default_propic/default_propic.png',0,1,NULL),(116,'pbkdf2_sha256$260000$YO6bt90qjZJzNCQBqiPh1B$VOVBEY7yxD9e1QQxK5UJsHp+YrmY8BcH+i6Rfn+/Pic=','1140630229',NULL,NULL,2,1,NULL,0,'2023-04-11 22:43:45.720510','2023-04-11 22:43:45.701863',NULL,NULL,'default_propic/default_propic.png',0,1,NULL),(117,'pbkdf2_sha256$260000$FcnG4heq6UeGrt61UGzDQS$6OtX0jJm8VmdQlSNo85rcELlgzduBf5tK1UuGSSdlQY=','1140630230',NULL,NULL,2,1,NULL,0,'2023-04-11 22:43:58.701481','2023-04-11 22:43:58.682724',NULL,NULL,'default_propic/default_propic.png',0,1,NULL),(118,'pbkdf2_sha256$260000$0cDQdRaCsyg1JdcWhA9Osq$b6o5IfibKrx9yrg30jg1H957rIT4mGimfIcY/EUVLRw=','1140630231',NULL,NULL,2,1,NULL,0,'2023-04-11 22:44:12.979363','2023-04-11 22:44:12.960773',NULL,NULL,'default_propic/default_propic.png',0,1,NULL),(119,'pbkdf2_sha256$260000$gjhE23eFLueqkpgZLVSX7c$Dr4iJz+oto7hKEOZG1mOL8inKwgtQMrli4lWB81YYM4=','1140630232',NULL,NULL,2,1,NULL,0,'2023-04-11 22:44:25.198308','2023-04-11 22:44:25.179887',NULL,NULL,'default_propic/default_propic.png',0,1,NULL),(120,'pbkdf2_sha256$260000$ALobBEwhI3qebO8DhzToU4$9u/ZqBwGvZTsNt3A1tK4pM6WCPTdLLGylUcj0+Ukt3c=','1140630233',NULL,NULL,2,1,NULL,0,'2023-04-11 22:45:12.536282','2023-04-11 22:45:12.516952',NULL,NULL,'default_propic/default_propic.png',0,1,NULL),(121,'pbkdf2_sha256$260000$LuKcX2E1qmSCLssEftynTv$Zqec3lmrCexjwigmS7OKUgJ9+uYMVcE+qQHcBbBjv7k=','1140630234',NULL,NULL,2,1,NULL,0,'2023-04-11 22:45:23.489521','2023-04-11 22:45:23.470249',NULL,NULL,'default_propic/default_propic.png',0,1,NULL),(122,'pbkdf2_sha256$260000$Z4Tll0jVK7saGzv70aLC5L$FU+/Rba/rxiKGMlPCzbVYVMtXIPj6ZVTz7zPQ/oXU8I=','1140630235',NULL,NULL,2,1,NULL,0,'2023-04-11 22:45:34.093243','2023-04-11 22:45:34.074917',NULL,NULL,'default_propic/default_propic.png',0,1,NULL),(123,'pbkdf2_sha256$260000$RZA2WXObheUTMd724rSTyK$SAY9DfdqrXVk59fnuSjkCF9nyA5iLtsSY3MFx5YAZrQ=','1140630236',NULL,NULL,2,1,NULL,0,'2023-04-11 22:45:46.695203','2023-04-11 22:45:46.630963',NULL,NULL,'default_propic/default_propic.png',0,1,NULL),(124,'pbkdf2_sha256$260000$phjkfjg7oQG4UK3dnbzKwO$kAygEMYW2Qmmj4nCXOH03ixKoylnsPXfGhzFgkjqXMg=','1140630237',NULL,NULL,2,1,NULL,0,'2023-04-11 22:45:58.483101','2023-04-11 22:45:58.464620',NULL,NULL,'default_propic/default_propic.png',0,1,NULL),(125,'pbkdf2_sha256$260000$Cf8zQploms6MFEOLqxaUwd$Lj1lXq6EtoTj7fKwN3JgUq6Y4o7XvguRn7CmFSssVfM=','1140630238',NULL,NULL,2,1,NULL,0,'2023-04-11 22:46:12.273036','2023-04-11 22:46:12.254736',NULL,NULL,'default_propic/default_propic.png',0,1,NULL),(126,'pbkdf2_sha256$260000$enxrrC06FyrmRbLVdXsbLa$9fj98/XHhvK83UtOKP1sUfEAJvfCUNbi7ZHyzIlx8C4=','1140630239',NULL,NULL,2,1,NULL,0,'2023-04-11 22:46:28.257757','2023-04-11 22:46:28.239138',NULL,NULL,'default_propic/default_propic.png',0,1,NULL),(127,'pbkdf2_sha256$260000$0Nq5jRbf5PQhPvS0ZRYgY5$iKcwl0/pVvPKC7vit1hyMyNAYlzj69kPnHMIXZV3iss=','1140630240',NULL,NULL,2,1,NULL,0,'2023-04-11 22:46:43.188931','2023-04-11 22:46:43.170774',NULL,NULL,'default_propic/default_propic.png',0,1,NULL),(128,'pbkdf2_sha256$260000$BZUxRsrmIYGDloAxcnFOzO$wUJ5qPHTsYGrKEMNOJ6aEERdJQO1zpKJWihHjwYx7Z8=','1140630241',NULL,NULL,2,1,NULL,0,'2023-04-11 22:46:54.470211','2023-04-11 22:46:54.451655',NULL,NULL,'default_propic/default_propic.png',0,1,NULL),(129,'pbkdf2_sha256$260000$taJ7tvh02eoyN9YJbmFECF$pZPd71Mwoj3PAN/IZyEsvBuZkdBPrFL/vQ0JXbT6ZQk=','1140630242',NULL,NULL,2,1,NULL,0,'2023-04-11 22:47:08.026819','2023-04-11 22:47:08.008835',NULL,NULL,'default_propic/default_propic.png',0,1,NULL),(130,'pbkdf2_sha256$260000$9L4JmEupIS6jB8ML9lajU4$olckBkK34DT1S8asSkvvJ6IaKzpS3UsFFvEsHupnH3E=','1140630243',NULL,NULL,2,1,NULL,0,'2023-04-11 22:47:25.006812','2023-04-11 22:47:24.987730',NULL,NULL,'default_propic/default_propic.png',0,1,NULL),(132,'pbkdf2_sha256$260000$0PnlSDAfzXMzIEFaVh0Ra5$5vAzOehsTsPgOQaZe092HxtP0ge1NSLxREpyy2z4Tqc=','1140630245',NULL,NULL,2,1,NULL,0,'2023-04-11 22:47:56.365925','2023-04-11 22:47:56.346878',NULL,NULL,'default_propic/default_propic.png',0,1,NULL),(133,'pbkdf2_sha256$260000$poWfSGKkjG54RyDnjYVI6s$a+TcPhlmrECVnt4jOLbS34FnzyE8+TbFSNt/PyplEzg=','1140630246',NULL,NULL,2,1,NULL,0,'2023-04-11 22:48:59.662802','2023-04-11 22:48:59.644020',NULL,NULL,'default_propic/default_propic.png',0,1,NULL),(134,'pbkdf2_sha256$260000$4Sns5V80kWDdkbN3vgvMCV$C+Sa3R1lQEluIWFkaXzCMSgBSTKBKR23z11/ZeSo5Vw=','1140630248',NULL,NULL,2,1,NULL,0,'2023-04-11 22:49:16.076506','2023-04-11 22:49:16.057995',NULL,NULL,'default_propic/default_propic.png',0,1,NULL),(135,'pbkdf2_sha256$260000$UZfCxfnUUOK07Y5efSHGnO$gobLdsl1iAs+wfKDmJsbwDAy0k6Ib1o6HXdKuS628lE=','1140630249',NULL,NULL,2,1,NULL,0,'2023-04-11 22:49:29.942416','2023-04-11 22:49:29.923915',NULL,NULL,'default_propic/default_propic.png',0,1,NULL),(136,'pbkdf2_sha256$260000$fFQ8SykYi18qU7cRnZ0sEj$N1zEC6v2YQIokm0RVkauw+RR6M6+7v+j0LgOuYcXsG4=','1140630250',NULL,NULL,2,1,NULL,0,'2023-04-11 22:49:40.724693','2023-04-11 22:49:40.705856',NULL,NULL,'default_propic/default_propic.png',0,1,NULL),(137,'pbkdf2_sha256$260000$cSekUqjUTGpTp7FpbszYoq$wYYJ4sXlhGpZAXCeamdafV6YvwFCOchn1a9qSzLq7DE=','1150630202',NULL,NULL,2,1,NULL,0,'2023-04-14 08:06:17.504717','2023-04-12 10:53:30.100497','2023-04-14 08:06:17.473662',NULL,'default_propic/default_propic.png',0,1,'xla6wid9cvvn9cluh3i1v4b7uwdweveb'),(138,'pbkdf2_sha256$260000$rsquXd47LvyRMlYqWCdBWh$x23UPoUZyM0XpmnnsHglDGl/Mf9F4yhuF2mhgaIou4Q=','1150630203',NULL,NULL,2,1,NULL,0,'2023-04-14 07:57:45.882342','2023-04-12 10:54:05.936059','2023-04-14 07:57:45.850773',NULL,'default_propic/default_propic.png',0,1,'c2r5bg5evljsk8emmjkfvegk7jauiwu2'),(139,'pbkdf2_sha256$260000$tcBYoFj8nfnikanQO8sfWc$zjt1ZvXU/e7nhYLQiC0XcSZoRhfdTiZUOXY9IXI714A=','1150630204',NULL,NULL,2,1,NULL,0,'2023-04-14 08:01:45.418496','2023-04-12 10:54:27.397393','2023-04-14 07:56:25.530795',NULL,'default_propic/default_propic.png',50,1,'82whcy7685cdd1k8y189bvc1xcetdgy1'),(140,'pbkdf2_sha256$260000$5ulxSFr0uhi5CKGiz1Z9yu$Fw3B3UW+xNGnZEKwWAuRQQG2JLLcT+TRVED6xh3BJIc=','1150630205',NULL,NULL,2,1,NULL,0,'2023-04-14 08:07:17.703528','2023-04-12 10:54:49.488611','2023-04-14 08:07:17.672794',NULL,'default_propic/default_propic.png',0,1,'vtz5g35mb91qt5851j5uohyp9uysm5um'),(141,'pbkdf2_sha256$260000$iDcwKM6yuCiPWxv327mFM2$lXqC4cOERwErJO6/HjYrX+GkuZseuU/uZPbr+zS+EJ4=','1150630206',NULL,NULL,2,1,NULL,0,'2023-04-14 08:05:25.305972','2023-04-12 10:55:04.006091','2023-04-14 08:05:25.274983',NULL,'default_propic/default_propic.png',0,1,'tb7o27ebvd327ava1hlzj9decv9a4bem'),(142,'pbkdf2_sha256$260000$CVSuHK7adtelmOXVch1FPW$Xoyf3S0js1Yk1366OlxG6YR65cyrQiTZ7956+Rqb2C0=','1150630208',NULL,NULL,2,1,NULL,0,'2023-04-14 08:18:23.246478','2023-04-12 10:55:20.181353','2023-04-14 08:02:43.673646',NULL,'default_propic/default_propic.png',100,1,'4bcxqh7ed5x1nn7byejk0lskjd508vfg'),(143,'pbkdf2_sha256$260000$SbpIF8Jehyy8nGo5iGX5l5$eNRxUvzjAQ3nBF2dNDEYfL3B+bF/tK6FUoJLLxFTjuI=','1150630209',NULL,NULL,2,1,NULL,0,'2023-04-14 08:12:42.747331','2023-04-12 10:55:40.746522','2023-04-14 08:07:36.510892',NULL,'default_propic/default_propic.png',50,1,'iro5njlf98vd5x6l9bg68tka2kuwm9zf'),(144,'pbkdf2_sha256$260000$10ehl0WwpaNbDquwRbql1E$fW1DLKbd+NWpprmVKxLdj9Df9KuO4/ZhLxZJq3cvtH4=','1150630210',NULL,NULL,2,1,NULL,0,'2023-04-14 08:08:53.834476','2023-04-12 10:55:53.343333','2023-04-14 08:08:53.803147',NULL,'default_propic/default_propic.png',0,1,'mdtrzyamumy1o2bvl5zlb16qiijy98pg'),(145,'pbkdf2_sha256$260000$3SYDbg0CB17tMQiNCxfO21$e1XkdpqiziQu8Qpg70nKtJLY0rs7hfPICOp8U87PnO8=','1150630212',NULL,NULL,2,1,NULL,0,'2023-04-14 08:16:25.666621','2023-04-12 10:56:15.722113','2023-04-14 08:08:14.551968',NULL,'default_propic/default_propic.png',50,1,'xx38hv1panmnw8uuqbm1i9egcw9zwv4h'),(146,'pbkdf2_sha256$260000$ywrqPsSIaJjzEtDNTHSfqi$xKLG5WXI3b9s28R80axgDgI7alg6PkHQCrx62h04ALM=','1150630213',NULL,NULL,2,1,NULL,0,'2023-04-12 10:56:26.197771','2023-04-12 10:56:26.178808',NULL,NULL,'default_propic/default_propic.png',0,1,NULL),(147,'pbkdf2_sha256$260000$n02Wp17WYqvkGTf7UICoFx$zD88cvvn8CdXMBEP7/ZkMOdCPfDU3Wcl+3TGhCO+jAQ=','1150630214',NULL,NULL,2,1,NULL,0,'2023-04-14 08:00:24.225181','2023-04-12 10:56:37.907488','2023-04-14 07:56:20.724130',NULL,'default_propic/default_propic.png',50,1,'ddh7slsouqjwi79luen2ialoaq28ao4l'),(148,'pbkdf2_sha256$260000$TSx0M0AP7IcQGyzZiHtDaz$XQqW39wkN/APOkIXQbylOGwx974Jk0qUCM/2Q8O9Vw8=','1150630215',NULL,NULL,2,1,NULL,0,'2023-04-14 08:32:00.141413','2023-04-12 10:56:48.847335','2023-04-14 07:56:11.533208',NULL,'default_propic/default_propic.png',0,1,NULL),(149,'pbkdf2_sha256$260000$UlyiL73ZPjPEDXkNX3QU8N$I5HasKcm6I7A6fGL969nO7hnbet6ylsbo7RzEAH45ow=','1150630216',NULL,NULL,2,1,NULL,0,'2023-04-14 08:20:37.795461','2023-04-12 10:57:01.629204','2023-04-14 08:20:37.764152',NULL,'default_propic/default_propic.png',0,1,'lvhsclfyaf5w0hqmf8trw5rw7u9bfx2m'),(150,'pbkdf2_sha256$260000$DvcTzyRusAa8HWVXxcxw2h$GpksJvTn7J9ubSSON7CcnpYsA22EwwNHuac6oP3REdk=','1150630217',NULL,NULL,2,1,NULL,0,'2023-04-14 08:00:47.840452','2023-04-12 10:57:15.270542','2023-04-14 08:00:47.808812',NULL,'default_propic/default_propic.png',0,1,'7t7n9khfdywpws4iismt98p4rjfmyc64'),(151,'pbkdf2_sha256$260000$3RJotRAKKhcp8KPRyh4At3$2sMFxZzrvPCBJTX72fPMuSZoQmdkWu2MXmAu5STw8fs=','1150630218',NULL,NULL,2,1,NULL,0,'2023-04-14 08:10:34.851115','2023-04-12 11:06:01.609912','2023-04-14 08:04:20.661651',NULL,'default_propic/default_propic.png',150,1,'jv2xcfmu43hzfw5rqix275gn6bqjamtf'),(152,'pbkdf2_sha256$260000$jgTIAi2ga4C4CeZblU3Ko6$XMFOCYXCvoPcr66ls8rxirP3v66E7kguk1N0UOrI25I=','1150630219',NULL,NULL,2,1,NULL,0,'2023-04-14 08:36:59.635266','2023-04-12 11:06:16.097862','2023-04-14 08:27:02.921245',NULL,'default_propic/default_propic.png',0,1,NULL),(153,'pbkdf2_sha256$260000$hnJHgsCyvQynQz5X7uae2D$t41QL03JKDAxWJGoS7M1CWJnaMRYLSB/DWrYmlkDd6k=','1150630220',NULL,NULL,2,1,NULL,0,'2023-04-14 08:04:25.874195','2023-04-12 11:06:26.797919','2023-04-14 08:04:25.842454',NULL,'default_propic/default_propic.png',0,1,'3qz82mhdhubtxzjwr7zdora18509dunc'),(154,'pbkdf2_sha256$260000$oERxZPYtoAT8vhEAdu5zA7$FqA/PtaTSnmc5cq5KUINbXxmb9tamnlKioX48dhSCf0=','1150630221',NULL,NULL,2,1,NULL,0,'2023-04-13 23:26:50.144549','2023-04-12 11:06:44.647336','2023-04-13 23:26:50.111677',NULL,'default_propic/default_propic.png',0,1,'yzzxks6bwx0lwnupvhe9nv5mkmtnu2f1'),(155,'pbkdf2_sha256$260000$CgvXeizK0EOVlkeyxGWwB4$iLdD+834ldzxSHtygL9+a3oek+Mdnq0qrdCDQEoQfVQ=','1150630222',NULL,NULL,2,1,NULL,0,'2023-04-14 08:13:35.968251','2023-04-12 11:06:55.734362','2023-04-13 23:35:31.980062',NULL,'default_propic/default_propic.png',50,1,'9a8iqwhl7ql4f64e4kt2pe9ccw6gp435'),(156,'pbkdf2_sha256$260000$wMXgimLpsghsRS5QX9XSPy$2BI13Dz1zU/jBrkMW4hhqAT4ryPcWXhKARWIn65I+vM=','1150630224',NULL,NULL,2,1,NULL,0,'2023-04-12 11:07:11.720830','2023-04-12 11:07:11.701880',NULL,NULL,'default_propic/default_propic.png',0,1,NULL),(157,'pbkdf2_sha256$260000$e2h2jLmbOHhe5te1W3LAZ8$QVqBLwz1w4OwBqU773Qu+h4Bvnn7GvXWrAbBaX2PRyc=','1150630227',NULL,NULL,2,1,NULL,0,'2023-04-12 11:07:30.907525','2023-04-12 11:07:30.886684',NULL,NULL,'default_propic/default_propic.png',0,1,NULL),(158,'pbkdf2_sha256$260000$BIUAWLlMnmx0vLAVirt5D5$5CB4CwPuOXwzLNVH+SvfhCNhIqeQewn8XZ9UOERRyl8=','1150630229',NULL,NULL,2,1,NULL,0,'2023-04-14 08:46:16.582328','2023-04-12 11:08:09.721685','2023-04-13 23:59:48.194119',NULL,'default_propic/default_propic.png',0,1,NULL),(159,'pbkdf2_sha256$260000$3E6hlXoyCyyGzeH3RhR8Bu$CLsaBLLRif8t7l7+xkywnEuHW5FG/pqKV5ZWz0EufTI=','1150630230',NULL,NULL,2,1,NULL,0,'2023-04-14 08:17:50.825497','2023-04-12 11:08:38.686966','2023-04-14 08:17:50.794497',NULL,'default_propic/default_propic.png',50,1,'w19dz1y50fbeco5yer33utxkd2t189dl'),(160,'pbkdf2_sha256$260000$8hmcQOoG4X8lgYdLM3pl2A$JRvNKkMqgxRzOz9X2yMIZIdJY07h3GMsOu7MccZjTAc=','1150630231',NULL,NULL,2,1,NULL,0,'2023-04-14 08:09:52.760609','2023-04-12 11:10:07.929844','2023-04-14 08:00:16.275562',NULL,'default_propic/default_propic.png',100,1,'jifzqmg36f99478qd33lq2c1c3s9xahe'),(162,'pbkdf2_sha256$260000$FrB00XiGiHOWQ871TsrNkj$AcuoBDMnSBi/Wr6E6q7nO5leZa1Wk+D5c33bAGGl/kg=','1150630232',NULL,NULL,2,1,NULL,0,'2023-04-12 11:10:42.084840','2023-04-12 11:10:42.065345',NULL,NULL,'default_propic/default_propic.png',0,1,NULL),(163,'pbkdf2_sha256$260000$LswgIhdCGkj2oQ7FqELilH$RBQjrptsy8CkUpPBKm2G17DNis6iRyLpyhYbKjhFHh8=','1150630233',NULL,NULL,2,1,NULL,0,'2023-04-14 08:12:23.078439','2023-04-12 11:10:55.082163','2023-04-14 08:00:54.238220',NULL,'default_propic/default_propic.png',50,1,'z9mj5fw019x0k7s895cvx4yf3b7ifdwm'),(164,'pbkdf2_sha256$260000$2Ggd1zt6NzPSJDa0agDIpV$St+eV9o+V0t90QSuigAcR4EM+A10TSCp75sDqu7mDos=','1150630234',NULL,NULL,2,1,NULL,0,'2023-04-14 08:00:00.008700','2023-04-12 11:13:41.108303','2023-04-14 07:54:41.438328',NULL,'default_propic/default_propic.png',50,1,'2x271okk5my4357f9tc5snn2h6xrlrj1'),(165,'pbkdf2_sha256$260000$fn8punszqlu0YECakdc5mE$XDXUh3sAXUWtNENPKfAnYJBmJO7EOBXrEOZJJWDL4NY=','1150630235',NULL,NULL,2,1,NULL,0,'2023-04-14 08:11:17.765925','2023-04-12 11:13:54.869544','2023-04-14 08:07:00.134080',NULL,'default_propic/default_propic.png',50,1,'0p1c7nne9do3hum54yghidafsdsz97y8'),(166,'pbkdf2_sha256$260000$8oYTKnzXRNFUClySvlRNdS$jywHrsrapGRG8eRMgwry69zJdoaovU9Cskjrk47YNAA=','1150630236',NULL,NULL,2,1,NULL,0,'2023-04-14 08:17:30.691326','2023-04-12 11:14:25.433360','2023-04-14 08:15:37.529028',NULL,'default_propic/default_propic.png',50,1,NULL),(167,'pbkdf2_sha256$260000$Isd566laq2fGWJsHjd96fi$ZgC0D7mkWoFhjA4JyuFL8+62ZMX3tVaU/uIXqEK+cbI=','1150630237',NULL,NULL,2,1,NULL,0,'2023-04-14 08:47:05.121406','2023-04-12 11:15:12.419934','2023-04-14 08:47:05.090074',NULL,'default_propic/default_propic.png',0,1,'e7gq55yof79112q97yaongp1zvavhqpn'),(168,'pbkdf2_sha256$260000$1PsD1ke6uSeiOHsR1okQjM$qpvgOvMg3lNNwG54+RtOPyNG0WmSGptiFoWiv+zlGjY=','1150630238',NULL,NULL,2,1,NULL,0,'2023-04-14 08:00:02.524262','2023-04-12 11:15:20.915061','2023-04-13 23:27:31.337706',NULL,'default_propic/default_propic.png',100,1,'o3q102pbgi2ftp8s8piqvih8a215xcx7'),(169,'pbkdf2_sha256$260000$jNaMK2ZaoK8qk464KcMNuB$0aD9cCE3b3ZOmCbHd+EZcSP+eAEgZCXFCPgDfQj9Hv4=','1150630239',NULL,NULL,2,1,NULL,0,'2023-04-12 11:15:35.335646','2023-04-12 11:15:35.316467',NULL,NULL,'default_propic/default_propic.png',0,1,NULL),(170,'pbkdf2_sha256$260000$HKDbijYwx98dMhfUnJ8Jup$1tNS0I85DY7PbkjXGxjYS005DDYo8sN8g21nFKE+Ql0=','1150630240',NULL,NULL,2,1,NULL,0,'2023-04-14 08:18:10.502511','2023-04-12 11:15:50.247697','2023-04-14 08:07:10.771986',NULL,'default_propic/default_propic.png',50,1,'6x1if0b6ps1awwaje7dthv4nz30b9rnl'),(171,'pbkdf2_sha256$260000$K9eJgV1ax0E95pSXByO275$S8Dpbb1rCOr4d6tNWkCZe9ojmad81nsKZn2wueDM0FM=','1120630212',NULL,NULL,2,1,NULL,0,'2023-04-14 08:11:55.377339','2023-04-14 07:57:03.381154','2023-04-14 07:57:27.057206',NULL,'default_propic/default_propic.png',50,1,'55rgf0q2jxl9qauehuztwuya7jmc6k31'),(172,'pbkdf2_sha256$260000$zJzEj0WflmYeehknPgq3RH$ZIytzu41SB8d1OSkaEqeK0WU28ABiwJzAEdRgsRRw3A=','1120630239',NULL,NULL,2,1,NULL,0,'2023-04-14 08:07:39.956282','2023-04-14 08:00:56.843035','2023-04-14 08:04:19.863945',NULL,'default_propic/default_propic.png',100,1,'nq3g2piriyat3nk9y6c2j8uga8yfc7fg'),(173,'pbkdf2_sha256$260000$MNaAbRXzJEkNufTWlDKLWH$F4Nu6vjGpEItbmIjU+RW9RFl4Bv/Ayom5Sybf+Th+Vo=','1120630203',NULL,NULL,2,1,NULL,0,'2023-04-14 08:05:07.572568','2023-04-14 08:05:07.552864',NULL,NULL,'default_propic/default_propic.png',0,1,NULL),(174,'pbkdf2_sha256$260000$4kq4BkgFNrky7nBgp60w1P$n+E3Qog3OzsXGWHsvh8ojM7AvQ8xRQjflJ2nuNT8e/0=','1120630204',NULL,NULL,2,1,NULL,0,'2023-04-14 08:05:26.776695','2023-04-14 08:05:26.757683',NULL,NULL,'default_propic/default_propic.png',0,1,NULL),(175,'pbkdf2_sha256$260000$zUrrHgydfomhkIVucI01fp$T4WoklCiX2E2TQGqLOZ0DdTamCh8/2Nse/7gA7tQMHQ=','1120630205',NULL,NULL,2,1,NULL,0,'2023-04-14 08:05:41.012172','2023-04-14 08:05:40.934127',NULL,NULL,'default_propic/default_propic.png',0,1,NULL),(176,'pbkdf2_sha256$260000$GSVksPtvpsxdbyuM8QFVL2$zl4qN6oL0aqevUWVA9ODBFt27/zpUXyDD/JNttxefu0=','1120630206',NULL,NULL,2,1,NULL,0,'2023-04-14 08:05:58.490299','2023-04-14 08:05:58.470039',NULL,NULL,'default_propic/default_propic.png',0,1,NULL),(177,'pbkdf2_sha256$260000$lAPKmR3UznsBzrhH7Tr6QR$AQxYtwjRp3ulminTRyBws3Hw87NyPmWlYZ345IYOtpA=','1120630208',NULL,NULL,2,1,NULL,0,'2023-04-14 08:06:17.549828','2023-04-14 08:06:17.529296',NULL,NULL,'default_propic/default_propic.png',0,1,NULL),(178,'pbkdf2_sha256$260000$8MwL5BXvdvnmlmQlar5RZw$3dP3D0xjoMgCpSK2Q9/X29d6KSTBu6SBvl1rv48NNA8=','1120630209',NULL,NULL,2,1,NULL,0,'2023-04-14 08:06:35.607561','2023-04-14 08:06:35.587200',NULL,NULL,'default_propic/default_propic.png',0,1,NULL),(179,'pbkdf2_sha256$260000$9YOoB4Mh5SPL0XASJH0kwh$XzEM52++EYXfhsSzhK356UYSCe61JlG1F3NANYqnVvo=','1120630210',NULL,NULL,2,1,NULL,0,'2023-04-14 08:06:50.280910','2023-04-14 08:06:50.261954',NULL,NULL,'default_propic/default_propic.png',0,1,NULL),(180,'pbkdf2_sha256$260000$REDL2Xs4w3ro6j4uUjMuI3$81DOrr0tbfn7gqahuoFoH1n4xXUd0IsW+d6TSdDwMmU=','1120630211',NULL,NULL,2,1,NULL,0,'2023-04-14 08:07:07.727336','2023-04-14 08:07:07.707640',NULL,NULL,'default_propic/default_propic.png',0,1,NULL),(181,'pbkdf2_sha256$260000$T4uvqArqTb8PlntNisTinJ$Ax1+B64HQTWgjTtfI0xI8jSfy6MWW8H2BMzrdOevqSY=','1120630213',NULL,NULL,2,1,NULL,0,'2023-04-14 08:07:24.201545','2023-04-14 08:07:24.181185',NULL,NULL,'default_propic/default_propic.png',0,1,NULL),(182,'pbkdf2_sha256$260000$JRdMCtRvnpc8Ti5OYtDqPL$79nGNl8y0CA5GAIg5dX+i6IFGyG2VNnCclA3cA34yPc=','1120630215',NULL,NULL,2,1,NULL,0,'2023-04-14 08:10:47.448542','2023-04-14 08:07:38.510609','2023-04-14 08:08:41.374680',NULL,'default_propic/default_propic.png',50,1,'z7ufvvkh9jn7i70fumz0jmn5j0dwpzex'),(183,'pbkdf2_sha256$260000$dUXPmyvVREs8lH8dQHYd9d$o7WUiE0WeY0zGYopQRVzoxiB4Yhrl+XQCxeE36NJtfE=','1120630216',NULL,NULL,2,1,NULL,0,'2023-04-14 08:07:57.375005','2023-04-14 08:07:57.354797',NULL,NULL,'default_propic/default_propic.png',0,1,NULL),(184,'pbkdf2_sha256$260000$DR7yzu9mpqNzF7QuU9w4AS$PnmKJh432hMzzHOxxHoWzTkcYtDhXj6zcn0mxB6SrHI=','1120630217',NULL,NULL,2,1,NULL,0,'2023-04-14 08:08:11.810927','2023-04-14 08:08:11.791408',NULL,NULL,'default_propic/default_propic.png',0,1,NULL),(185,'pbkdf2_sha256$260000$DADgJ1KcNtyHAQsHV705FX$mW7orUqEqpPWTk8AZ0H+o99ZGjOc8gxtwh4CvGV/Bsc=','1120630218',NULL,NULL,2,1,NULL,0,'2023-04-14 08:08:29.916462','2023-04-14 08:08:29.897081',NULL,NULL,'default_propic/default_propic.png',0,1,NULL),(186,'pbkdf2_sha256$260000$JWONVbsM6h8UTpEHkv4xXu$mzmgfgB7AxHcU6EX9J38P1bn2vktNIEsOXpccoxBRvI=','1120630219',NULL,NULL,2,1,NULL,0,'2023-04-14 08:08:44.205497','2023-04-14 08:08:44.186113',NULL,NULL,'default_propic/default_propic.png',0,1,NULL),(187,'pbkdf2_sha256$260000$hcPogFR2DIL8LJBKYHt1Gg$F1BeZmPOxX7qVDbwJA7qiX/4pNmBFt/IWTdw0DWOvG4=','1120630220',NULL,NULL,2,1,NULL,0,'2023-04-14 08:08:57.250357','2023-04-14 08:08:57.229097',NULL,NULL,'default_propic/default_propic.png',0,1,NULL),(188,'pbkdf2_sha256$260000$OCLeP1cIuhsjoJxwsL7f2h$dy8F9gkC0hH4DPNOgS2Uu6g15ufule6S1HYoo2SaVro=','1120630221',NULL,NULL,2,1,NULL,0,'2023-04-14 08:09:09.331702','2023-04-14 08:09:09.312386',NULL,NULL,'default_propic/default_propic.png',0,1,NULL),(189,'pbkdf2_sha256$260000$ratAb8ZFOCaUd1Hz69Zn1b$bp0CRMVjW4Yb8wOtLOdaIRhXGZu7qcKCUxQ6FLUNWXM=','1120630223',NULL,NULL,2,1,NULL,0,'2023-04-14 08:09:27.218303','2023-04-14 08:09:27.199497',NULL,NULL,'default_propic/default_propic.png',0,1,NULL),(190,'pbkdf2_sha256$260000$EY0Hzfwkya8tUqW281RZUd$DmIWJo6u1TONv+nKI+9WE/YB5eMNyH/q+LG2mh3eVlI=','1120630247',NULL,NULL,2,1,NULL,0,'2023-04-14 08:18:24.774699','2023-04-14 08:09:38.412617','2023-04-14 08:10:10.884105',NULL,'default_propic/default_propic.png',100,1,'xh4aa1ei62y8dlqt76usgkkkyt6z0ubv'),(191,'pbkdf2_sha256$260000$96seOgBsgS5tvzACcuWQc2$h/MZOOb7iZvwFDm1UkXpKSXQUz0UeqiVD3vieEx24Jk=','1120630224',NULL,NULL,2,1,NULL,0,'2023-04-14 08:09:40.435730','2023-04-14 08:09:40.364754',NULL,NULL,'default_propic/default_propic.png',0,1,NULL),(192,'pbkdf2_sha256$260000$ku9gWhmpgeBGbNyg7QwCtH$nON63w5iZqCr4qdgsZcEjJJJ4LhrD8HR3xRYiB8s0ME=','1120630225',NULL,NULL,2,1,NULL,0,'2023-04-14 08:10:03.833356','2023-04-14 08:10:03.814342',NULL,NULL,'default_propic/default_propic.png',0,1,NULL),(193,'pbkdf2_sha256$260000$XvLVMkuDaIguoNsx1suL95$KUIMoSC2ilZDPWW5/yrPQquuuwNhUCw/BFZCTu8SnHA=','1120630226',NULL,NULL,2,1,NULL,0,'2023-04-14 08:10:19.240635','2023-04-14 08:10:19.222062',NULL,NULL,'default_propic/default_propic.png',0,1,NULL),(194,'pbkdf2_sha256$260000$MayZnQrAPyGuR4LX8QK1sB$s6dB/reNteZKaY3KUeYkYmJGUvBv844zpGG6mZn/VUA=','1120630227',NULL,NULL,2,1,NULL,0,'2023-04-14 08:10:33.359507','2023-04-14 08:10:33.337941',NULL,NULL,'default_propic/default_propic.png',0,1,NULL),(195,'pbkdf2_sha256$260000$N3J77cOLJa8SacraNJLzqu$9RBSCAlCyoKWO+7zwD0O40qglakVR/x4BGdY+fsU3L4=','1120630228',NULL,NULL,2,1,NULL,0,'2023-04-14 08:10:47.166018','2023-04-14 08:10:47.147319',NULL,NULL,'default_propic/default_propic.png',0,1,NULL),(196,'pbkdf2_sha256$260000$7rvSgNpQbbm7dO2Oha0gIU$XvKwjA/ig6dFpopZFo3Rjzdf0YvUOY+v++le2eVsNVM=','1120630230',NULL,NULL,2,1,NULL,0,'2023-04-14 08:11:03.746218','2023-04-14 08:11:03.726740',NULL,NULL,'default_propic/default_propic.png',0,1,NULL),(197,'pbkdf2_sha256$260000$ihPyxfMTvhfwRj9Cczx1iA$yHCMUbFXgJSwNYwHCULjabBJy19Ng4ybIfQ4CeUQ/Vc=','1120630231',NULL,NULL,2,1,NULL,0,'2023-04-14 08:11:16.023533','2023-04-14 08:11:16.004892',NULL,NULL,'default_propic/default_propic.png',0,1,NULL),(198,'pbkdf2_sha256$260000$rfXn0HESv5ee2CoJ7C9r8w$Jes36h1gnyiuKY4pt0fjTYhFLaZSOjj4UBC2+CO44/8=','1120630233',NULL,NULL,2,1,NULL,0,'2023-04-14 08:11:35.472005','2023-04-14 08:11:35.453721',NULL,NULL,'default_propic/default_propic.png',0,1,NULL),(199,'pbkdf2_sha256$260000$mAhvmsOLQaecjxL9GRpI5z$cZgCM1zl/7B+COihfypMN13wcJ8NgMDjQssLrs/Ct5U=','1120630234',NULL,NULL,2,1,NULL,0,'2023-04-14 08:11:50.621358','2023-04-14 08:11:50.603531',NULL,NULL,'default_propic/default_propic.png',0,1,NULL),(200,'pbkdf2_sha256$260000$OVwPYkOF8pfwtZiBQfSxzi$ZHIvfNAU5CTJ8bl0bLcAZyNYTCktBviCjHOAtVi3VXw=','1120630235',NULL,NULL,2,1,NULL,0,'2023-04-14 08:12:02.995972','2023-04-14 08:12:02.975632',NULL,NULL,'default_propic/default_propic.png',0,1,NULL),(201,'pbkdf2_sha256$260000$5Lq2OATRbgDl9DIo2khYkt$LuOAxaiSq1M8rNb60Ip20bPgxeZ8MQ/1T6uIny88hwk=','1120630237',NULL,NULL,2,1,NULL,0,'2023-04-14 08:12:29.953234','2023-04-14 08:12:29.935243',NULL,NULL,'default_propic/default_propic.png',0,1,NULL),(202,'pbkdf2_sha256$260000$yOl8XoE11zm6bgqE9nyWXQ$WEP4iJ8R4FyzKkrim5KTfcL3j/RsW9Xa9gRtZgweTm0=','1120630238',NULL,NULL,2,1,NULL,0,'2023-04-14 08:12:45.442320','2023-04-14 08:12:45.425270',NULL,NULL,'default_propic/default_propic.png',0,1,NULL),(203,'pbkdf2_sha256$260000$T66xKZW6GYds2oRM2fb7tj$ASLl/vX6/yiC+w3rTT5Fdnq16Tt3cCo2se+Jwmg8Dn8=','1120630240',NULL,NULL,2,1,NULL,0,'2023-04-14 08:13:03.476350','2023-04-14 08:13:03.458306',NULL,NULL,'default_propic/default_propic.png',0,1,NULL),(204,'pbkdf2_sha256$260000$vpOD2Tk4BA36iErQXJPfun$+goRt6XsOjHvTy5ih96NG+e34p8B8FF0JweFpiBrubc=','1120630241',NULL,NULL,2,1,NULL,0,'2023-04-14 08:13:15.079062','2023-04-14 08:13:15.061589',NULL,NULL,'default_propic/default_propic.png',0,1,NULL),(205,'pbkdf2_sha256$260000$9b4roxVADl2T71VCrrdtdt$c3zQMBV9xKp53lMyxFyQJAntT3pZvEGDp+DCPa9+4WA=','1120630242',NULL,NULL,2,1,NULL,0,'2023-04-14 08:13:28.870213','2023-04-14 08:13:28.851622',NULL,NULL,'default_propic/default_propic.png',0,1,NULL),(206,'pbkdf2_sha256$260000$eKSkz0uNq4d20OdCVftHT2$S+afF+7ucPqYQKBDIwg8AFRXN7QSEQKyr+C4fEq052w=','1120630243',NULL,NULL,2,1,NULL,0,'2023-04-14 08:13:49.644783','2023-04-14 08:13:49.576870',NULL,NULL,'default_propic/default_propic.png',0,1,NULL),(207,'pbkdf2_sha256$260000$xumy62Z1kqtN3e9WaxyQxQ$oIhmO1+AOCKpnxmrJED5ixRHlPoA0mw8lwYlqxgZOg8=','1120630244',NULL,NULL,2,1,NULL,0,'2023-04-14 08:14:03.150735','2023-04-14 08:14:03.132549',NULL,NULL,'default_propic/default_propic.png',0,1,NULL),(208,'pbkdf2_sha256$260000$y6QsjMRntZi166seZ7O3XW$PXGb2ty0QlruKXCqIGCyBc5zhJmrdg8zbQhkQ1NSDlM=','1120630245',NULL,NULL,2,1,NULL,0,'2023-04-14 08:14:14.556187','2023-04-14 08:14:14.537700',NULL,NULL,'default_propic/default_propic.png',0,1,NULL),(209,'pbkdf2_sha256$260000$cOmesFKZnBDNHlesvbFSMl$29f2rhxmzmNlVvrB14pwSO+C3m8jPrSIdo260iAYeZI=','1120630248',NULL,NULL,2,1,NULL,0,'2023-04-14 08:15:46.976088','2023-04-14 08:15:46.957822',NULL,NULL,'default_propic/default_propic.png',0,1,NULL),(210,'pbkdf2_sha256$260000$jBxIRODkEAzYfFK5p06Aok$X4P+Ts+mtrOwrXHHjxVzf6usAxiL2iOePYs1+VoFTjo=','1120630249',NULL,NULL,2,1,NULL,0,'2023-04-14 08:16:01.212460','2023-04-14 08:16:01.193815',NULL,NULL,'default_propic/default_propic.png',0,1,NULL),(211,'pbkdf2_sha256$260000$jDM4ldVYcC1bIeY2ivWqJr$x8mdgbFczEquOdn1c780A/kZl01fR3zqrdMiUdQL4EQ=','1120630251',NULL,NULL,2,1,NULL,0,'2023-04-14 08:16:22.937383','2023-04-14 08:16:22.919784',NULL,NULL,'default_propic/default_propic.png',0,1,NULL),(212,'pbkdf2_sha256$260000$d8mTUofXsNbZ36BhS6vTDD$qmjKdt28b4k0YVr687Vs0UDniBhohlg8aLL1DRD+cPA=','1120630252',NULL,NULL,2,1,NULL,0,'2023-04-14 08:17:06.094476','2023-04-14 08:17:06.075914',NULL,NULL,'default_propic/default_propic.png',0,1,NULL),(213,'pbkdf2_sha256$260000$LjAQLlOtltghImCicl8pS3$RX48IDTTHh9Nwa9Ry4SfyA3N/T1WXcGqsiYSVXe+0oA=','1120630253',NULL,NULL,2,1,NULL,0,'2023-04-14 08:17:21.528717','2023-04-14 08:17:21.510055',NULL,NULL,'default_propic/default_propic.png',0,1,NULL),(214,'pbkdf2_sha256$260000$oKacdB6yaIoNN5n7Zpt3B3$WhdmYsp+vshQcFpGyiV6MH9WUS2LYvtMqazE3qYsukU=','1120630254',NULL,NULL,2,1,NULL,0,'2023-04-14 08:17:35.392747','2023-04-14 08:17:35.374808',NULL,NULL,'default_propic/default_propic.png',0,1,NULL);
/*!40000 ALTER TABLE `alcpt_user` ENABLE KEYS */;
UNLOCK TABLES;

--
-- Table structure for table `alcpt_userachievement`
--

DROP TABLE IF EXISTS `alcpt_userachievement`;
/*!40101 SET @saved_cs_client     = @@character_set_client */;
/*!50503 SET character_set_client = utf8mb4 */;
CREATE TABLE `alcpt_userachievement` (
  `id` int NOT NULL AUTO_INCREMENT,
  `progress` int NOT NULL,
  `unlock` tinyint(1) NOT NULL,
  `registered_at` datetime(6) NOT NULL,
  `achievement_id` int NOT NULL,
  `user_id` int NOT NULL,
  PRIMARY KEY (`id`),
  KEY `alcpt_userachievemen_achievement_id_5cf009f6_fk_alcpt_ach` (`achievement_id`),
  KEY `alcpt_userachievement_user_id_951479b3_fk_alcpt_user_id` (`user_id`),
  CONSTRAINT `alcpt_userachievemen_achievement_id_5cf009f6_fk_alcpt_ach` FOREIGN KEY (`achievement_id`) REFERENCES `alcpt_achievement` (`id`),
  CONSTRAINT `alcpt_userachievement_user_id_951479b3_fk_alcpt_user_id` FOREIGN KEY (`user_id`) REFERENCES `alcpt_user` (`id`)
) ENGINE=InnoDB AUTO_INCREMENT=6046 DEFAULT CHARSET=utf8mb4 COLLATE=utf8mb4_0900_ai_ci;
/*!40101 SET character_set_client = @saved_cs_client */;

--
-- Dumping data for table `alcpt_userachievement`
--

LOCK TABLES `alcpt_userachievement` WRITE;
/*!40000 ALTER TABLE `alcpt_userachievement` DISABLE KEYS */;
INSERT INTO `alcpt_userachievement` VALUES (76,0,0,'2020-12-29 14:10:28.561623',13,1),(77,0,0,'2020-12-29 14:10:28.564251',13,2),(78,1,1,'2020-12-29 14:10:28.566969',13,5),(79,0,0,'2020-12-29 14:10:28.569310',13,6),(80,0,0,'2020-12-29 14:10:28.571400',13,7),(81,0,0,'2020-12-29 14:10:28.573403',13,8),(82,5,1,'2020-12-29 14:10:28.575398',13,9),(83,0,0,'2020-12-29 14:10:28.577423',13,10),(84,0,0,'2020-12-29 14:11:07.102903',14,1),(85,0,0,'2020-12-29 14:11:07.105699',14,2),(86,3,1,'2020-12-29 14:11:07.109588',14,5),(87,0,0,'2020-12-29 14:11:07.112536',14,6),(88,0,0,'2020-12-29 14:11:07.115467',14,7),(89,0,0,'2020-12-29 14:11:07.117821',14,8),(90,0,0,'2020-12-29 14:11:07.119986',14,9),(91,0,0,'2020-12-29 14:11:07.122057',14,10),(92,0,0,'2020-12-29 14:11:32.702086',15,1),(93,0,0,'2020-12-29 14:11:32.707022',15,2),(94,6,1,'2020-12-29 14:11:32.712236',15,5),(95,0,0,'2020-12-29 14:11:32.716573',15,6),(96,0,0,'2020-12-29 14:11:32.719463',15,7),(97,0,0,'2020-12-29 14:11:32.722079',15,8),(98,0,0,'2020-12-29 14:11:32.724557',15,9),(99,0,0,'2020-12-29 14:11:32.726923',15,10),(100,0,0,'2020-12-29 14:12:01.533408',16,1),(101,0,0,'2020-12-29 14:12:01.536077',16,2),(102,4,0,'2020-12-29 14:12:01.538728',16,5),(103,0,0,'2020-12-29 14:12:01.542174',16,6),(104,0,0,'2020-12-29 14:12:01.545731',16,7),(105,0,0,'2020-12-29 14:12:01.548973',16,8),(106,0,0,'2020-12-29 14:12:01.552102',16,9),(107,0,0,'2020-12-29 14:12:01.554860',16,10),(108,0,0,'2020-12-29 14:12:33.821148',17,1),(109,0,0,'2020-12-29 14:12:33.823760',17,2),(110,4,0,'2020-12-29 14:12:33.826244',17,5),(111,0,0,'2020-12-29 14:12:33.828889',17,6),(112,0,0,'2020-12-29 14:12:33.831290',17,7),(113,0,0,'2020-12-29 14:12:33.833245',17,8),(114,0,0,'2020-12-29 14:12:33.835378',17,9),(115,0,0,'2020-12-29 14:12:33.837364',17,10),(116,0,0,'2020-12-29 14:51:25.107846',18,1),(117,0,0,'2020-12-29 14:51:25.110782',18,2),(118,4,0,'2020-12-29 14:51:25.113424',18,5),(119,0,0,'2020-12-29 14:51:25.115797',18,6),(120,0,0,'2020-12-29 14:51:25.118201',18,7),(121,0,0,'2020-12-29 14:51:25.121070',18,8),(122,0,0,'2020-12-29 14:51:25.123709',18,9),(123,0,0,'2020-12-29 14:51:25.126281',18,10),(124,0,0,'2020-12-29 14:52:03.747585',19,1),(125,0,0,'2020-12-29 14:52:03.750357',19,2),(126,4,0,'2020-12-29 14:52:03.753048',19,5),(127,0,0,'2020-12-29 14:52:03.755573',19,6),(128,0,0,'2020-12-29 14:52:03.758032',19,7),(129,0,0,'2020-12-29 14:52:03.760861',19,8),(130,0,0,'2020-12-29 14:52:03.763438',19,9),(131,0,0,'2020-12-29 14:52:03.765890',19,10),(132,0,0,'2020-12-29 14:54:51.667880',20,1),(133,0,0,'2020-12-29 14:54:51.670481',20,2),(134,1,1,'2020-12-29 14:54:51.673048',20,5),(135,0,0,'2020-12-29 14:54:51.676777',20,6),(136,0,0,'2020-12-29 14:54:51.680821',20,7),(137,0,0,'2020-12-29 14:54:51.684334',20,8),(138,1,1,'2020-12-29 14:54:51.687036',20,9),(139,0,0,'2020-12-29 14:54:51.689714',20,10),(140,0,0,'2020-12-29 14:56:59.184287',21,1),(141,0,0,'2020-12-29 14:56:59.186876',21,2),(142,2,0,'2020-12-29 14:56:59.189643',21,5),(143,0,0,'2020-12-29 14:56:59.192171',21,6),(144,0,0,'2020-12-29 14:56:59.194616',21,7),(145,0,0,'2020-12-29 14:56:59.197023',21,8),(146,0,0,'2020-12-29 14:56:59.199228',21,9),(147,0,0,'2020-12-29 14:56:59.201553',21,10),(148,0,0,'2020-12-29 14:57:31.875869',22,1),(149,0,0,'2020-12-29 14:57:31.878759',22,2),(150,2,0,'2020-12-29 14:57:31.881448',22,5),(151,0,0,'2020-12-29 14:57:31.884001',22,6),(152,0,0,'2020-12-29 14:57:31.886509',22,7),(153,0,0,'2020-12-29 14:57:31.888969',22,8),(154,0,0,'2020-12-29 14:57:31.891394',22,9),(155,0,0,'2020-12-29 14:57:31.893845',22,10),(156,0,0,'2020-12-29 14:58:04.075593',23,1),(157,0,0,'2020-12-29 14:58:04.078391',23,2),(158,2,0,'2020-12-29 14:58:04.081024',23,5),(159,0,0,'2020-12-29 14:58:04.083610',23,6),(160,0,0,'2020-12-29 14:58:04.086457',23,7),(161,0,0,'2020-12-29 14:58:04.088840',23,8),(162,0,0,'2020-12-29 14:58:04.091076',23,9),(163,0,0,'2020-12-29 14:58:04.093259',23,10),(164,0,0,'2020-12-29 14:58:41.952305',24,1),(165,0,0,'2020-12-29 14:58:41.955058',24,2),(166,2,0,'2020-12-29 14:58:41.957601',24,5),(167,0,0,'2020-12-29 14:58:41.960169',24,6),(168,0,0,'2020-12-29 14:58:41.962608',24,7),(169,0,0,'2020-12-29 14:58:41.964933',24,8),(170,0,0,'2020-12-29 14:58:41.967274',24,9),(171,0,0,'2020-12-29 14:58:41.969443',24,10),(172,0,0,'2020-12-29 15:00:40.560897',25,1),(173,0,0,'2020-12-29 15:00:40.563572',25,2),(174,2,0,'2020-12-29 15:00:40.566203',25,5),(175,0,0,'2020-12-29 15:00:40.568906',25,6),(176,0,0,'2020-12-29 15:00:40.571303',25,7),(177,0,0,'2020-12-29 15:00:40.573730',25,8),(178,0,0,'2020-12-29 15:00:40.576170',25,9),(179,0,0,'2020-12-29 15:00:40.578413',25,10),(180,0,0,'2020-12-29 15:01:08.788895',26,1),(181,0,0,'2020-12-29 15:01:08.791577',26,2),(182,2,0,'2020-12-29 15:01:08.794027',26,5),(183,0,0,'2020-12-29 15:01:08.796385',26,6),(184,0,0,'2020-12-29 15:01:08.798540',26,7),(185,0,0,'2020-12-29 15:01:08.800611',26,8),(186,0,0,'2020-12-29 15:01:08.802567',26,9),(187,0,0,'2020-12-29 15:01:08.804620',26,10),(188,0,0,'2020-12-29 15:03:20.009562',27,1),(189,0,0,'2020-12-29 15:03:20.014385',27,2),(190,1,1,'2020-12-29 15:03:20.019230',27,5),(191,0,0,'2020-12-29 15:03:20.024577',27,6),(192,0,0,'2020-12-29 15:03:20.029498',27,7),(193,0,0,'2020-12-29 15:03:20.034174',27,8),(194,1,1,'2020-12-29 15:03:20.039230',27,9),(195,0,0,'2020-12-29 15:03:20.044302',27,10),(196,0,0,'2020-12-29 15:03:42.472465',28,1),(197,0,0,'2020-12-29 15:03:42.475158',28,2),(198,0,0,'2020-12-29 15:03:42.477623',28,5),(199,0,0,'2020-12-29 15:03:42.480056',28,6),(200,0,0,'2020-12-29 15:03:42.482484',28,7),(201,0,0,'2020-12-29 15:03:42.484669',28,8),(202,0,0,'2020-12-29 15:03:42.486855',28,9),(203,0,0,'2020-12-29 15:03:42.489189',28,10),(204,0,0,'2020-12-29 15:04:25.819853',29,1),(205,0,0,'2020-12-29 15:04:25.822633',29,2),(206,0,0,'2020-12-29 15:04:25.825272',29,5),(207,0,0,'2020-12-29 15:04:25.827692',29,6),(208,0,0,'2020-12-29 15:04:25.830050',29,7),(209,0,0,'2020-12-29 15:04:25.832087',29,8),(210,0,0,'2020-12-29 15:04:25.834072',29,9),(211,0,0,'2020-12-29 15:04:25.836153',29,10),(212,0,0,'2020-12-29 15:04:53.427148',30,1),(213,0,0,'2020-12-29 15:04:53.429892',30,2),(214,0,0,'2020-12-29 15:04:53.432541',30,5),(215,0,0,'2020-12-29 15:04:53.434741',30,6),(216,0,0,'2020-12-29 15:04:53.436928',30,7),(217,0,0,'2020-12-29 15:04:53.438900',30,8),(218,0,0,'2020-12-29 15:04:53.441047',30,9),(219,0,0,'2020-12-29 15:04:53.442994',30,10),(220,0,0,'2020-12-29 15:05:30.035521',31,1),(221,0,0,'2020-12-29 15:05:30.038167',31,2),(222,0,0,'2020-12-29 15:05:30.040711',31,5),(223,0,0,'2020-12-29 15:05:30.043108',31,6),(224,0,0,'2020-12-29 15:05:30.045398',31,7),(225,0,0,'2020-12-29 15:05:30.047530',31,8),(226,0,0,'2020-12-29 15:05:30.049543',31,9),(227,0,0,'2020-12-29 15:05:30.051519',31,10),(228,0,0,'2020-12-29 15:06:29.038401',32,1),(229,0,0,'2020-12-29 15:06:29.040947',32,2),(230,0,0,'2020-12-29 15:06:29.043611',32,5),(231,0,0,'2020-12-29 15:06:29.046081',32,6),(232,0,0,'2020-12-29 15:06:29.049215',32,7),(233,0,0,'2020-12-29 15:06:29.051383',32,8),(234,0,0,'2020-12-29 15:06:29.053519',32,9),(235,0,0,'2020-12-29 15:06:29.055494',32,10),(236,0,0,'2020-12-29 15:06:57.545198',33,1),(237,0,0,'2020-12-29 15:06:57.547750',33,2),(238,0,0,'2020-12-29 15:06:57.550154',33,5),(239,0,0,'2020-12-29 15:06:57.552510',33,6),(240,0,0,'2020-12-29 15:06:57.554726',33,7),(241,0,0,'2020-12-29 15:06:57.556717',33,8),(242,0,0,'2020-12-29 15:06:57.558696',33,9),(243,0,0,'2020-12-29 15:06:57.560696',33,10),(244,0,0,'2020-12-29 15:13:41.223098',34,1),(245,0,0,'2020-12-29 15:13:41.228394',34,2),(246,1,1,'2020-12-29 15:13:41.233614',34,5),(247,0,0,'2020-12-29 15:13:41.239094',34,6),(248,0,0,'2020-12-29 15:13:41.243744',34,7),(249,0,0,'2020-12-29 15:13:41.249232',34,8),(250,1,1,'2020-12-29 15:13:41.254219',34,9),(251,0,0,'2020-12-29 15:13:41.259428',34,10),(252,0,0,'2020-12-29 15:14:15.004859',35,1),(253,0,0,'2020-12-29 15:14:15.007622',35,2),(254,3,1,'2020-12-29 15:14:15.010322',35,5),(255,0,0,'2020-12-29 15:14:15.012837',35,6),(256,0,0,'2020-12-29 15:14:15.015347',35,7),(257,0,0,'2020-12-29 15:14:15.017580',35,8),(258,0,0,'2020-12-29 15:14:15.019787',35,9),(259,0,0,'2020-12-29 15:14:15.021939',35,10),(260,0,0,'2020-12-29 15:15:05.567534',36,1),(261,0,0,'2020-12-29 15:15:05.570635',36,2),(262,4,0,'2020-12-29 15:15:05.573458',36,5),(263,0,0,'2020-12-29 15:15:05.576228',36,6),(264,0,0,'2020-12-29 15:15:05.578939',36,7),(265,0,0,'2020-12-29 15:15:05.581544',36,8),(266,0,0,'2020-12-29 15:15:05.584364',36,9),(267,0,0,'2020-12-29 15:15:05.587061',36,10),(268,0,0,'2020-12-29 15:16:25.167052',37,1),(269,0,0,'2020-12-29 15:16:25.169699',37,2),(270,1,1,'2020-12-29 15:16:25.172308',37,5),(271,0,0,'2020-12-29 15:16:25.174888',37,6),(272,0,0,'2020-12-29 15:16:25.177570',37,7),(273,0,0,'2020-12-29 15:16:25.179971',37,8),(274,0,0,'2020-12-29 15:16:25.182236',37,9),(275,0,0,'2020-12-29 15:16:25.184475',37,10),(276,0,0,'2020-12-29 15:17:03.585471',38,1),(277,0,0,'2020-12-29 15:17:03.588055',38,2),(278,2,0,'2020-12-29 15:17:03.590759',38,5),(279,0,0,'2020-12-29 15:17:03.593162',38,6),(280,0,0,'2020-12-29 15:17:03.595610',38,7),(281,0,0,'2020-12-29 15:17:03.597857',38,8),(282,0,0,'2020-12-29 15:17:03.599866',38,9),(283,0,0,'2020-12-29 15:17:03.601907',38,10),(284,0,0,'2020-12-29 15:17:30.134220',39,1),(285,0,0,'2020-12-29 15:17:30.136836',39,2),(286,2,0,'2020-12-29 15:17:30.139285',39,5),(287,0,0,'2020-12-29 15:17:30.141692',39,6),(288,0,0,'2020-12-29 15:17:30.143893',39,7),(289,0,0,'2020-12-29 15:17:30.146256',39,8),(290,0,0,'2020-12-29 15:17:30.148600',39,9),(291,0,0,'2020-12-29 15:17:30.150547',39,10),(292,0,0,'2020-12-29 15:18:30.932398',40,1),(293,0,0,'2020-12-29 15:18:30.934989',40,2),(294,1,1,'2020-12-29 15:18:30.938650',40,5),(295,0,0,'2020-12-29 15:18:30.941298',40,6),(296,0,0,'2020-12-29 15:18:30.943843',40,7),(297,0,0,'2020-12-29 15:18:30.946197',40,8),(298,1,1,'2020-12-29 15:18:30.948556',40,9),(299,0,0,'2020-12-29 15:18:30.950782',40,10),(300,0,0,'2020-12-29 15:19:09.035036',41,1),(301,0,0,'2020-12-29 15:19:09.037632',41,2),(302,0,0,'2020-12-29 15:19:09.040532',41,5),(303,0,0,'2020-12-29 15:19:09.043043',41,6),(304,0,0,'2020-12-29 15:19:09.045367',41,7),(305,0,0,'2020-12-29 15:19:09.047587',41,8),(306,0,0,'2020-12-29 15:19:09.049983',41,9),(307,0,0,'2020-12-29 15:19:09.052254',41,10),(308,0,0,'2020-12-29 15:19:31.489135',42,1),(309,0,0,'2020-12-29 15:19:31.491901',42,2),(310,0,0,'2020-12-29 15:19:31.494573',42,5),(311,0,0,'2020-12-29 15:19:31.497284',42,6),(312,0,0,'2020-12-29 15:19:31.499555',42,7),(313,0,0,'2020-12-29 15:19:31.501676',42,8),(314,0,0,'2020-12-29 15:19:31.503695',42,9),(315,0,0,'2020-12-29 15:19:31.506009',42,10),(316,0,0,'2021-01-25 11:30:59.922455',13,19),(317,0,0,'2021-01-25 11:30:59.922481',14,19),(318,0,0,'2021-01-25 11:30:59.922496',15,19),(319,0,0,'2021-01-25 11:30:59.922510',16,19),(320,0,0,'2021-01-25 11:30:59.922524',17,19),(321,0,0,'2021-01-25 11:30:59.922537',18,19),(322,0,0,'2021-01-25 11:30:59.922551',19,19),(323,0,0,'2021-01-25 11:30:59.925051',20,19),(324,0,0,'2021-01-25 11:30:59.925072',21,19),(325,0,0,'2021-01-25 11:30:59.925088',22,19),(326,0,0,'2021-01-25 11:30:59.925102',23,19),(327,0,0,'2021-01-25 11:30:59.925116',24,19),(328,0,0,'2021-01-25 11:30:59.925129',25,19),(329,0,0,'2021-01-25 11:30:59.925143',26,19),(330,1,1,'2021-01-25 11:30:59.927453',27,19),(331,0,0,'2021-01-25 11:30:59.927474',28,19),(332,0,0,'2021-01-25 11:30:59.927489',29,19),(333,0,0,'2021-01-25 11:30:59.927503',30,19),(334,0,0,'2021-01-25 11:30:59.927517',31,19),(335,0,0,'2021-01-25 11:30:59.927531',32,19),(336,0,0,'2021-01-25 11:30:59.927545',33,19),(337,0,0,'2021-01-25 11:30:59.929915',34,19),(338,0,0,'2021-01-25 11:30:59.929936',35,19),(339,0,0,'2021-01-25 11:30:59.929952',36,19),(340,0,0,'2021-01-25 11:30:59.931918',37,19),(341,0,0,'2021-01-25 11:30:59.931939',38,19),(342,0,0,'2021-01-25 11:30:59.931954',39,19),(343,0,0,'2021-01-25 11:30:59.933960',40,19),(344,0,0,'2021-01-25 11:30:59.933981',41,19),(345,0,0,'2021-01-25 11:30:59.933996',42,19),(616,0,0,'2021-02-22 11:51:04.721093',13,32),(617,0,0,'2021-02-22 11:51:04.721121',14,32),(618,0,0,'2021-02-22 11:51:04.721136',15,32),(619,0,0,'2021-02-22 11:51:04.721151',16,32),(620,0,0,'2021-02-22 11:51:04.721166',17,32),(621,0,0,'2021-02-22 11:51:04.721180',18,32),(622,0,0,'2021-02-22 11:51:04.721194',19,32),(623,0,0,'2021-02-22 11:51:04.723918',20,32),(624,0,0,'2021-02-22 11:51:04.723939',21,32),(625,0,0,'2021-02-22 11:51:04.723955',22,32),(626,0,0,'2021-02-22 11:51:04.723969',23,32),(627,0,0,'2021-02-22 11:51:04.723984',24,32),(628,0,0,'2021-02-22 11:51:04.723998',25,32),(629,0,0,'2021-02-22 11:51:04.724012',26,32),(630,0,0,'2021-02-22 11:51:04.726703',27,32),(631,0,0,'2021-02-22 11:51:04.726725',28,32),(632,0,0,'2021-02-22 11:51:04.726741',29,32),(633,0,0,'2021-02-22 11:51:04.726756',30,32),(634,0,0,'2021-02-22 11:51:04.726770',31,32),(635,0,0,'2021-02-22 11:51:04.726785',32,32),(636,0,0,'2021-02-22 11:51:04.726799',33,32),(637,0,0,'2021-02-22 11:51:04.729099',34,32),(638,0,0,'2021-02-22 11:51:04.729121',35,32),(639,0,0,'2021-02-22 11:51:04.729137',36,32),(640,0,0,'2021-02-22 11:51:04.731191',37,32),(641,0,0,'2021-02-22 11:51:04.731212',38,32),(642,0,0,'2021-02-22 11:51:04.731228',39,32),(643,0,0,'2021-02-22 11:51:04.733416',40,32),(644,0,0,'2021-02-22 11:51:04.733441',41,32),(645,0,0,'2021-02-22 11:51:04.733457',42,32),(646,0,0,'2021-03-08 10:32:39.565055',13,35),(647,0,0,'2021-03-08 10:32:39.565083',14,35),(648,0,0,'2021-03-08 10:32:39.565099',15,35),(649,0,0,'2021-03-08 10:32:39.565114',16,35),(650,0,0,'2021-03-08 10:32:39.565128',17,35),(651,0,0,'2021-03-08 10:32:39.565142',18,35),(652,0,0,'2021-03-08 10:32:39.565156',19,35),(653,0,0,'2021-03-08 10:32:39.568066',20,35),(654,0,0,'2021-03-08 10:32:39.568088',21,35),(655,0,0,'2021-03-08 10:32:39.568103',22,35),(656,0,0,'2021-03-08 10:32:39.568118',23,35),(657,0,0,'2021-03-08 10:32:39.568131',24,35),(658,0,0,'2021-03-08 10:32:39.568145',25,35),(659,0,0,'2021-03-08 10:32:39.568159',26,35),(660,0,0,'2021-03-08 10:32:39.571088',27,35),(661,0,0,'2021-03-08 10:32:39.571112',28,35),(662,0,0,'2021-03-08 10:32:39.571127',29,35),(663,0,0,'2021-03-08 10:32:39.571158',30,35),(664,0,0,'2021-03-08 10:32:39.571173',31,35),(665,0,0,'2021-03-08 10:32:39.571187',32,35),(666,0,0,'2021-03-08 10:32:39.571201',33,35),(667,0,0,'2021-03-08 10:32:39.573675',34,35),(668,0,0,'2021-03-08 10:32:39.573698',35,35),(669,0,0,'2021-03-08 10:32:39.573715',36,35),(670,0,0,'2021-03-08 10:32:39.575887',37,35),(671,0,0,'2021-03-08 10:32:39.575910',38,35),(672,0,0,'2021-03-08 10:32:39.575927',39,35),(673,0,0,'2021-03-08 10:32:39.578734',40,35),(674,0,0,'2021-03-08 10:32:39.578757',41,35),(675,0,0,'2021-03-08 10:32:39.578774',42,35),(676,1,1,'2021-08-20 12:17:47.583722',13,36),(677,3,1,'2021-08-20 12:17:47.583742',14,36),(678,5,1,'2021-08-20 12:17:47.583749',15,36),(679,7,1,'2021-08-20 12:17:47.583755',16,36),(680,9,1,'2021-08-20 12:17:47.583761',17,36),(681,12,1,'2021-08-20 12:17:47.583767',18,36),(682,15,1,'2021-08-20 12:17:47.583773',19,36),(683,1,1,'2021-08-20 12:17:47.589267',20,36),(684,3,0,'2021-08-20 12:17:47.589286',21,36),(685,3,0,'2021-08-20 12:17:47.589294',22,36),(686,3,0,'2021-08-20 12:17:47.589300',23,36),(687,3,0,'2021-08-20 12:17:47.589306',24,36),(688,3,0,'2021-08-20 12:17:47.589312',25,36),(689,3,0,'2021-08-20 12:17:47.589319',26,36),(690,1,1,'2021-08-20 12:17:47.590843',27,36),(691,5,1,'2021-08-20 12:17:47.590854',28,36),(692,10,1,'2021-08-20 12:17:47.590860',29,36),(693,0,0,'2021-08-20 12:17:47.590867',30,36),(694,0,0,'2021-08-20 12:17:47.590873',31,36),(695,0,0,'2021-08-20 12:17:47.590879',32,36),(696,0,0,'2021-08-20 12:17:47.590886',33,36),(697,1,1,'2021-08-20 12:17:47.592262',34,36),(698,2,0,'2021-08-20 12:17:47.592273',35,36),(699,2,0,'2021-08-20 12:17:47.592280',36,36),(700,1,1,'2021-08-20 12:17:47.593890',37,36),(701,3,1,'2021-08-20 12:17:47.593914',38,36),(702,2,0,'2021-08-20 12:17:47.593921',39,36),(703,1,1,'2021-08-20 12:17:47.596630',40,36),(704,3,1,'2021-08-20 12:17:47.596652',41,36),(705,4,0,'2021-08-20 12:17:47.596659',42,36),(736,1,1,'2022-03-12 22:30:08.092366',13,38),(737,0,0,'2022-03-12 22:30:08.092397',14,38),(738,0,0,'2022-03-12 22:30:08.092405',15,38),(739,0,0,'2022-03-12 22:30:08.092413',16,38),(740,0,0,'2022-03-12 22:30:08.092522',17,38),(741,0,0,'2022-03-12 22:30:08.092532',18,38),(742,0,0,'2022-03-12 22:30:08.092540',19,38),(743,0,0,'2022-03-12 22:30:08.101966',20,38),(744,0,0,'2022-03-12 22:30:08.101987',21,38),(745,0,0,'2022-03-12 22:30:08.101995',22,38),(746,0,0,'2022-03-12 22:30:08.102003',23,38),(747,0,0,'2022-03-12 22:30:08.102011',24,38),(748,0,0,'2022-03-12 22:30:08.102018',25,38),(749,0,0,'2022-03-12 22:30:08.102026',26,38),(750,0,0,'2022-03-12 22:30:08.105496',27,38),(751,0,0,'2022-03-12 22:30:08.105510',28,38),(752,0,0,'2022-03-12 22:30:08.105526',29,38),(753,0,0,'2022-03-12 22:30:08.105536',30,38),(754,0,0,'2022-03-12 22:30:08.105543',31,38),(755,0,0,'2022-03-12 22:30:08.105551',32,38),(756,0,0,'2022-03-12 22:30:08.105559',33,38),(757,0,0,'2022-03-12 22:30:08.109016',34,38),(758,0,0,'2022-03-12 22:30:08.109028',35,38),(759,0,0,'2022-03-12 22:30:08.109036',36,38),(760,0,0,'2022-03-12 22:30:08.112563',37,38),(761,0,0,'2022-03-12 22:30:08.112582',38,38),(762,0,0,'2022-03-12 22:30:08.112590',39,38),(763,0,0,'2022-03-12 22:30:08.114751',40,38),(764,0,0,'2022-03-12 22:30:08.114769',41,38),(765,0,0,'2022-03-12 22:30:08.114778',42,38),(766,1,1,'2022-03-12 22:30:48.244249',13,39),(767,0,0,'2022-03-12 22:30:48.244277',14,39),(768,0,0,'2022-03-12 22:30:48.244286',15,39),(769,0,0,'2022-03-12 22:30:48.244294',16,39),(770,0,0,'2022-03-12 22:30:48.244301',17,39),(771,0,0,'2022-03-12 22:30:48.244309',18,39),(772,0,0,'2022-03-12 22:30:48.244317',19,39),(773,0,0,'2022-03-12 22:30:48.246983',20,39),(774,0,0,'2022-03-12 22:30:48.246998',21,39),(775,0,0,'2022-03-12 22:30:48.247006',22,39),(776,0,0,'2022-03-12 22:30:48.247014',23,39),(777,0,0,'2022-03-12 22:30:48.247022',24,39),(778,0,0,'2022-03-12 22:30:48.247029',25,39),(779,0,0,'2022-03-12 22:30:48.247037',26,39),(780,0,0,'2022-03-12 22:30:48.249870',27,39),(781,0,0,'2022-03-12 22:30:48.249887',28,39),(782,0,0,'2022-03-12 22:30:48.249895',29,39),(783,0,0,'2022-03-12 22:30:48.249902',30,39),(784,0,0,'2022-03-12 22:30:48.249909',31,39),(785,0,0,'2022-03-12 22:30:48.249917',32,39),(786,0,0,'2022-03-12 22:30:48.249925',33,39),(787,0,0,'2022-03-12 22:30:48.252755',34,39),(788,0,0,'2022-03-12 22:30:48.252774',35,39),(789,0,0,'2022-03-12 22:30:48.252782',36,39),(790,0,0,'2022-03-12 22:30:48.255041',37,39),(791,0,0,'2022-03-12 22:30:48.255064',38,39),(792,0,0,'2022-03-12 22:30:48.255073',39,39),(793,0,0,'2022-03-12 22:30:48.259889',40,39),(794,0,0,'2022-03-12 22:30:48.259914',41,39),(795,0,0,'2022-03-12 22:30:48.259922',42,39),(796,1,1,'2022-03-12 22:31:08.730399',13,40),(797,0,0,'2022-03-12 22:31:08.730421',14,40),(798,0,0,'2022-03-12 22:31:08.730429',15,40),(799,0,0,'2022-03-12 22:31:08.730437',16,40),(800,0,0,'2022-03-12 22:31:08.730445',17,40),(801,0,0,'2022-03-12 22:31:08.730454',18,40),(802,0,0,'2022-03-12 22:31:08.730461',19,40),(803,0,0,'2022-03-12 22:31:08.733189',20,40),(804,0,0,'2022-03-12 22:31:08.733201',21,40),(805,0,0,'2022-03-12 22:31:08.733210',22,40),(806,0,0,'2022-03-12 22:31:08.733217',23,40),(807,0,0,'2022-03-12 22:31:08.733225',24,40),(808,0,0,'2022-03-12 22:31:08.733233',25,40),(809,0,0,'2022-03-12 22:31:08.733241',26,40),(810,0,0,'2022-03-12 22:31:08.737974',27,40),(811,0,0,'2022-03-12 22:31:08.737996',28,40),(812,0,0,'2022-03-12 22:31:08.738004',29,40),(813,0,0,'2022-03-12 22:31:08.738012',30,40),(814,0,0,'2022-03-12 22:31:08.738020',31,40),(815,0,0,'2022-03-12 22:31:08.738028',32,40),(816,0,0,'2022-03-12 22:31:08.738036',33,40),(817,0,0,'2022-03-12 22:31:08.740415',34,40),(818,0,0,'2022-03-12 22:31:08.740435',35,40),(819,0,0,'2022-03-12 22:31:08.740443',36,40),(820,0,0,'2022-03-12 22:31:08.747215',37,40),(821,0,0,'2022-03-12 22:31:08.747236',38,40),(822,0,0,'2022-03-12 22:31:08.747245',39,40),(823,0,0,'2022-03-12 22:31:08.749061',40,40),(824,0,0,'2022-03-12 22:31:08.749073',41,40),(825,0,0,'2022-03-12 22:31:08.749082',42,40),(826,1,1,'2022-03-12 22:33:28.221333',13,41),(827,0,0,'2022-03-12 22:33:28.221354',14,41),(828,0,0,'2022-03-12 22:33:28.221362',15,41),(829,0,0,'2022-03-12 22:33:28.221370',16,41),(830,0,0,'2022-03-12 22:33:28.221377',17,41),(831,0,0,'2022-03-12 22:33:28.221385',18,41),(832,0,0,'2022-03-12 22:33:28.221392',19,41),(833,0,0,'2022-03-12 22:33:28.224086',20,41),(834,0,0,'2022-03-12 22:33:28.224100',21,41),(835,0,0,'2022-03-12 22:33:28.224108',22,41),(836,0,0,'2022-03-12 22:33:28.224134',23,41),(837,0,0,'2022-03-12 22:33:28.224142',24,41),(838,0,0,'2022-03-12 22:33:28.224150',25,41),(839,0,0,'2022-03-12 22:33:28.224158',26,41),(840,0,0,'2022-03-12 22:33:28.225924',27,41),(841,0,0,'2022-03-12 22:33:28.225936',28,41),(842,0,0,'2022-03-12 22:33:28.225944',29,41),(843,0,0,'2022-03-12 22:33:28.225952',30,41),(844,0,0,'2022-03-12 22:33:28.225990',31,41),(845,0,0,'2022-03-12 22:33:28.226000',32,41),(846,0,0,'2022-03-12 22:33:28.226007',33,41),(847,0,0,'2022-03-12 22:33:28.227614',34,41),(848,0,0,'2022-03-12 22:33:28.227652',35,41),(849,0,0,'2022-03-12 22:33:28.227662',36,41),(850,0,0,'2022-03-12 22:33:28.229805',37,41),(851,0,0,'2022-03-12 22:33:28.229826',38,41),(852,0,0,'2022-03-12 22:33:28.229834',39,41),(853,0,0,'2022-03-12 22:33:28.233640',40,41),(854,0,0,'2022-03-12 22:33:28.233662',41,41),(855,0,0,'2022-03-12 22:33:28.233670',42,41),(856,2,1,'2023-03-28 11:27:06.529769',13,42),(857,3,1,'2023-03-28 11:27:06.529803',14,42),(858,0,0,'2023-03-28 11:27:06.529822',15,42),(859,0,0,'2023-03-28 11:27:06.529840',16,42),(860,0,0,'2023-03-28 11:27:06.529858',17,42),(861,0,0,'2023-03-28 11:27:06.529875',18,42),(862,0,0,'2023-03-28 11:27:06.529893',19,42),(863,0,0,'2023-03-28 11:27:06.532919',20,42),(864,0,0,'2023-03-28 11:27:06.532952',21,42),(865,0,0,'2023-03-28 11:27:06.532982',22,42),(866,0,0,'2023-03-28 11:27:06.533001',23,42),(867,0,0,'2023-03-28 11:27:06.533019',24,42),(868,0,0,'2023-03-28 11:27:06.533036',25,42),(869,0,0,'2023-03-28 11:27:06.533054',26,42),(870,1,1,'2023-03-28 11:27:06.536218',27,42),(871,0,0,'2023-03-28 11:27:06.536248',28,42),(872,0,0,'2023-03-28 11:27:06.536267',29,42),(873,0,0,'2023-03-28 11:27:06.536285',30,42),(874,0,0,'2023-03-28 11:27:06.536303',31,42),(875,0,0,'2023-03-28 11:27:06.536321',32,42),(876,0,0,'2023-03-28 11:27:06.536338',33,42),(877,1,1,'2023-03-28 11:27:06.539122',34,42),(878,2,0,'2023-03-28 11:27:06.539151',35,42),(879,2,0,'2023-03-28 11:27:06.539170',36,42),(880,0,0,'2023-03-28 11:27:06.541445',37,42),(881,0,0,'2023-03-28 11:27:06.541474',38,42),(882,0,0,'2023-03-28 11:27:06.541493',39,42),(883,0,0,'2023-03-28 11:27:06.543851',40,42),(884,0,0,'2023-03-28 11:27:06.543880',41,42),(885,0,0,'2023-03-28 11:27:06.543899',42,42),(886,2,1,'2023-03-28 11:28:51.255857',13,43),(887,3,1,'2023-03-28 11:28:51.255888',14,43),(888,2,0,'2023-03-28 11:28:51.255907',15,43),(889,2,0,'2023-03-28 11:28:51.255925',16,43),(890,2,0,'2023-03-28 11:28:51.255943',17,43),(891,2,0,'2023-03-28 11:28:51.255961',18,43),(892,2,0,'2023-03-28 11:28:51.255978',19,43),(893,0,0,'2023-03-28 11:28:51.259010',20,43),(894,0,0,'2023-03-28 11:28:51.259040',21,43),(895,0,0,'2023-03-28 11:28:51.259059',22,43),(896,0,0,'2023-03-28 11:28:51.259077',23,43),(897,0,0,'2023-03-28 11:28:51.259095',24,43),(898,0,0,'2023-03-28 11:28:51.259112',25,43),(899,0,0,'2023-03-28 11:28:51.259130',26,43),(900,1,1,'2023-03-28 11:28:51.261973',27,43),(901,0,0,'2023-03-28 11:28:51.262003',28,43),(902,0,0,'2023-03-28 11:28:51.262022',29,43),(903,0,0,'2023-03-28 11:28:51.262040',30,43),(904,0,0,'2023-03-28 11:28:51.262057',31,43),(905,0,0,'2023-03-28 11:28:51.262075',32,43),(906,0,0,'2023-03-28 11:28:51.262092',33,43),(907,1,1,'2023-03-28 11:28:51.264547',34,43),(908,3,1,'2023-03-28 11:28:51.264576',35,43),(909,2,0,'2023-03-28 11:28:51.264595',36,43),(910,0,0,'2023-03-28 11:28:51.266982',37,43),(911,0,0,'2023-03-28 11:28:51.267011',38,43),(912,0,0,'2023-03-28 11:28:51.267031',39,43),(913,1,1,'2023-03-28 11:28:51.269281',40,43),(914,1,0,'2023-03-28 11:28:51.269311',41,43),(915,1,0,'2023-03-28 11:28:51.269330',42,43),(916,2,1,'2023-03-28 11:29:51.888257',13,44),(917,3,1,'2023-03-28 11:29:51.888288',14,44),(918,3,0,'2023-03-28 11:29:51.888307',15,44),(919,3,0,'2023-03-28 11:29:51.888326',16,44),(920,3,0,'2023-03-28 11:29:51.888344',17,44),(921,3,0,'2023-03-28 11:29:51.888362',18,44),(922,3,0,'2023-03-28 11:29:51.888380',19,44),(923,1,1,'2023-03-28 11:29:51.890919',20,44),(924,3,0,'2023-03-28 11:29:51.890949',21,44),(925,3,0,'2023-03-28 11:29:51.890968',22,44),(926,3,0,'2023-03-28 11:29:51.890986',23,44),(927,3,0,'2023-03-28 11:29:51.891004',24,44),(928,3,0,'2023-03-28 11:29:51.891022',25,44),(929,3,0,'2023-03-28 11:29:51.891040',26,44),(930,1,1,'2023-03-28 11:29:51.893879',27,44),(931,0,0,'2023-03-28 11:29:51.893908',28,44),(932,0,0,'2023-03-28 11:29:51.893927',29,44),(933,0,0,'2023-03-28 11:29:51.893945',30,44),(934,0,0,'2023-03-28 11:29:51.893963',31,44),(935,0,0,'2023-03-28 11:29:51.893981',32,44),(936,0,0,'2023-03-28 11:29:51.893999',33,44),(937,1,1,'2023-03-28 11:29:51.896420',34,44),(938,0,0,'2023-03-28 11:29:51.896449',35,44),(939,0,0,'2023-03-28 11:29:51.896469',36,44),(940,1,1,'2023-03-28 11:29:51.898596',37,44),(941,3,1,'2023-03-28 11:29:51.898625',38,44),(942,2,0,'2023-03-28 11:29:51.898644',39,44),(943,1,1,'2023-03-28 11:29:51.900778',40,44),(944,3,1,'2023-03-28 11:29:51.900807',41,44),(945,2,0,'2023-03-28 11:29:51.900826',42,44),(946,0,0,'2023-04-06 06:30:37.289333',13,45),(947,0,0,'2023-04-06 06:30:37.289363',14,45),(948,0,0,'2023-04-06 06:30:37.289382',15,45),(949,0,0,'2023-04-06 06:30:37.289400',16,45),(950,0,0,'2023-04-06 06:30:37.289418',17,45),(951,0,0,'2023-04-06 06:30:37.289435',18,45),(952,0,0,'2023-04-06 06:30:37.289453',19,45),(953,1,1,'2023-04-06 06:30:37.373670',20,45),(954,0,0,'2023-04-06 06:30:37.373700',21,45),(955,0,0,'2023-04-06 06:30:37.373719',22,45),(956,0,0,'2023-04-06 06:30:37.373737',23,45),(957,0,0,'2023-04-06 06:30:37.373755',24,45),(958,0,0,'2023-04-06 06:30:37.373772',25,45),(959,0,0,'2023-04-06 06:30:37.373790',26,45),(960,0,0,'2023-04-06 06:30:37.376579',27,45),(961,0,0,'2023-04-06 06:30:37.376608',28,45),(962,0,0,'2023-04-06 06:30:37.376627',29,45),(963,0,0,'2023-04-06 06:30:37.376645',30,45),(964,0,0,'2023-04-06 06:30:37.376663',31,45),(965,0,0,'2023-04-06 06:30:37.376680',32,45),(966,0,0,'2023-04-06 06:30:37.376698',33,45),(967,0,0,'2023-04-06 06:30:37.379005',34,45),(968,0,0,'2023-04-06 06:30:37.379034',35,45),(969,0,0,'2023-04-06 06:30:37.379053',36,45),(970,0,0,'2023-04-06 06:30:37.381140',37,45),(971,0,0,'2023-04-06 06:30:37.381169',38,45),(972,0,0,'2023-04-06 06:30:37.381188',39,45),(973,0,0,'2023-04-06 06:30:37.383824',40,45),(974,0,0,'2023-04-06 06:30:37.383852',41,45),(975,0,0,'2023-04-06 06:30:37.383871',42,45),(976,0,0,'2023-04-06 08:05:40.734601',13,46),(977,0,0,'2023-04-06 08:05:40.734631',14,46),(978,0,0,'2023-04-06 08:05:40.734649',15,46),(979,0,0,'2023-04-06 08:05:40.734666',16,46),(980,0,0,'2023-04-06 08:05:40.734684',17,46),(981,0,0,'2023-04-06 08:05:40.734714',18,46),(982,0,0,'2023-04-06 08:05:40.734731',19,46),(983,1,1,'2023-04-06 08:05:40.737378',20,46),(984,2,0,'2023-04-06 08:05:40.737407',21,46),(985,2,0,'2023-04-06 08:05:40.737426',22,46),(986,2,0,'2023-04-06 08:05:40.737443',23,46),(987,2,0,'2023-04-06 08:05:40.737460',24,46),(988,2,0,'2023-04-06 08:05:40.737478',25,46),(989,2,0,'2023-04-06 08:05:40.737495',26,46),(990,1,1,'2023-04-06 08:05:40.740138',27,46),(991,0,0,'2023-04-06 08:05:40.740166',28,46),(992,0,0,'2023-04-06 08:05:40.740185',29,46),(993,0,0,'2023-04-06 08:05:40.740202',30,46),(994,0,0,'2023-04-06 08:05:40.740219',31,46),(995,0,0,'2023-04-06 08:05:40.740236',32,46),(996,0,0,'2023-04-06 08:05:40.740254',33,46),(997,0,0,'2023-04-06 08:05:40.742783',34,46),(998,0,0,'2023-04-06 08:05:40.742811',35,46),(999,0,0,'2023-04-06 08:05:40.742831',36,46),(1000,1,1,'2023-04-06 08:05:40.745073',37,46),(1001,2,0,'2023-04-06 08:05:40.745102',38,46),(1002,2,0,'2023-04-06 08:05:40.745121',39,46),(1003,1,1,'2023-04-06 08:05:40.747374',40,46),(1004,0,0,'2023-04-06 08:05:40.747403',41,46),(1005,0,0,'2023-04-06 08:05:40.747421',42,46),(1006,0,0,'2023-04-06 09:45:44.853561',13,47),(1007,0,0,'2023-04-06 09:45:44.853591',14,47),(1008,0,0,'2023-04-06 09:45:44.853610',15,47),(1009,0,0,'2023-04-06 09:45:44.853627',16,47),(1010,0,0,'2023-04-06 09:45:44.853645',17,47),(1011,0,0,'2023-04-06 09:45:44.853662',18,47),(1012,0,0,'2023-04-06 09:45:44.853679',19,47),(1013,1,1,'2023-04-06 09:45:44.856656',20,47),(1014,0,0,'2023-04-06 09:45:44.856685',21,47),(1015,0,0,'2023-04-06 09:45:44.856704',22,47),(1016,0,0,'2023-04-06 09:45:44.856721',23,47),(1017,0,0,'2023-04-06 09:45:44.856739',24,47),(1018,0,0,'2023-04-06 09:45:44.856756',25,47),(1019,0,0,'2023-04-06 09:45:44.856773',26,47),(1020,1,1,'2023-04-06 09:45:44.859373',27,47),(1021,0,0,'2023-04-06 09:45:44.859402',28,47),(1022,0,0,'2023-04-06 09:45:44.859420',29,47),(1023,0,0,'2023-04-06 09:45:44.859438',30,47),(1024,0,0,'2023-04-06 09:45:44.859455',31,47),(1025,0,0,'2023-04-06 09:45:44.859472',32,47),(1026,0,0,'2023-04-06 09:45:44.859489',33,47),(1027,0,0,'2023-04-06 09:45:44.861856',34,47),(1028,0,0,'2023-04-06 09:45:44.861885',35,47),(1029,0,0,'2023-04-06 09:45:44.861903',36,47),(1030,0,0,'2023-04-06 09:45:44.864157',37,47),(1031,0,0,'2023-04-06 09:45:44.864185',38,47),(1032,0,0,'2023-04-06 09:45:44.864204',39,47),(1033,0,0,'2023-04-06 09:45:44.866737',40,47),(1034,0,0,'2023-04-06 09:45:44.866765',41,47),(1035,0,0,'2023-04-06 09:45:44.866783',42,47),(1036,0,0,'2023-04-06 09:53:19.701121',13,48),(1037,0,0,'2023-04-06 09:53:19.701152',14,48),(1038,0,0,'2023-04-06 09:53:19.701171',15,48),(1039,0,0,'2023-04-06 09:53:19.701188',16,48),(1040,0,0,'2023-04-06 09:53:19.701206',17,48),(1041,0,0,'2023-04-06 09:53:19.701223',18,48),(1042,0,0,'2023-04-06 09:53:19.701240',19,48),(1043,1,1,'2023-04-06 09:53:19.704245',20,48),(1044,2,0,'2023-04-06 09:53:19.704274',21,48),(1045,2,0,'2023-04-06 09:53:19.704293',22,48),(1046,2,0,'2023-04-06 09:53:19.704311',23,48),(1047,2,0,'2023-04-06 09:53:19.704329',24,48),(1048,2,0,'2023-04-06 09:53:19.704346',25,48),(1049,2,0,'2023-04-06 09:53:19.704363',26,48),(1050,0,0,'2023-04-06 09:53:19.706851',27,48),(1051,0,0,'2023-04-06 09:53:19.706880',28,48),(1052,0,0,'2023-04-06 09:53:19.706899',29,48),(1053,0,0,'2023-04-06 09:53:19.706917',30,48),(1054,0,0,'2023-04-06 09:53:19.706935',31,48),(1055,0,0,'2023-04-06 09:53:19.706953',32,48),(1056,0,0,'2023-04-06 09:53:19.706970',33,48),(1057,0,0,'2023-04-06 09:53:19.709605',34,48),(1058,0,0,'2023-04-06 09:53:19.709633',35,48),(1059,0,0,'2023-04-06 09:53:19.709652',36,48),(1060,1,1,'2023-04-06 09:53:19.712063',37,48),(1061,0,0,'2023-04-06 09:53:19.712092',38,48),(1062,0,0,'2023-04-06 09:53:19.712110',39,48),(1063,0,0,'2023-04-06 09:53:19.714228',40,48),(1064,0,0,'2023-04-06 09:53:19.714256',41,48),(1065,0,0,'2023-04-06 09:53:19.714275',42,48),(1066,0,0,'2023-04-06 09:59:48.863072',13,49),(1067,0,0,'2023-04-06 09:59:48.863105',14,49),(1068,0,0,'2023-04-06 09:59:48.863124',15,49),(1069,0,0,'2023-04-06 09:59:48.863141',16,49),(1070,0,0,'2023-04-06 09:59:48.863159',17,49),(1071,0,0,'2023-04-06 09:59:48.863176',18,49),(1072,0,0,'2023-04-06 09:59:48.863194',19,49),(1073,1,1,'2023-04-06 09:59:48.865801',20,49),(1074,0,0,'2023-04-06 09:59:48.865831',21,49),(1075,0,0,'2023-04-06 09:59:48.865850',22,49),(1076,0,0,'2023-04-06 09:59:48.865867',23,49),(1077,0,0,'2023-04-06 09:59:48.865885',24,49),(1078,0,0,'2023-04-06 09:59:48.865902',25,49),(1079,0,0,'2023-04-06 09:59:48.865919',26,49),(1080,1,1,'2023-04-06 09:59:48.868562',27,49),(1081,0,0,'2023-04-06 09:59:48.868590',28,49),(1082,0,0,'2023-04-06 09:59:48.868609',29,49),(1083,0,0,'2023-04-06 09:59:48.868626',30,49),(1084,0,0,'2023-04-06 09:59:48.868643',31,49),(1085,0,0,'2023-04-06 09:59:48.868660',32,49),(1086,0,0,'2023-04-06 09:59:48.868677',33,49),(1087,0,0,'2023-04-06 09:59:48.871133',34,49),(1088,0,0,'2023-04-06 09:59:48.871162',35,49),(1089,0,0,'2023-04-06 09:59:48.871181',36,49),(1090,0,0,'2023-04-06 09:59:48.873298',37,49),(1091,0,0,'2023-04-06 09:59:48.873326',38,49),(1092,0,0,'2023-04-06 09:59:48.873345',39,49),(1093,1,1,'2023-04-06 09:59:48.875696',40,49),(1094,2,0,'2023-04-06 09:59:48.875725',41,49),(1095,2,0,'2023-04-06 09:59:48.875743',42,49),(1096,0,0,'2023-04-06 10:04:17.065136',13,50),(1097,0,0,'2023-04-06 10:04:17.065167',14,50),(1098,0,0,'2023-04-06 10:04:17.065186',15,50),(1099,0,0,'2023-04-06 10:04:17.065204',16,50),(1100,0,0,'2023-04-06 10:04:17.065221',17,50),(1101,0,0,'2023-04-06 10:04:17.065239',18,50),(1102,0,0,'2023-04-06 10:04:17.065256',19,50),(1103,1,1,'2023-04-06 10:04:17.067981',20,50),(1104,3,0,'2023-04-06 10:04:17.068011',21,50),(1105,3,0,'2023-04-06 10:04:17.068030',22,50),(1106,3,0,'2023-04-06 10:04:17.068048',23,50),(1107,3,0,'2023-04-06 10:04:17.068065',24,50),(1108,3,0,'2023-04-06 10:04:17.068083',25,50),(1109,3,0,'2023-04-06 10:04:17.068100',26,50),(1110,1,1,'2023-04-06 10:04:17.070882',27,50),(1111,0,0,'2023-04-06 10:04:17.070911',28,50),(1112,0,0,'2023-04-06 10:04:17.070930',29,50),(1113,0,0,'2023-04-06 10:04:17.070947',30,50),(1114,0,0,'2023-04-06 10:04:17.070965',31,50),(1115,0,0,'2023-04-06 10:04:17.070982',32,50),(1116,0,0,'2023-04-06 10:04:17.070999',33,50),(1117,0,0,'2023-04-06 10:04:17.073288',34,50),(1118,0,0,'2023-04-06 10:04:17.073317',35,50),(1119,0,0,'2023-04-06 10:04:17.073335',36,50),(1120,1,1,'2023-04-06 10:04:17.075912',37,50),(1121,2,0,'2023-04-06 10:04:17.075941',38,50),(1122,2,0,'2023-04-06 10:04:17.075960',39,50),(1123,0,0,'2023-04-06 10:04:17.078176',40,50),(1124,0,0,'2023-04-06 10:04:17.078205',41,50),(1125,0,0,'2023-04-06 10:04:17.078224',42,50),(1126,0,0,'2023-04-06 10:05:19.902792',13,51),(1127,0,0,'2023-04-06 10:05:19.902822',14,51),(1128,0,0,'2023-04-06 10:05:19.902841',15,51),(1129,0,0,'2023-04-06 10:05:19.902859',16,51),(1130,0,0,'2023-04-06 10:05:19.902877',17,51),(1131,0,0,'2023-04-06 10:05:19.902895',18,51),(1132,0,0,'2023-04-06 10:05:19.902913',19,51),(1133,1,1,'2023-04-06 10:05:19.905491',20,51),(1134,2,0,'2023-04-06 10:05:19.905520',21,51),(1135,2,0,'2023-04-06 10:05:19.905538',22,51),(1136,2,0,'2023-04-06 10:05:19.905556',23,51),(1137,2,0,'2023-04-06 10:05:19.905574',24,51),(1138,2,0,'2023-04-06 10:05:19.905591',25,51),(1139,2,0,'2023-04-06 10:05:19.905608',26,51),(1140,1,1,'2023-04-06 10:05:19.908243',27,51),(1141,0,0,'2023-04-06 10:05:19.908271',28,51),(1142,0,0,'2023-04-06 10:05:19.908290',29,51),(1143,0,0,'2023-04-06 10:05:19.908307',30,51),(1144,0,0,'2023-04-06 10:05:19.908325',31,51),(1145,0,0,'2023-04-06 10:05:19.908342',32,51),(1146,0,0,'2023-04-06 10:05:19.908359',33,51),(1147,0,0,'2023-04-06 10:05:19.910945',34,51),(1148,0,0,'2023-04-06 10:05:19.910973',35,51),(1149,0,0,'2023-04-06 10:05:19.910991',36,51),(1150,1,1,'2023-04-06 10:05:19.913200',37,51),(1151,0,0,'2023-04-06 10:05:19.913228',38,51),(1152,0,0,'2023-04-06 10:05:19.913247',39,51),(1153,1,1,'2023-04-06 10:05:19.915665',40,51),(1154,0,0,'2023-04-06 10:05:19.915693',41,51),(1155,0,0,'2023-04-06 10:05:19.915712',42,51),(1156,0,0,'2023-04-06 10:07:23.181843',13,52),(1157,0,0,'2023-04-06 10:07:23.181873',14,52),(1158,0,0,'2023-04-06 10:07:23.181891',15,52),(1159,0,0,'2023-04-06 10:07:23.181908',16,52),(1160,0,0,'2023-04-06 10:07:23.181926',17,52),(1161,0,0,'2023-04-06 10:07:23.181943',18,52),(1162,0,0,'2023-04-06 10:07:23.181961',19,52),(1163,1,1,'2023-04-06 10:07:23.184706',20,52),(1164,2,0,'2023-04-06 10:07:23.184735',21,52),(1165,2,0,'2023-04-06 10:07:23.184753',22,52),(1166,2,0,'2023-04-06 10:07:23.184770',23,52),(1167,2,0,'2023-04-06 10:07:23.184788',24,52),(1168,2,0,'2023-04-06 10:07:23.184805',25,52),(1169,2,0,'2023-04-06 10:07:23.184822',26,52),(1170,1,1,'2023-04-06 10:07:23.187529',27,52),(1171,0,0,'2023-04-06 10:07:23.187557',28,52),(1172,0,0,'2023-04-06 10:07:23.187576',29,52),(1173,0,0,'2023-04-06 10:07:23.187594',30,52),(1174,0,0,'2023-04-06 10:07:23.187611',31,52),(1175,0,0,'2023-04-06 10:07:23.187628',32,52),(1176,0,0,'2023-04-06 10:07:23.187645',33,52),(1177,0,0,'2023-04-06 10:07:23.190236',34,52),(1178,0,0,'2023-04-06 10:07:23.190265',35,52),(1179,0,0,'2023-04-06 10:07:23.190284',36,52),(1180,1,1,'2023-04-06 10:07:23.192778',37,52),(1181,2,0,'2023-04-06 10:07:23.192807',38,52),(1182,2,0,'2023-04-06 10:07:23.192826',39,52),(1183,1,1,'2023-04-06 10:07:23.195014',40,52),(1184,3,1,'2023-04-06 10:07:23.195042',41,52),(1185,2,0,'2023-04-06 10:07:23.195061',42,52),(1186,0,0,'2023-04-06 10:20:27.270080',13,53),(1187,0,0,'2023-04-06 10:20:27.270112',14,53),(1188,0,0,'2023-04-06 10:20:27.270130',15,53),(1189,0,0,'2023-04-06 10:20:27.270148',16,53),(1190,0,0,'2023-04-06 10:20:27.270165',17,53),(1191,0,0,'2023-04-06 10:20:27.270182',18,53),(1192,0,0,'2023-04-06 10:20:27.270199',19,53),(1193,1,1,'2023-04-06 10:20:27.272943',20,53),(1194,0,0,'2023-04-06 10:20:27.272973',21,53),(1195,0,0,'2023-04-06 10:20:27.272992',22,53),(1196,0,0,'2023-04-06 10:20:27.273009',23,53),(1197,0,0,'2023-04-06 10:20:27.273026',24,53),(1198,0,0,'2023-04-06 10:20:27.273043',25,53),(1199,0,0,'2023-04-06 10:20:27.273060',26,53),(1200,0,0,'2023-04-06 10:20:27.275656',27,53),(1201,0,0,'2023-04-06 10:20:27.275686',28,53),(1202,0,0,'2023-04-06 10:20:27.275705',29,53),(1203,0,0,'2023-04-06 10:20:27.275722',30,53),(1204,0,0,'2023-04-06 10:20:27.275739',31,53),(1205,0,0,'2023-04-06 10:20:27.275756',32,53),(1206,0,0,'2023-04-06 10:20:27.275773',33,53),(1207,0,0,'2023-04-06 10:20:27.278968',34,53),(1208,0,0,'2023-04-06 10:20:27.278996',35,53),(1209,0,0,'2023-04-06 10:20:27.279015',36,53),(1210,0,0,'2023-04-06 10:20:27.281130',37,53),(1211,0,0,'2023-04-06 10:20:27.281159',38,53),(1212,0,0,'2023-04-06 10:20:27.281177',39,53),(1213,0,0,'2023-04-06 10:20:27.284150',40,53),(1214,0,0,'2023-04-06 10:20:27.284178',41,53),(1215,0,0,'2023-04-06 10:20:27.284197',42,53),(1216,0,0,'2023-04-06 10:48:33.051124',13,54),(1217,0,0,'2023-04-06 10:48:33.051155',14,54),(1218,0,0,'2023-04-06 10:48:33.051174',15,54),(1219,0,0,'2023-04-06 10:48:33.051191',16,54),(1220,0,0,'2023-04-06 10:48:33.051208',17,54),(1221,0,0,'2023-04-06 10:48:33.051226',18,54),(1222,0,0,'2023-04-06 10:48:33.051243',19,54),(1223,1,1,'2023-04-06 10:48:33.054285',20,54),(1224,0,0,'2023-04-06 10:48:33.054314',21,54),(1225,0,0,'2023-04-06 10:48:33.054333',22,54),(1226,0,0,'2023-04-06 10:48:33.054351',23,54),(1227,0,0,'2023-04-06 10:48:33.054368',24,54),(1228,0,0,'2023-04-06 10:48:33.054385',25,54),(1229,0,0,'2023-04-06 10:48:33.054403',26,54),(1230,1,1,'2023-04-06 10:48:33.057183',27,54),(1231,0,0,'2023-04-06 10:48:33.057212',28,54),(1232,0,0,'2023-04-06 10:48:33.057231',29,54),(1233,0,0,'2023-04-06 10:48:33.057249',30,54),(1234,0,0,'2023-04-06 10:48:33.057277',31,54),(1235,0,0,'2023-04-06 10:48:33.057295',32,54),(1236,0,0,'2023-04-06 10:48:33.057312',33,54),(1237,0,0,'2023-04-06 10:48:33.059740',34,54),(1238,0,0,'2023-04-06 10:48:33.059769',35,54),(1239,0,0,'2023-04-06 10:48:33.059788',36,54),(1240,1,1,'2023-04-06 10:48:33.062192',37,54),(1241,0,0,'2023-04-06 10:48:33.062221',38,54),(1242,0,0,'2023-04-06 10:48:33.062239',39,54),(1243,1,1,'2023-04-06 10:48:33.064587',40,54),(1244,0,0,'2023-04-06 10:48:33.064615',41,54),(1245,0,0,'2023-04-06 10:48:33.064634',42,54),(1276,0,0,'2023-04-06 20:22:28.294627',13,56),(1277,0,0,'2023-04-06 20:22:28.294659',14,56),(1278,0,0,'2023-04-06 20:22:28.294678',15,56),(1279,0,0,'2023-04-06 20:22:28.294696',16,56),(1280,0,0,'2023-04-06 20:22:28.294713',17,56),(1281,0,0,'2023-04-06 20:22:28.294731',18,56),(1282,0,0,'2023-04-06 20:22:28.294749',19,56),(1283,1,1,'2023-04-06 20:22:28.298014',20,56),(1284,0,0,'2023-04-06 20:22:28.298044',21,56),(1285,0,0,'2023-04-06 20:22:28.298064',22,56),(1286,0,0,'2023-04-06 20:22:28.298081',23,56),(1287,0,0,'2023-04-06 20:22:28.298099',24,56),(1288,0,0,'2023-04-06 20:22:28.298116',25,56),(1289,0,0,'2023-04-06 20:22:28.298134',26,56),(1290,0,0,'2023-04-06 20:22:28.300764',27,56),(1291,0,0,'2023-04-06 20:22:28.300794',28,56),(1292,0,0,'2023-04-06 20:22:28.300814',29,56),(1293,0,0,'2023-04-06 20:22:28.300832',30,56),(1294,0,0,'2023-04-06 20:22:28.300849',31,56),(1295,0,0,'2023-04-06 20:22:28.300867',32,56),(1296,0,0,'2023-04-06 20:22:28.300884',33,56),(1297,0,0,'2023-04-06 20:22:28.303334',34,56),(1298,0,0,'2023-04-06 20:22:28.303363',35,56),(1299,0,0,'2023-04-06 20:22:28.303382',36,56),(1300,0,0,'2023-04-06 20:22:28.305651',37,56),(1301,0,0,'2023-04-06 20:22:28.305680',38,56),(1302,0,0,'2023-04-06 20:22:28.305699',39,56),(1303,1,1,'2023-04-06 20:22:28.307938',40,56),(1304,3,1,'2023-04-06 20:22:28.307968',41,56),(1305,2,0,'2023-04-06 20:22:28.307987',42,56),(1306,0,0,'2023-04-06 20:23:30.374692',13,57),(1307,0,0,'2023-04-06 20:23:30.374723',14,57),(1308,0,0,'2023-04-06 20:23:30.374743',15,57),(1309,0,0,'2023-04-06 20:23:30.374761',16,57),(1310,0,0,'2023-04-06 20:23:30.374778',17,57),(1311,0,0,'2023-04-06 20:23:30.374796',18,57),(1312,0,0,'2023-04-06 20:23:30.374813',19,57),(1313,0,0,'2023-04-06 20:23:30.377397',20,57),(1314,0,0,'2023-04-06 20:23:30.377428',21,57),(1315,0,0,'2023-04-06 20:23:30.377447',22,57),(1316,0,0,'2023-04-06 20:23:30.377465',23,57),(1317,0,0,'2023-04-06 20:23:30.377482',24,57),(1318,0,0,'2023-04-06 20:23:30.377499',25,57),(1319,0,0,'2023-04-06 20:23:30.377517',26,57),(1320,0,0,'2023-04-06 20:23:30.380115',27,57),(1321,0,0,'2023-04-06 20:23:30.380144',28,57),(1322,0,0,'2023-04-06 20:23:30.380163',29,57),(1323,0,0,'2023-04-06 20:23:30.380180',30,57),(1324,0,0,'2023-04-06 20:23:30.380197',31,57),(1325,0,0,'2023-04-06 20:23:30.380214',32,57),(1326,0,0,'2023-04-06 20:23:30.380232',33,57),(1327,0,0,'2023-04-06 20:23:30.382613',34,57),(1328,0,0,'2023-04-06 20:23:30.382642',35,57),(1329,0,0,'2023-04-06 20:23:30.382661',36,57),(1330,0,0,'2023-04-06 20:23:30.384759',37,57),(1331,0,0,'2023-04-06 20:23:30.384787',38,57),(1332,0,0,'2023-04-06 20:23:30.384806',39,57),(1333,0,0,'2023-04-06 20:23:30.387019',40,57),(1334,0,0,'2023-04-06 20:23:30.387047',41,57),(1335,0,0,'2023-04-06 20:23:30.387067',42,57),(1336,0,0,'2023-04-06 20:24:01.354079',13,58),(1337,0,0,'2023-04-06 20:24:01.354109',14,58),(1338,0,0,'2023-04-06 20:24:01.354127',15,58),(1339,0,0,'2023-04-06 20:24:01.354150',16,58),(1340,0,0,'2023-04-06 20:24:01.354168',17,58),(1341,0,0,'2023-04-06 20:24:01.354186',18,58),(1342,0,0,'2023-04-06 20:24:01.354203',19,58),(1343,0,0,'2023-04-06 20:24:01.357141',20,58),(1344,0,0,'2023-04-06 20:24:01.357171',21,58),(1345,0,0,'2023-04-06 20:24:01.357190',22,58),(1346,0,0,'2023-04-06 20:24:01.357208',23,58),(1347,0,0,'2023-04-06 20:24:01.357226',24,58),(1348,0,0,'2023-04-06 20:24:01.357243',25,58),(1349,0,0,'2023-04-06 20:24:01.357260',26,58),(1350,0,0,'2023-04-06 20:24:01.360118',27,58),(1351,0,0,'2023-04-06 20:24:01.360146',28,58),(1352,0,0,'2023-04-06 20:24:01.360165',29,58),(1353,0,0,'2023-04-06 20:24:01.360182',30,58),(1354,0,0,'2023-04-06 20:24:01.360199',31,58),(1355,0,0,'2023-04-06 20:24:01.360217',32,58),(1356,0,0,'2023-04-06 20:24:01.360234',33,58),(1357,0,0,'2023-04-06 20:24:01.362651',34,58),(1358,0,0,'2023-04-06 20:24:01.362679',35,58),(1359,0,0,'2023-04-06 20:24:01.362698',36,58),(1360,0,0,'2023-04-06 20:24:01.364805',37,58),(1361,0,0,'2023-04-06 20:24:01.364834',38,58),(1362,0,0,'2023-04-06 20:24:01.364853',39,58),(1363,0,0,'2023-04-06 20:24:01.367087',40,58),(1364,0,0,'2023-04-06 20:24:01.367115',41,58),(1365,0,0,'2023-04-06 20:24:01.367135',42,58),(1366,0,0,'2023-04-06 20:24:36.408530',13,59),(1367,0,0,'2023-04-06 20:24:36.408559',14,59),(1368,0,0,'2023-04-06 20:24:36.408578',15,59),(1369,0,0,'2023-04-06 20:24:36.408596',16,59),(1370,0,0,'2023-04-06 20:24:36.408613',17,59),(1371,0,0,'2023-04-06 20:24:36.408630',18,59),(1372,0,0,'2023-04-06 20:24:36.408648',19,59),(1373,1,1,'2023-04-06 20:24:36.411479',20,59),(1374,1,0,'2023-04-06 20:24:36.411508',21,59),(1375,1,0,'2023-04-06 20:24:36.411527',22,59),(1376,1,0,'2023-04-06 20:24:36.411544',23,59),(1377,1,0,'2023-04-06 20:24:36.411562',24,59),(1378,1,0,'2023-04-06 20:24:36.411579',25,59),(1379,1,0,'2023-04-06 20:24:36.411596',26,59),(1380,0,0,'2023-04-06 20:24:36.414034',27,59),(1381,0,0,'2023-04-06 20:24:36.414062',28,59),(1382,0,0,'2023-04-06 20:24:36.414080',29,59),(1383,0,0,'2023-04-06 20:24:36.414098',30,59),(1384,0,0,'2023-04-06 20:24:36.414115',31,59),(1385,0,0,'2023-04-06 20:24:36.414132',32,59),(1386,0,0,'2023-04-06 20:24:36.414149',33,59),(1387,0,0,'2023-04-06 20:24:36.416698',34,59),(1388,0,0,'2023-04-06 20:24:36.416726',35,59),(1389,0,0,'2023-04-06 20:24:36.416745',36,59),(1390,1,1,'2023-04-06 20:24:36.418889',37,59),(1391,1,0,'2023-04-06 20:24:36.418917',38,59),(1392,1,0,'2023-04-06 20:24:36.418936',39,59),(1393,0,0,'2023-04-06 20:24:36.421102',40,59),(1394,0,0,'2023-04-06 20:24:36.421130',41,59),(1395,0,0,'2023-04-06 20:24:36.421149',42,59),(1396,0,0,'2023-04-11 16:12:19.417899',13,60),(1397,0,0,'2023-04-11 16:12:19.417936',14,60),(1398,0,0,'2023-04-11 16:12:19.417956',15,60),(1399,0,0,'2023-04-11 16:12:19.417974',16,60),(1400,0,0,'2023-04-11 16:12:19.417992',17,60),(1401,0,0,'2023-04-11 16:12:19.418010',18,60),(1402,0,0,'2023-04-11 16:12:19.418029',19,60),(1403,1,1,'2023-04-11 16:12:19.421077',20,60),(1404,0,0,'2023-04-11 16:12:19.421109',21,60),(1405,0,0,'2023-04-11 16:12:19.421128',22,60),(1406,0,0,'2023-04-11 16:12:19.421146',23,60),(1407,0,0,'2023-04-11 16:12:19.421163',24,60),(1408,0,0,'2023-04-11 16:12:19.421181',25,60),(1409,0,0,'2023-04-11 16:12:19.421198',26,60),(1410,0,0,'2023-04-11 16:12:19.425497',27,60),(1411,0,0,'2023-04-11 16:12:19.425528',28,60),(1412,0,0,'2023-04-11 16:12:19.425546',29,60),(1413,0,0,'2023-04-11 16:12:19.425564',30,60),(1414,0,0,'2023-04-11 16:12:19.425581',31,60),(1415,0,0,'2023-04-11 16:12:19.425599',32,60),(1416,0,0,'2023-04-11 16:12:19.425616',33,60),(1417,0,0,'2023-04-11 16:12:19.444765',34,60),(1418,0,0,'2023-04-11 16:12:19.444795',35,60),(1419,0,0,'2023-04-11 16:12:19.444814',36,60),(1420,0,0,'2023-04-11 16:12:19.447225',37,60),(1421,0,0,'2023-04-11 16:12:19.447254',38,60),(1422,0,0,'2023-04-11 16:12:19.447272',39,60),(1423,0,0,'2023-04-11 16:12:19.449338',40,60),(1424,0,0,'2023-04-11 16:12:19.449367',41,60),(1425,0,0,'2023-04-11 16:12:19.449386',42,60),(1426,0,0,'2023-04-11 16:12:46.766105',13,61),(1427,0,0,'2023-04-11 16:12:46.766137',14,61),(1428,0,0,'2023-04-11 16:12:46.766157',15,61),(1429,0,0,'2023-04-11 16:12:46.766174',16,61),(1430,0,0,'2023-04-11 16:12:46.766192',17,61),(1431,0,0,'2023-04-11 16:12:46.766209',18,61),(1432,0,0,'2023-04-11 16:12:46.766226',19,61),(1433,1,1,'2023-04-11 16:12:46.768973',20,61),(1434,0,0,'2023-04-11 16:12:46.769002',21,61),(1435,0,0,'2023-04-11 16:12:46.769020',22,61),(1436,0,0,'2023-04-11 16:12:46.769038',23,61),(1437,0,0,'2023-04-11 16:12:46.769055',24,61),(1438,0,0,'2023-04-11 16:12:46.769073',25,61),(1439,0,0,'2023-04-11 16:12:46.769090',26,61),(1440,0,0,'2023-04-11 16:12:46.772031',27,61),(1441,0,0,'2023-04-11 16:12:46.772060',28,61),(1442,0,0,'2023-04-11 16:12:46.772079',29,61),(1443,0,0,'2023-04-11 16:12:46.772096',30,61),(1444,0,0,'2023-04-11 16:12:46.772114',31,61),(1445,0,0,'2023-04-11 16:12:46.772131',32,61),(1446,0,0,'2023-04-11 16:12:46.772148',33,61),(1447,0,0,'2023-04-11 16:12:46.774467',34,61),(1448,0,0,'2023-04-11 16:12:46.774497',35,61),(1449,0,0,'2023-04-11 16:12:46.774516',36,61),(1450,0,0,'2023-04-11 16:12:46.776674',37,61),(1451,0,0,'2023-04-11 16:12:46.776702',38,61),(1452,0,0,'2023-04-11 16:12:46.776721',39,61),(1453,0,0,'2023-04-11 16:12:46.779038',40,61),(1454,0,0,'2023-04-11 16:12:46.779066',41,61),(1455,0,0,'2023-04-11 16:12:46.779085',42,61),(1456,0,0,'2023-04-11 16:15:44.638234',13,62),(1457,0,0,'2023-04-11 16:15:44.638265',14,62),(1458,0,0,'2023-04-11 16:15:44.638283',15,62),(1459,0,0,'2023-04-11 16:15:44.638301',16,62),(1460,0,0,'2023-04-11 16:15:44.638318',17,62),(1461,0,0,'2023-04-11 16:15:44.638336',18,62),(1462,0,0,'2023-04-11 16:15:44.638353',19,62),(1463,0,0,'2023-04-11 16:15:44.642465',20,62),(1464,0,0,'2023-04-11 16:15:44.642494',21,62),(1465,0,0,'2023-04-11 16:15:44.642513',22,62),(1466,0,0,'2023-04-11 16:15:44.642531',23,62),(1467,0,0,'2023-04-11 16:15:44.642548',24,62),(1468,0,0,'2023-04-11 16:15:44.642565',25,62),(1469,0,0,'2023-04-11 16:15:44.642583',26,62),(1470,0,0,'2023-04-11 16:15:44.647001',27,62),(1471,0,0,'2023-04-11 16:15:44.647031',28,62),(1472,0,0,'2023-04-11 16:15:44.647049',29,62),(1473,0,0,'2023-04-11 16:15:44.647067',30,62),(1474,0,0,'2023-04-11 16:15:44.647084',31,62),(1475,0,0,'2023-04-11 16:15:44.647101',32,62),(1476,0,0,'2023-04-11 16:15:44.647121',33,62),(1477,0,0,'2023-04-11 16:15:44.653010',34,62),(1478,0,0,'2023-04-11 16:15:44.653046',35,62),(1479,0,0,'2023-04-11 16:15:44.653072',36,62),(1480,0,0,'2023-04-11 16:15:44.660737',37,62),(1481,0,0,'2023-04-11 16:15:44.660766',38,62),(1482,0,0,'2023-04-11 16:15:44.660785',39,62),(1483,0,0,'2023-04-11 16:15:44.670793',40,62),(1484,0,0,'2023-04-11 16:15:44.670823',41,62),(1485,0,0,'2023-04-11 16:15:44.670842',42,62),(1486,0,0,'2023-04-11 16:18:05.589646',13,63),(1487,0,0,'2023-04-11 16:18:05.589678',14,63),(1488,0,0,'2023-04-11 16:18:05.589697',15,63),(1489,0,0,'2023-04-11 16:18:05.589715',16,63),(1490,0,0,'2023-04-11 16:18:05.589733',17,63),(1491,0,0,'2023-04-11 16:18:05.589750',18,63),(1492,0,0,'2023-04-11 16:18:05.589768',19,63),(1493,0,0,'2023-04-11 16:18:05.592953',20,63),(1494,0,0,'2023-04-11 16:18:05.592983',21,63),(1495,0,0,'2023-04-11 16:18:05.593001',22,63),(1496,0,0,'2023-04-11 16:18:05.593019',23,63),(1497,0,0,'2023-04-11 16:18:05.593037',24,63),(1498,0,0,'2023-04-11 16:18:05.593055',25,63),(1499,0,0,'2023-04-11 16:18:05.593072',26,63),(1500,0,0,'2023-04-11 16:18:05.595684',27,63),(1501,0,0,'2023-04-11 16:18:05.595713',28,63),(1502,0,0,'2023-04-11 16:18:05.595732',29,63),(1503,0,0,'2023-04-11 16:18:05.595750',30,63),(1504,0,0,'2023-04-11 16:18:05.595768',31,63),(1505,0,0,'2023-04-11 16:18:05.595786',32,63),(1506,0,0,'2023-04-11 16:18:05.595804',33,63),(1507,0,0,'2023-04-11 16:18:05.598052',34,63),(1508,0,0,'2023-04-11 16:18:05.598081',35,63),(1509,0,0,'2023-04-11 16:18:05.598100',36,63),(1510,0,0,'2023-04-11 16:18:05.651416',37,63),(1511,0,0,'2023-04-11 16:18:05.651447',38,63),(1512,0,0,'2023-04-11 16:18:05.651466',39,63),(1513,0,0,'2023-04-11 16:18:05.653658',40,63),(1514,0,0,'2023-04-11 16:18:05.653687',41,63),(1515,0,0,'2023-04-11 16:18:05.653706',42,63),(1516,0,0,'2023-04-11 19:43:00.194770',13,64),(1517,0,0,'2023-04-11 19:43:00.194801',14,64),(1518,0,0,'2023-04-11 19:43:00.194821',15,64),(1519,0,0,'2023-04-11 19:43:00.194849',16,64),(1520,0,0,'2023-04-11 19:43:00.194867',17,64),(1521,0,0,'2023-04-11 19:43:00.194884',18,64),(1522,0,0,'2023-04-11 19:43:00.194902',19,64),(1523,0,0,'2023-04-11 19:43:00.197526',20,64),(1524,0,0,'2023-04-11 19:43:00.197555',21,64),(1525,0,0,'2023-04-11 19:43:00.197574',22,64),(1526,0,0,'2023-04-11 19:43:00.197591',23,64),(1527,0,0,'2023-04-11 19:43:00.197609',24,64),(1528,0,0,'2023-04-11 19:43:00.197626',25,64),(1529,0,0,'2023-04-11 19:43:00.197644',26,64),(1530,0,0,'2023-04-11 19:43:00.200232',27,64),(1531,0,0,'2023-04-11 19:43:00.200262',28,64),(1532,0,0,'2023-04-11 19:43:00.200281',29,64),(1533,0,0,'2023-04-11 19:43:00.200298',30,64),(1534,0,0,'2023-04-11 19:43:00.200316',31,64),(1535,0,0,'2023-04-11 19:43:00.200333',32,64),(1536,0,0,'2023-04-11 19:43:00.200351',33,64),(1537,0,0,'2023-04-11 19:43:00.208271',34,64),(1538,0,0,'2023-04-11 19:43:00.208300',35,64),(1539,0,0,'2023-04-11 19:43:00.208318',36,64),(1540,0,0,'2023-04-11 19:43:00.210444',37,64),(1541,0,0,'2023-04-11 19:43:00.210472',38,64),(1542,0,0,'2023-04-11 19:43:00.210491',39,64),(1543,0,0,'2023-04-11 19:43:00.255850',40,64),(1544,0,0,'2023-04-11 19:43:00.255879',41,64),(1545,0,0,'2023-04-11 19:43:00.255897',42,64),(1546,0,0,'2023-04-11 19:44:24.429747',13,65),(1547,0,0,'2023-04-11 19:44:24.429779',14,65),(1548,0,0,'2023-04-11 19:44:24.429798',15,65),(1549,0,0,'2023-04-11 19:44:24.429816',16,65),(1550,0,0,'2023-04-11 19:44:24.429834',17,65),(1551,0,0,'2023-04-11 19:44:24.429852',18,65),(1552,0,0,'2023-04-11 19:44:24.429870',19,65),(1553,0,0,'2023-04-11 19:44:24.432984',20,65),(1554,0,0,'2023-04-11 19:44:24.433015',21,65),(1555,0,0,'2023-04-11 19:44:24.433034',22,65),(1556,0,0,'2023-04-11 19:44:24.433052',23,65),(1557,0,0,'2023-04-11 19:44:24.433070',24,65),(1558,0,0,'2023-04-11 19:44:24.433088',25,65),(1559,0,0,'2023-04-11 19:44:24.433105',26,65),(1560,0,0,'2023-04-11 19:44:24.435934',27,65),(1561,0,0,'2023-04-11 19:44:24.435965',28,65),(1562,0,0,'2023-04-11 19:44:24.435985',29,65),(1563,0,0,'2023-04-11 19:44:24.436002',30,65),(1564,0,0,'2023-04-11 19:44:24.436020',31,65),(1565,0,0,'2023-04-11 19:44:24.436038',32,65),(1566,0,0,'2023-04-11 19:44:24.436056',33,65),(1567,0,0,'2023-04-11 19:44:24.438603',34,65),(1568,0,0,'2023-04-11 19:44:24.438633',35,65),(1569,0,0,'2023-04-11 19:44:24.438652',36,65),(1570,0,0,'2023-04-11 19:44:24.441178',37,65),(1571,0,0,'2023-04-11 19:44:24.441208',38,65),(1572,0,0,'2023-04-11 19:44:24.441227',39,65),(1573,0,0,'2023-04-11 19:44:24.443628',40,65),(1574,0,0,'2023-04-11 19:44:24.443658',41,65),(1575,0,0,'2023-04-11 19:44:24.443677',42,65),(1576,0,0,'2023-04-11 19:44:49.554090',13,66),(1577,0,0,'2023-04-11 19:44:49.554121',14,66),(1578,0,0,'2023-04-11 19:44:49.554139',15,66),(1579,0,0,'2023-04-11 19:44:49.554157',16,66),(1580,0,0,'2023-04-11 19:44:49.554175',17,66),(1581,0,0,'2023-04-11 19:44:49.554193',18,66),(1582,0,0,'2023-04-11 19:44:49.554210',19,66),(1583,0,0,'2023-04-11 19:44:49.557115',20,66),(1584,0,0,'2023-04-11 19:44:49.557146',21,66),(1585,0,0,'2023-04-11 19:44:49.557164',22,66),(1586,0,0,'2023-04-11 19:44:49.557181',23,66),(1587,0,0,'2023-04-11 19:44:49.557198',24,66),(1588,0,0,'2023-04-11 19:44:49.557216',25,66),(1589,0,0,'2023-04-11 19:44:49.557233',26,66),(1590,0,0,'2023-04-11 19:44:49.559880',27,66),(1591,0,0,'2023-04-11 19:44:49.559908',28,66),(1592,0,0,'2023-04-11 19:44:49.559927',29,66),(1593,0,0,'2023-04-11 19:44:49.559945',30,66),(1594,0,0,'2023-04-11 19:44:49.559962',31,66),(1595,0,0,'2023-04-11 19:44:49.559979',32,66),(1596,0,0,'2023-04-11 19:44:49.559997',33,66),(1597,0,0,'2023-04-11 19:44:49.562643',34,66),(1598,0,0,'2023-04-11 19:44:49.562672',35,66),(1599,0,0,'2023-04-11 19:44:49.562691',36,66),(1600,0,0,'2023-04-11 19:44:49.564788',37,66),(1601,0,0,'2023-04-11 19:44:49.564817',38,66),(1602,0,0,'2023-04-11 19:44:49.564836',39,66),(1603,0,0,'2023-04-11 19:44:49.567148',40,66),(1604,0,0,'2023-04-11 19:44:49.567176',41,66),(1605,0,0,'2023-04-11 19:44:49.567195',42,66),(1606,0,0,'2023-04-11 19:49:41.108410',13,67),(1607,0,0,'2023-04-11 19:49:41.108441',14,67),(1608,0,0,'2023-04-11 19:49:41.108460',15,67),(1609,0,0,'2023-04-11 19:49:41.108478',16,67),(1610,0,0,'2023-04-11 19:49:41.108496',17,67),(1611,0,0,'2023-04-11 19:49:41.108514',18,67),(1612,0,0,'2023-04-11 19:49:41.108532',19,67),(1613,0,0,'2023-04-11 19:49:41.153867',20,67),(1614,0,0,'2023-04-11 19:49:41.153898',21,67),(1615,0,0,'2023-04-11 19:49:41.153917',22,67),(1616,0,0,'2023-04-11 19:49:41.153935',23,67),(1617,0,0,'2023-04-11 19:49:41.153953',24,67),(1618,0,0,'2023-04-11 19:49:41.153970',25,67),(1619,0,0,'2023-04-11 19:49:41.153988',26,67),(1620,0,0,'2023-04-11 19:49:41.158175',27,67),(1621,0,0,'2023-04-11 19:49:41.158205',28,67),(1622,0,0,'2023-04-11 19:49:41.158224',29,67),(1623,0,0,'2023-04-11 19:49:41.158242',30,67),(1624,0,0,'2023-04-11 19:49:41.158260',31,67),(1625,0,0,'2023-04-11 19:49:41.158277',32,67),(1626,0,0,'2023-04-11 19:49:41.158295',33,67),(1627,0,0,'2023-04-11 19:49:41.160655',34,67),(1628,0,0,'2023-04-11 19:49:41.160684',35,67),(1629,0,0,'2023-04-11 19:49:41.160703',36,67),(1630,0,0,'2023-04-11 19:49:41.162889',37,67),(1631,0,0,'2023-04-11 19:49:41.162918',38,67),(1632,0,0,'2023-04-11 19:49:41.162937',39,67),(1633,0,0,'2023-04-11 19:49:41.165272',40,67),(1634,0,0,'2023-04-11 19:49:41.165301',41,67),(1635,0,0,'2023-04-11 19:49:41.165320',42,67),(1636,0,0,'2023-04-11 19:50:10.086106',13,68),(1637,0,0,'2023-04-11 19:50:10.086137',14,68),(1638,0,0,'2023-04-11 19:50:10.086156',15,68),(1639,0,0,'2023-04-11 19:50:10.086173',16,68),(1640,0,0,'2023-04-11 19:50:10.086191',17,68),(1641,0,0,'2023-04-11 19:50:10.086208',18,68),(1642,0,0,'2023-04-11 19:50:10.086226',19,68),(1643,0,0,'2023-04-11 19:50:10.088871',20,68),(1644,0,0,'2023-04-11 19:50:10.088901',21,68),(1645,0,0,'2023-04-11 19:50:10.088919',22,68),(1646,0,0,'2023-04-11 19:50:10.088937',23,68),(1647,0,0,'2023-04-11 19:50:10.088955',24,68),(1648,0,0,'2023-04-11 19:50:10.088972',25,68),(1649,0,0,'2023-04-11 19:50:10.088990',26,68),(1650,0,0,'2023-04-11 19:50:10.143697',27,68),(1651,0,0,'2023-04-11 19:50:10.143726',28,68),(1652,0,0,'2023-04-11 19:50:10.143744',29,68),(1653,0,0,'2023-04-11 19:50:10.143762',30,68),(1654,0,0,'2023-04-11 19:50:10.143779',31,68),(1655,0,0,'2023-04-11 19:50:10.143797',32,68),(1656,0,0,'2023-04-11 19:50:10.143814',33,68),(1657,0,0,'2023-04-11 19:50:10.146319',34,68),(1658,0,0,'2023-04-11 19:50:10.146348',35,68),(1659,0,0,'2023-04-11 19:50:10.146366',36,68),(1660,0,0,'2023-04-11 19:50:10.148486',37,68),(1661,0,0,'2023-04-11 19:50:10.148515',38,68),(1662,0,0,'2023-04-11 19:50:10.148534',39,68),(1663,0,0,'2023-04-11 19:50:10.150732',40,68),(1664,0,0,'2023-04-11 19:50:10.150761',41,68),(1665,0,0,'2023-04-11 19:50:10.150780',42,68),(1666,0,0,'2023-04-11 19:50:35.469352',13,69),(1667,0,0,'2023-04-11 19:50:35.469382',14,69),(1668,0,0,'2023-04-11 19:50:35.469401',15,69),(1669,0,0,'2023-04-11 19:50:35.469419',16,69),(1670,0,0,'2023-04-11 19:50:35.469437',17,69),(1671,0,0,'2023-04-11 19:50:35.469454',18,69),(1672,0,0,'2023-04-11 19:50:35.469472',19,69),(1673,0,0,'2023-04-11 19:50:35.529207',20,69),(1674,0,0,'2023-04-11 19:50:35.529238',21,69),(1675,0,0,'2023-04-11 19:50:35.529257',22,69),(1676,0,0,'2023-04-11 19:50:35.529275',23,69),(1677,0,0,'2023-04-11 19:50:35.529293',24,69),(1678,0,0,'2023-04-11 19:50:35.529311',25,69),(1679,0,0,'2023-04-11 19:50:35.529328',26,69),(1680,0,0,'2023-04-11 19:50:35.532335',27,69),(1681,0,0,'2023-04-11 19:50:35.532365',28,69),(1682,0,0,'2023-04-11 19:50:35.532383',29,69),(1683,0,0,'2023-04-11 19:50:35.532401',30,69),(1684,0,0,'2023-04-11 19:50:35.532419',31,69),(1685,0,0,'2023-04-11 19:50:35.532436',32,69),(1686,0,0,'2023-04-11 19:50:35.532453',33,69),(1687,0,0,'2023-04-11 19:50:35.557495',34,69),(1688,0,0,'2023-04-11 19:50:35.557524',35,69),(1689,0,0,'2023-04-11 19:50:35.557543',36,69),(1690,0,0,'2023-04-11 19:50:35.560293',37,69),(1691,0,0,'2023-04-11 19:50:35.560322',38,69),(1692,0,0,'2023-04-11 19:50:35.560341',39,69),(1693,0,0,'2023-04-11 19:50:35.562494',40,69),(1694,0,0,'2023-04-11 19:50:35.562524',41,69),(1695,0,0,'2023-04-11 19:50:35.562542',42,69),(1696,0,0,'2023-04-11 19:50:58.481604',13,70),(1697,0,0,'2023-04-11 19:50:58.481636',14,70),(1698,0,0,'2023-04-11 19:50:58.481655',15,70),(1699,0,0,'2023-04-11 19:50:58.481673',16,70),(1700,0,0,'2023-04-11 19:50:58.481690',17,70),(1701,0,0,'2023-04-11 19:50:58.481708',18,70),(1702,0,0,'2023-04-11 19:50:58.481725',19,70),(1703,0,0,'2023-04-11 19:50:58.484363',20,70),(1704,0,0,'2023-04-11 19:50:58.484393',21,70),(1705,0,0,'2023-04-11 19:50:58.484412',22,70),(1706,0,0,'2023-04-11 19:50:58.484429',23,70),(1707,0,0,'2023-04-11 19:50:58.484447',24,70),(1708,0,0,'2023-04-11 19:50:58.484464',25,70),(1709,0,0,'2023-04-11 19:50:58.484482',26,70),(1710,0,0,'2023-04-11 19:50:58.487043',27,70),(1711,0,0,'2023-04-11 19:50:58.487072',28,70),(1712,0,0,'2023-04-11 19:50:58.487091',29,70),(1713,0,0,'2023-04-11 19:50:58.487109',30,70),(1714,0,0,'2023-04-11 19:50:58.487126',31,70),(1715,0,0,'2023-04-11 19:50:58.487143',32,70),(1716,0,0,'2023-04-11 19:50:58.487172',33,70),(1717,0,0,'2023-04-11 19:50:58.489496',34,70),(1718,0,0,'2023-04-11 19:50:58.489526',35,70),(1719,0,0,'2023-04-11 19:50:58.489545',36,70),(1720,0,0,'2023-04-11 19:50:58.491782',37,70),(1721,0,0,'2023-04-11 19:50:58.491811',38,70),(1722,0,0,'2023-04-11 19:50:58.491832',39,70),(1723,0,0,'2023-04-11 19:50:58.493855',40,70),(1724,0,0,'2023-04-11 19:50:58.493884',41,70),(1725,0,0,'2023-04-11 19:50:58.493903',42,70),(1726,0,0,'2023-04-11 19:51:26.198045',13,71),(1727,0,0,'2023-04-11 19:51:26.198076',14,71),(1728,0,0,'2023-04-11 19:51:26.198095',15,71),(1729,0,0,'2023-04-11 19:51:26.198112',16,71),(1730,0,0,'2023-04-11 19:51:26.198129',17,71),(1731,0,0,'2023-04-11 19:51:26.198147',18,71),(1732,0,0,'2023-04-11 19:51:26.198164',19,71),(1733,0,0,'2023-04-11 19:51:26.200888',20,71),(1734,0,0,'2023-04-11 19:51:26.200917',21,71),(1735,0,0,'2023-04-11 19:51:26.200935',22,71),(1736,0,0,'2023-04-11 19:51:26.200953',23,71),(1737,0,0,'2023-04-11 19:51:26.200970',24,71),(1738,0,0,'2023-04-11 19:51:26.200988',25,71),(1739,0,0,'2023-04-11 19:51:26.201005',26,71),(1740,0,0,'2023-04-11 19:51:26.203654',27,71),(1741,0,0,'2023-04-11 19:51:26.203682',28,71),(1742,0,0,'2023-04-11 19:51:26.203701',29,71),(1743,0,0,'2023-04-11 19:51:26.203719',30,71),(1744,0,0,'2023-04-11 19:51:26.203737',31,71),(1745,0,0,'2023-04-11 19:51:26.203754',32,71),(1746,0,0,'2023-04-11 19:51:26.203771',33,71),(1747,0,0,'2023-04-11 19:51:26.205986',34,71),(1748,0,0,'2023-04-11 19:51:26.206014',35,71),(1749,0,0,'2023-04-11 19:51:26.206033',36,71),(1750,0,0,'2023-04-11 19:51:26.208109',37,71),(1751,0,0,'2023-04-11 19:51:26.208137',38,71),(1752,0,0,'2023-04-11 19:51:26.208156',39,71),(1753,0,0,'2023-04-11 19:51:26.210176',40,71),(1754,0,0,'2023-04-11 19:51:26.210204',41,71),(1755,0,0,'2023-04-11 19:51:26.210223',42,71),(1756,0,0,'2023-04-11 19:51:55.862721',13,72),(1757,0,0,'2023-04-11 19:51:55.862753',14,72),(1758,0,0,'2023-04-11 19:51:55.862773',15,72),(1759,0,0,'2023-04-11 19:51:55.862791',16,72),(1760,0,0,'2023-04-11 19:51:55.862809',17,72),(1761,0,0,'2023-04-11 19:51:55.862826',18,72),(1762,0,0,'2023-04-11 19:51:55.862844',19,72),(1763,0,0,'2023-04-11 19:51:55.865382',20,72),(1764,0,0,'2023-04-11 19:51:55.865413',21,72),(1765,0,0,'2023-04-11 19:51:55.865431',22,72),(1766,0,0,'2023-04-11 19:51:55.865449',23,72),(1767,0,0,'2023-04-11 19:51:55.865467',24,72),(1768,0,0,'2023-04-11 19:51:55.865484',25,72),(1769,0,0,'2023-04-11 19:51:55.865501',26,72),(1770,0,0,'2023-04-11 19:51:55.869380',27,72),(1771,0,0,'2023-04-11 19:51:55.869409',28,72),(1772,0,0,'2023-04-11 19:51:55.869428',29,72),(1773,0,0,'2023-04-11 19:51:55.869446',30,72),(1774,0,0,'2023-04-11 19:51:55.869464',31,72),(1775,0,0,'2023-04-11 19:51:55.869481',32,72),(1776,0,0,'2023-04-11 19:51:55.869498',33,72),(1777,0,0,'2023-04-11 19:51:55.872031',34,72),(1778,0,0,'2023-04-11 19:51:55.872061',35,72),(1779,0,0,'2023-04-11 19:51:55.872080',36,72),(1780,0,0,'2023-04-11 19:51:55.874202',37,72),(1781,0,0,'2023-04-11 19:51:55.874231',38,72),(1782,0,0,'2023-04-11 19:51:55.874250',39,72),(1783,0,0,'2023-04-11 19:51:55.876355',40,72),(1784,0,0,'2023-04-11 19:51:55.876383',41,72),(1785,0,0,'2023-04-11 19:51:55.876402',42,72),(1786,0,0,'2023-04-11 19:52:21.134662',13,73),(1787,0,0,'2023-04-11 19:52:21.134694',14,73),(1788,0,0,'2023-04-11 19:52:21.134713',15,73),(1789,0,0,'2023-04-11 19:52:21.134731',16,73),(1790,0,0,'2023-04-11 19:52:21.134749',17,73),(1791,0,0,'2023-04-11 19:52:21.134766',18,73),(1792,0,0,'2023-04-11 19:52:21.134784',19,73),(1793,0,0,'2023-04-11 19:52:21.137431',20,73),(1794,0,0,'2023-04-11 19:52:21.137462',21,73),(1795,0,0,'2023-04-11 19:52:21.137481',22,73),(1796,0,0,'2023-04-11 19:52:21.137499',23,73),(1797,0,0,'2023-04-11 19:52:21.137517',24,73),(1798,0,0,'2023-04-11 19:52:21.137535',25,73),(1799,0,0,'2023-04-11 19:52:21.137553',26,73),(1800,0,0,'2023-04-11 19:52:21.140181',27,73),(1801,0,0,'2023-04-11 19:52:21.140211',28,73),(1802,0,0,'2023-04-11 19:52:21.140230',29,73),(1803,0,0,'2023-04-11 19:52:21.140248',30,73),(1804,0,0,'2023-04-11 19:52:21.140265',31,73),(1805,0,0,'2023-04-11 19:52:21.140282',32,73),(1806,0,0,'2023-04-11 19:52:21.140300',33,73),(1807,0,0,'2023-04-11 19:52:21.142711',34,73),(1808,0,0,'2023-04-11 19:52:21.142741',35,73),(1809,0,0,'2023-04-11 19:52:21.142760',36,73),(1810,0,0,'2023-04-11 19:52:21.144964',37,73),(1811,0,0,'2023-04-11 19:52:21.144994',38,73),(1812,0,0,'2023-04-11 19:52:21.145013',39,73),(1813,0,0,'2023-04-11 19:52:21.147329',40,73),(1814,0,0,'2023-04-11 19:52:21.147359',41,73),(1815,0,0,'2023-04-11 19:52:21.147378',42,73),(1816,0,0,'2023-04-11 19:52:44.329442',13,74),(1817,0,0,'2023-04-11 19:52:44.329473',14,74),(1818,0,0,'2023-04-11 19:52:44.329492',15,74),(1819,0,0,'2023-04-11 19:52:44.329510',16,74),(1820,0,0,'2023-04-11 19:52:44.329528',17,74),(1821,0,0,'2023-04-11 19:52:44.329545',18,74),(1822,0,0,'2023-04-11 19:52:44.329563',19,74),(1823,0,0,'2023-04-11 19:52:44.332249',20,74),(1824,0,0,'2023-04-11 19:52:44.332278',21,74),(1825,0,0,'2023-04-11 19:52:44.332297',22,74),(1826,0,0,'2023-04-11 19:52:44.332315',23,74),(1827,0,0,'2023-04-11 19:52:44.332332',24,74),(1828,0,0,'2023-04-11 19:52:44.332349',25,74),(1829,0,0,'2023-04-11 19:52:44.332367',26,74),(1830,0,0,'2023-04-11 19:52:44.334932',27,74),(1831,0,0,'2023-04-11 19:52:44.334962',28,74),(1832,0,0,'2023-04-11 19:52:44.334981',29,74),(1833,0,0,'2023-04-11 19:52:44.334998',30,74),(1834,0,0,'2023-04-11 19:52:44.335016',31,74),(1835,0,0,'2023-04-11 19:52:44.335034',32,74),(1836,0,0,'2023-04-11 19:52:44.335051',33,74),(1837,0,0,'2023-04-11 19:52:44.337447',34,74),(1838,0,0,'2023-04-11 19:52:44.337476',35,74),(1839,0,0,'2023-04-11 19:52:44.337496',36,74),(1840,0,0,'2023-04-11 19:52:44.339639',37,74),(1841,0,0,'2023-04-11 19:52:44.339668',38,74),(1842,0,0,'2023-04-11 19:52:44.339687',39,74),(1843,0,0,'2023-04-11 19:52:44.341805',40,74),(1844,0,0,'2023-04-11 19:52:44.341834',41,74),(1845,0,0,'2023-04-11 19:52:44.341852',42,74),(1846,0,0,'2023-04-11 19:53:09.611126',13,75),(1847,0,0,'2023-04-11 19:53:09.611157',14,75),(1848,0,0,'2023-04-11 19:53:09.611176',15,75),(1849,0,0,'2023-04-11 19:53:09.611193',16,75),(1850,0,0,'2023-04-11 19:53:09.611211',17,75),(1851,0,0,'2023-04-11 19:53:09.611228',18,75),(1852,0,0,'2023-04-11 19:53:09.611245',19,75),(1853,0,0,'2023-04-11 19:53:09.613748',20,75),(1854,0,0,'2023-04-11 19:53:09.613777',21,75),(1855,0,0,'2023-04-11 19:53:09.613796',22,75),(1856,0,0,'2023-04-11 19:53:09.613813',23,75),(1857,0,0,'2023-04-11 19:53:09.613830',24,75),(1858,0,0,'2023-04-11 19:53:09.613847',25,75),(1859,0,0,'2023-04-11 19:53:09.613864',26,75),(1860,0,0,'2023-04-11 19:53:09.616305',27,75),(1861,0,0,'2023-04-11 19:53:09.616334',28,75),(1862,0,0,'2023-04-11 19:53:09.616352',29,75),(1863,0,0,'2023-04-11 19:53:09.616370',30,75),(1864,0,0,'2023-04-11 19:53:09.616387',31,75),(1865,0,0,'2023-04-11 19:53:09.616404',32,75),(1866,0,0,'2023-04-11 19:53:09.616421',33,75),(1867,0,0,'2023-04-11 19:53:09.618820',34,75),(1868,0,0,'2023-04-11 19:53:09.618849',35,75),(1869,0,0,'2023-04-11 19:53:09.618867',36,75),(1870,0,0,'2023-04-11 19:53:09.620921',37,75),(1871,0,0,'2023-04-11 19:53:09.620949',38,75),(1872,0,0,'2023-04-11 19:53:09.620968',39,75),(1873,0,0,'2023-04-11 19:53:09.623190',40,75),(1874,0,0,'2023-04-11 19:53:09.623219',41,75),(1875,0,0,'2023-04-11 19:53:09.623237',42,75),(1876,0,0,'2023-04-11 19:53:29.890553',13,76),(1877,0,0,'2023-04-11 19:53:29.890584',14,76),(1878,0,0,'2023-04-11 19:53:29.890603',15,76),(1879,0,0,'2023-04-11 19:53:29.890621',16,76),(1880,0,0,'2023-04-11 19:53:29.890639',17,76),(1881,0,0,'2023-04-11 19:53:29.890656',18,76),(1882,0,0,'2023-04-11 19:53:29.890674',19,76),(1883,0,0,'2023-04-11 19:53:29.893167',20,76),(1884,0,0,'2023-04-11 19:53:29.893196',21,76),(1885,0,0,'2023-04-11 19:53:29.893215',22,76),(1886,0,0,'2023-04-11 19:53:29.893233',23,76),(1887,0,0,'2023-04-11 19:53:29.893251',24,76),(1888,0,0,'2023-04-11 19:53:29.893268',25,76),(1889,0,0,'2023-04-11 19:53:29.893285',26,76),(1890,0,0,'2023-04-11 19:53:29.895944',27,76),(1891,0,0,'2023-04-11 19:53:29.895972',28,76),(1892,0,0,'2023-04-11 19:53:29.895991',29,76),(1893,0,0,'2023-04-11 19:53:29.896009',30,76),(1894,0,0,'2023-04-11 19:53:29.896027',31,76),(1895,0,0,'2023-04-11 19:53:29.896044',32,76),(1896,0,0,'2023-04-11 19:53:29.896061',33,76),(1897,0,0,'2023-04-11 19:53:29.898324',34,76),(1898,0,0,'2023-04-11 19:53:29.898354',35,76),(1899,0,0,'2023-04-11 19:53:29.898372',36,76),(1900,0,0,'2023-04-11 19:53:29.900427',37,76),(1901,0,0,'2023-04-11 19:53:29.900455',38,76),(1902,0,0,'2023-04-11 19:53:29.900474',39,76),(1903,0,0,'2023-04-11 19:53:29.902764',40,76),(1904,0,0,'2023-04-11 19:53:29.902793',41,76),(1905,0,0,'2023-04-11 19:53:29.902812',42,76),(1906,0,0,'2023-04-11 19:53:49.467568',13,77),(1907,0,0,'2023-04-11 19:53:49.467598',14,77),(1908,0,0,'2023-04-11 19:53:49.467616',15,77),(1909,0,0,'2023-04-11 19:53:49.467634',16,77),(1910,0,0,'2023-04-11 19:53:49.467652',17,77),(1911,0,0,'2023-04-11 19:53:49.467670',18,77),(1912,0,0,'2023-04-11 19:53:49.467687',19,77),(1913,0,0,'2023-04-11 19:53:49.470178',20,77),(1914,0,0,'2023-04-11 19:53:49.470207',21,77),(1915,0,0,'2023-04-11 19:53:49.470225',22,77),(1916,0,0,'2023-04-11 19:53:49.470243',23,77),(1917,0,0,'2023-04-11 19:53:49.470261',24,77),(1918,0,0,'2023-04-11 19:53:49.470279',25,77),(1919,0,0,'2023-04-11 19:53:49.470296',26,77),(1920,0,0,'2023-04-11 19:53:49.472735',27,77),(1921,0,0,'2023-04-11 19:53:49.472764',28,77),(1922,0,0,'2023-04-11 19:53:49.472783',29,77),(1923,0,0,'2023-04-11 19:53:49.472801',30,77),(1924,0,0,'2023-04-11 19:53:49.472819',31,77),(1925,0,0,'2023-04-11 19:53:49.472836',32,77),(1926,0,0,'2023-04-11 19:53:49.472862',33,77),(1927,0,0,'2023-04-11 19:53:49.475636',34,77),(1928,0,0,'2023-04-11 19:53:49.475665',35,77),(1929,0,0,'2023-04-11 19:53:49.475684',36,77),(1930,0,0,'2023-04-11 19:53:49.477903',37,77),(1931,0,0,'2023-04-11 19:53:49.477932',38,77),(1932,0,0,'2023-04-11 19:53:49.477951',39,77),(1933,0,0,'2023-04-11 19:53:49.480030',40,77),(1934,0,0,'2023-04-11 19:53:49.480059',41,77),(1935,0,0,'2023-04-11 19:53:49.480078',42,77),(1936,0,0,'2023-04-11 19:54:10.418879',13,78),(1937,0,0,'2023-04-11 19:54:10.418911',14,78),(1938,0,0,'2023-04-11 19:54:10.418929',15,78),(1939,0,0,'2023-04-11 19:54:10.418948',16,78),(1940,0,0,'2023-04-11 19:54:10.418965',17,78),(1941,0,0,'2023-04-11 19:54:10.418983',18,78),(1942,0,0,'2023-04-11 19:54:10.419000',19,78),(1943,0,0,'2023-04-11 19:54:10.421689',20,78),(1944,0,0,'2023-04-11 19:54:10.421720',21,78),(1945,0,0,'2023-04-11 19:54:10.421739',22,78),(1946,0,0,'2023-04-11 19:54:10.421756',23,78),(1947,0,0,'2023-04-11 19:54:10.421774',24,78),(1948,0,0,'2023-04-11 19:54:10.421791',25,78),(1949,0,0,'2023-04-11 19:54:10.421808',26,78),(1950,0,0,'2023-04-11 19:54:10.424479',27,78),(1951,0,0,'2023-04-11 19:54:10.424508',28,78),(1952,0,0,'2023-04-11 19:54:10.424526',29,78),(1953,0,0,'2023-04-11 19:54:10.424544',30,78),(1954,0,0,'2023-04-11 19:54:10.424561',31,78),(1955,0,0,'2023-04-11 19:54:10.424579',32,78),(1956,0,0,'2023-04-11 19:54:10.424596',33,78),(1957,0,0,'2023-04-11 19:54:10.427186',34,78),(1958,0,0,'2023-04-11 19:54:10.427216',35,78),(1959,0,0,'2023-04-11 19:54:10.427234',36,78),(1960,0,0,'2023-04-11 19:54:10.429752',37,78),(1961,0,0,'2023-04-11 19:54:10.429781',38,78),(1962,0,0,'2023-04-11 19:54:10.429800',39,78),(1963,0,0,'2023-04-11 19:54:10.432201',40,78),(1964,0,0,'2023-04-11 19:54:10.432231',41,78),(1965,0,0,'2023-04-11 19:54:10.432250',42,78),(1966,0,0,'2023-04-11 19:54:29.751545',13,79),(1967,0,0,'2023-04-11 19:54:29.751575',14,79),(1968,0,0,'2023-04-11 19:54:29.751594',15,79),(1969,0,0,'2023-04-11 19:54:29.751612',16,79),(1970,0,0,'2023-04-11 19:54:29.751630',17,79),(1971,0,0,'2023-04-11 19:54:29.751647',18,79),(1972,0,0,'2023-04-11 19:54:29.751664',19,79),(1973,0,0,'2023-04-11 19:54:29.754205',20,79),(1974,0,0,'2023-04-11 19:54:29.754234',21,79),(1975,0,0,'2023-04-11 19:54:29.754253',22,79),(1976,0,0,'2023-04-11 19:54:29.754271',23,79),(1977,0,0,'2023-04-11 19:54:29.754288',24,79),(1978,0,0,'2023-04-11 19:54:29.754306',25,79),(1979,0,0,'2023-04-11 19:54:29.754323',26,79),(1980,0,0,'2023-04-11 19:54:29.756908',27,79),(1981,0,0,'2023-04-11 19:54:29.756937',28,79),(1982,0,0,'2023-04-11 19:54:29.756956',29,79),(1983,0,0,'2023-04-11 19:54:29.756973',30,79),(1984,0,0,'2023-04-11 19:54:29.756991',31,79),(1985,0,0,'2023-04-11 19:54:29.757008',32,79),(1986,0,0,'2023-04-11 19:54:29.757025',33,79),(1987,0,0,'2023-04-11 19:54:29.759811',34,79),(1988,0,0,'2023-04-11 19:54:29.759840',35,79),(1989,0,0,'2023-04-11 19:54:29.759859',36,79),(1990,0,0,'2023-04-11 19:54:29.761939',37,79),(1991,0,0,'2023-04-11 19:54:29.761969',38,79),(1992,0,0,'2023-04-11 19:54:29.761988',39,79),(1993,0,0,'2023-04-11 19:54:29.764116',40,79),(1994,0,0,'2023-04-11 19:54:29.764144',41,79),(1995,0,0,'2023-04-11 19:54:29.764164',42,79),(1996,0,0,'2023-04-11 19:54:50.897961',13,80),(1997,0,0,'2023-04-11 19:54:50.897993',14,80),(1998,0,0,'2023-04-11 19:54:50.898013',15,80),(1999,0,0,'2023-04-11 19:54:50.898030',16,80),(2000,0,0,'2023-04-11 19:54:50.898048',17,80),(2001,0,0,'2023-04-11 19:54:50.898065',18,80),(2002,0,0,'2023-04-11 19:54:50.898082',19,80),(2003,0,0,'2023-04-11 19:54:50.900788',20,80),(2004,0,0,'2023-04-11 19:54:50.900819',21,80),(2005,0,0,'2023-04-11 19:54:50.900838',22,80),(2006,0,0,'2023-04-11 19:54:50.900866',23,80),(2007,0,0,'2023-04-11 19:54:50.900884',24,80),(2008,0,0,'2023-04-11 19:54:50.900901',25,80),(2009,0,0,'2023-04-11 19:54:50.900918',26,80),(2010,0,0,'2023-04-11 19:54:50.903640',27,80),(2011,0,0,'2023-04-11 19:54:50.903669',28,80),(2012,0,0,'2023-04-11 19:54:50.903688',29,80),(2013,0,0,'2023-04-11 19:54:50.903705',30,80),(2014,0,0,'2023-04-11 19:54:50.903723',31,80),(2015,0,0,'2023-04-11 19:54:50.903741',32,80),(2016,0,0,'2023-04-11 19:54:50.903758',33,80),(2017,0,0,'2023-04-11 19:54:50.906850',34,80),(2018,0,0,'2023-04-11 19:54:50.906879',35,80),(2019,0,0,'2023-04-11 19:54:50.906899',36,80),(2020,0,0,'2023-04-11 19:54:50.909185',37,80),(2021,0,0,'2023-04-11 19:54:50.909213',38,80),(2022,0,0,'2023-04-11 19:54:50.909232',39,80),(2023,0,0,'2023-04-11 19:54:50.911557',40,80),(2024,0,0,'2023-04-11 19:54:50.911586',41,80),(2025,0,0,'2023-04-11 19:54:50.911605',42,80),(2026,0,0,'2023-04-11 19:55:16.374201',13,81),(2027,0,0,'2023-04-11 19:55:16.374231',14,81),(2028,0,0,'2023-04-11 19:55:16.374250',15,81),(2029,0,0,'2023-04-11 19:55:16.374268',16,81),(2030,0,0,'2023-04-11 19:55:16.374286',17,81),(2031,0,0,'2023-04-11 19:55:16.374303',18,81),(2032,0,0,'2023-04-11 19:55:16.374321',19,81),(2033,0,0,'2023-04-11 19:55:16.377457',20,81),(2034,0,0,'2023-04-11 19:55:16.377487',21,81),(2035,0,0,'2023-04-11 19:55:16.377506',22,81),(2036,0,0,'2023-04-11 19:55:16.377523',23,81),(2037,0,0,'2023-04-11 19:55:16.377541',24,81),(2038,0,0,'2023-04-11 19:55:16.377558',25,81),(2039,0,0,'2023-04-11 19:55:16.377575',26,81),(2040,0,0,'2023-04-11 19:55:16.380690',27,81),(2041,0,0,'2023-04-11 19:55:16.380720',28,81),(2042,0,0,'2023-04-11 19:55:16.380739',29,81),(2043,0,0,'2023-04-11 19:55:16.380757',30,81),(2044,0,0,'2023-04-11 19:55:16.380774',31,81),(2045,0,0,'2023-04-11 19:55:16.380791',32,81),(2046,0,0,'2023-04-11 19:55:16.380809',33,81),(2047,0,0,'2023-04-11 19:55:16.383398',34,81),(2048,0,0,'2023-04-11 19:55:16.383427',35,81),(2049,0,0,'2023-04-11 19:55:16.383446',36,81),(2050,0,0,'2023-04-11 19:55:16.385602',37,81),(2051,0,0,'2023-04-11 19:55:16.385631',38,81),(2052,0,0,'2023-04-11 19:55:16.385650',39,81),(2053,0,0,'2023-04-11 19:55:16.387915',40,81),(2054,0,0,'2023-04-11 19:55:16.387945',41,81),(2055,0,0,'2023-04-11 19:55:16.387964',42,81),(2056,0,0,'2023-04-11 19:55:36.236474',13,82),(2057,0,0,'2023-04-11 19:55:36.236505',14,82),(2058,0,0,'2023-04-11 19:55:36.236524',15,82),(2059,0,0,'2023-04-11 19:55:36.236542',16,82),(2060,0,0,'2023-04-11 19:55:36.236560',17,82),(2061,0,0,'2023-04-11 19:55:36.236578',18,82),(2062,0,0,'2023-04-11 19:55:36.236596',19,82),(2063,0,0,'2023-04-11 19:55:36.239480',20,82),(2064,0,0,'2023-04-11 19:55:36.239510',21,82),(2065,0,0,'2023-04-11 19:55:36.239528',22,82),(2066,0,0,'2023-04-11 19:55:36.239546',23,82),(2067,0,0,'2023-04-11 19:55:36.239563',24,82),(2068,0,0,'2023-04-11 19:55:36.239581',25,82),(2069,0,0,'2023-04-11 19:55:36.239598',26,82),(2070,0,0,'2023-04-11 19:55:36.242477',27,82),(2071,0,0,'2023-04-11 19:55:36.242506',28,82),(2072,0,0,'2023-04-11 19:55:36.242524',29,82),(2073,0,0,'2023-04-11 19:55:36.242542',30,82),(2074,0,0,'2023-04-11 19:55:36.242559',31,82),(2075,0,0,'2023-04-11 19:55:36.242576',32,82),(2076,0,0,'2023-04-11 19:55:36.242593',33,82),(2077,0,0,'2023-04-11 19:55:36.244957',34,82),(2078,0,0,'2023-04-11 19:55:36.244986',35,82),(2079,0,0,'2023-04-11 19:55:36.245004',36,82),(2080,0,0,'2023-04-11 19:55:36.247234',37,82),(2081,0,0,'2023-04-11 19:55:36.247262',38,82),(2082,0,0,'2023-04-11 19:55:36.247294',39,82),(2083,0,0,'2023-04-11 19:55:36.249475',40,82),(2084,0,0,'2023-04-11 19:55:36.249503',41,82),(2085,0,0,'2023-04-11 19:55:36.249523',42,82),(2086,0,0,'2023-04-11 19:55:55.438291',13,83),(2087,0,0,'2023-04-11 19:55:55.438321',14,83),(2088,0,0,'2023-04-11 19:55:55.438339',15,83),(2089,0,0,'2023-04-11 19:55:55.438357',16,83),(2090,0,0,'2023-04-11 19:55:55.438374',17,83),(2091,0,0,'2023-04-11 19:55:55.438391',18,83),(2092,0,0,'2023-04-11 19:55:55.438409',19,83),(2093,0,0,'2023-04-11 19:55:55.440889',20,83),(2094,0,0,'2023-04-11 19:55:55.440918',21,83),(2095,0,0,'2023-04-11 19:55:55.440937',22,83),(2096,0,0,'2023-04-11 19:55:55.440955',23,83),(2097,0,0,'2023-04-11 19:55:55.440972',24,83),(2098,0,0,'2023-04-11 19:55:55.440989',25,83),(2099,0,0,'2023-04-11 19:55:55.441006',26,83),(2100,0,0,'2023-04-11 19:55:55.443939',27,83),(2101,0,0,'2023-04-11 19:55:55.443968',28,83),(2102,0,0,'2023-04-11 19:55:55.443986',29,83),(2103,0,0,'2023-04-11 19:55:55.444003',30,83),(2104,0,0,'2023-04-11 19:55:55.444020',31,83),(2105,0,0,'2023-04-11 19:55:55.444037',32,83),(2106,0,0,'2023-04-11 19:55:55.444054',33,83),(2107,0,0,'2023-04-11 19:55:55.446572',34,83),(2108,0,0,'2023-04-11 19:55:55.446601',35,83),(2109,0,0,'2023-04-11 19:55:55.446620',36,83),(2110,0,0,'2023-04-11 19:55:55.448717',37,83),(2111,0,0,'2023-04-11 19:55:55.448745',38,83),(2112,0,0,'2023-04-11 19:55:55.448764',39,83),(2113,0,0,'2023-04-11 19:55:55.451008',40,83),(2114,0,0,'2023-04-11 19:55:55.451037',41,83),(2115,0,0,'2023-04-11 19:55:55.451055',42,83),(2116,0,0,'2023-04-11 19:56:15.672595',13,84),(2117,0,0,'2023-04-11 19:56:15.672625',14,84),(2118,0,0,'2023-04-11 19:56:15.672644',15,84),(2119,0,0,'2023-04-11 19:56:15.672661',16,84),(2120,0,0,'2023-04-11 19:56:15.672678',17,84),(2121,0,0,'2023-04-11 19:56:15.672696',18,84),(2122,0,0,'2023-04-11 19:56:15.672713',19,84),(2123,0,0,'2023-04-11 19:56:15.675703',20,84),(2124,0,0,'2023-04-11 19:56:15.675732',21,84),(2125,0,0,'2023-04-11 19:56:15.675751',22,84),(2126,0,0,'2023-04-11 19:56:15.675769',23,84),(2127,0,0,'2023-04-11 19:56:15.675786',24,84),(2128,0,0,'2023-04-11 19:56:15.675803',25,84),(2129,0,0,'2023-04-11 19:56:15.675820',26,84),(2130,0,0,'2023-04-11 19:56:15.678377',27,84),(2131,0,0,'2023-04-11 19:56:15.678405',28,84),(2132,0,0,'2023-04-11 19:56:15.678423',29,84),(2133,0,0,'2023-04-11 19:56:15.678441',30,84),(2134,0,0,'2023-04-11 19:56:15.678458',31,84),(2135,0,0,'2023-04-11 19:56:15.678475',32,84),(2136,0,0,'2023-04-11 19:56:15.678492',33,84),(2137,0,0,'2023-04-11 19:56:15.680760',34,84),(2138,0,0,'2023-04-11 19:56:15.680788',35,84),(2139,0,0,'2023-04-11 19:56:15.680806',36,84),(2140,0,0,'2023-04-11 19:56:15.699988',37,84),(2141,0,0,'2023-04-11 19:56:15.700016',38,84),(2142,0,0,'2023-04-11 19:56:15.700035',39,84),(2143,0,0,'2023-04-11 19:56:15.702296',40,84),(2144,0,0,'2023-04-11 19:56:15.702325',41,84),(2145,0,0,'2023-04-11 19:56:15.702344',42,84),(2146,0,0,'2023-04-11 19:56:37.361658',13,85),(2147,0,0,'2023-04-11 19:56:37.361689',14,85),(2148,0,0,'2023-04-11 19:56:37.361708',15,85),(2149,0,0,'2023-04-11 19:56:37.361726',16,85),(2150,0,0,'2023-04-11 19:56:37.361744',17,85),(2151,0,0,'2023-04-11 19:56:37.361762',18,85),(2152,0,0,'2023-04-11 19:56:37.361779',19,85),(2153,0,0,'2023-04-11 19:56:37.364476',20,85),(2154,0,0,'2023-04-11 19:56:37.364507',21,85),(2155,0,0,'2023-04-11 19:56:37.364526',22,85),(2156,0,0,'2023-04-11 19:56:37.364544',23,85),(2157,0,0,'2023-04-11 19:56:37.364561',24,85),(2158,0,0,'2023-04-11 19:56:37.364579',25,85),(2159,0,0,'2023-04-11 19:56:37.364596',26,85),(2160,0,0,'2023-04-11 19:56:37.367205',27,85),(2161,0,0,'2023-04-11 19:56:37.367234',28,85),(2162,0,0,'2023-04-11 19:56:37.367252',29,85),(2163,0,0,'2023-04-11 19:56:37.367270',30,85),(2164,0,0,'2023-04-11 19:56:37.367287',31,85),(2165,0,0,'2023-04-11 19:56:37.367315',32,85),(2166,0,0,'2023-04-11 19:56:37.367338',33,85),(2167,0,0,'2023-04-11 19:56:37.369768',34,85),(2168,0,0,'2023-04-11 19:56:37.369796',35,85),(2169,0,0,'2023-04-11 19:56:37.369815',36,85),(2170,0,0,'2023-04-11 19:56:37.371880',37,85),(2171,0,0,'2023-04-11 19:56:37.371909',38,85),(2172,0,0,'2023-04-11 19:56:37.371928',39,85),(2173,0,0,'2023-04-11 19:56:37.374045',40,85),(2174,0,0,'2023-04-11 19:56:37.374074',41,85),(2175,0,0,'2023-04-11 19:56:37.374093',42,85),(2176,0,0,'2023-04-11 19:56:59.666673',13,86),(2177,0,0,'2023-04-11 19:56:59.666705',14,86),(2178,0,0,'2023-04-11 19:56:59.666723',15,86),(2179,0,0,'2023-04-11 19:56:59.666741',16,86),(2180,0,0,'2023-04-11 19:56:59.666758',17,86),(2181,0,0,'2023-04-11 19:56:59.666776',18,86),(2182,0,0,'2023-04-11 19:56:59.666793',19,86),(2183,0,0,'2023-04-11 19:56:59.669366',20,86),(2184,0,0,'2023-04-11 19:56:59.669396',21,86),(2185,0,0,'2023-04-11 19:56:59.669415',22,86),(2186,0,0,'2023-04-11 19:56:59.669433',23,86),(2187,0,0,'2023-04-11 19:56:59.669450',24,86),(2188,0,0,'2023-04-11 19:56:59.669467',25,86),(2189,0,0,'2023-04-11 19:56:59.669484',26,86),(2190,0,0,'2023-04-11 19:56:59.672076',27,86),(2191,0,0,'2023-04-11 19:56:59.672105',28,86),(2192,0,0,'2023-04-11 19:56:59.672123',29,86),(2193,0,0,'2023-04-11 19:56:59.672142',30,86),(2194,0,0,'2023-04-11 19:56:59.672159',31,86),(2195,0,0,'2023-04-11 19:56:59.672177',32,86),(2196,0,0,'2023-04-11 19:56:59.672194',33,86),(2197,0,0,'2023-04-11 19:56:59.674660',34,86),(2198,0,0,'2023-04-11 19:56:59.674690',35,86),(2199,0,0,'2023-04-11 19:56:59.674708',36,86),(2200,0,0,'2023-04-11 19:56:59.676924',37,86),(2201,0,0,'2023-04-11 19:56:59.676954',38,86),(2202,0,0,'2023-04-11 19:56:59.676972',39,86),(2203,0,0,'2023-04-11 19:56:59.679223',40,86),(2204,0,0,'2023-04-11 19:56:59.679252',41,86),(2205,0,0,'2023-04-11 19:56:59.679271',42,86),(2206,0,0,'2023-04-11 19:57:17.796820',13,87),(2207,0,0,'2023-04-11 19:57:17.796852',14,87),(2208,0,0,'2023-04-11 19:57:17.796882',15,87),(2209,0,0,'2023-04-11 19:57:17.796900',16,87),(2210,0,0,'2023-04-11 19:57:17.796917',17,87),(2211,0,0,'2023-04-11 19:57:17.796934',18,87),(2212,0,0,'2023-04-11 19:57:17.796950',19,87),(2213,0,0,'2023-04-11 19:57:17.799938',20,87),(2214,0,0,'2023-04-11 19:57:17.799967',21,87),(2215,0,0,'2023-04-11 19:57:17.799986',22,87),(2216,0,0,'2023-04-11 19:57:17.800004',23,87),(2217,0,0,'2023-04-11 19:57:17.800020',24,87),(2218,0,0,'2023-04-11 19:57:17.800037',25,87),(2219,0,0,'2023-04-11 19:57:17.800054',26,87),(2220,0,0,'2023-04-11 19:57:17.802613',27,87),(2221,0,0,'2023-04-11 19:57:17.802642',28,87),(2222,0,0,'2023-04-11 19:57:17.802661',29,87),(2223,0,0,'2023-04-11 19:57:17.802678',30,87),(2224,0,0,'2023-04-11 19:57:17.802695',31,87),(2225,0,0,'2023-04-11 19:57:17.802712',32,87),(2226,0,0,'2023-04-11 19:57:17.802729',33,87),(2227,0,0,'2023-04-11 19:57:17.804987',34,87),(2228,0,0,'2023-04-11 19:57:17.805016',35,87),(2229,0,0,'2023-04-11 19:57:17.805035',36,87),(2230,0,0,'2023-04-11 19:57:17.807350',37,87),(2231,0,0,'2023-04-11 19:57:17.807379',38,87),(2232,0,0,'2023-04-11 19:57:17.807397',39,87),(2233,0,0,'2023-04-11 19:57:17.809468',40,87),(2234,0,0,'2023-04-11 19:57:17.809497',41,87),(2235,0,0,'2023-04-11 19:57:17.809515',42,87),(2236,0,0,'2023-04-11 19:57:37.589810',13,88),(2237,0,0,'2023-04-11 19:57:37.589840',14,88),(2238,0,0,'2023-04-11 19:57:37.589860',15,88),(2239,0,0,'2023-04-11 19:57:37.589877',16,88),(2240,0,0,'2023-04-11 19:57:37.589895',17,88),(2241,0,0,'2023-04-11 19:57:37.589912',18,88),(2242,0,0,'2023-04-11 19:57:37.589930',19,88),(2243,0,0,'2023-04-11 19:57:37.592595',20,88),(2244,0,0,'2023-04-11 19:57:37.592625',21,88),(2245,0,0,'2023-04-11 19:57:37.592643',22,88),(2246,0,0,'2023-04-11 19:57:37.592661',23,88),(2247,0,0,'2023-04-11 19:57:37.592679',24,88),(2248,0,0,'2023-04-11 19:57:37.592696',25,88),(2249,0,0,'2023-04-11 19:57:37.592713',26,88),(2250,0,0,'2023-04-11 19:57:37.595360',27,88),(2251,0,0,'2023-04-11 19:57:37.595390',28,88),(2252,0,0,'2023-04-11 19:57:37.595409',29,88),(2253,0,0,'2023-04-11 19:57:37.595426',30,88),(2254,0,0,'2023-04-11 19:57:37.595444',31,88),(2255,0,0,'2023-04-11 19:57:37.595461',32,88),(2256,0,0,'2023-04-11 19:57:37.595479',33,88),(2257,0,0,'2023-04-11 19:57:37.597755',34,88),(2258,0,0,'2023-04-11 19:57:37.597784',35,88),(2259,0,0,'2023-04-11 19:57:37.597803',36,88),(2260,0,0,'2023-04-11 19:57:37.599865',37,88),(2261,0,0,'2023-04-11 19:57:37.599894',38,88),(2262,0,0,'2023-04-11 19:57:37.599913',39,88),(2263,0,0,'2023-04-11 19:57:37.602100',40,88),(2264,0,0,'2023-04-11 19:57:37.602129',41,88),(2265,0,0,'2023-04-11 19:57:37.602148',42,88),(2266,0,0,'2023-04-11 19:57:56.586482',13,89),(2267,0,0,'2023-04-11 19:57:56.586513',14,89),(2268,0,0,'2023-04-11 19:57:56.586532',15,89),(2269,0,0,'2023-04-11 19:57:56.586550',16,89),(2270,0,0,'2023-04-11 19:57:56.586568',17,89),(2271,0,0,'2023-04-11 19:57:56.586585',18,89),(2272,0,0,'2023-04-11 19:57:56.586603',19,89),(2273,0,0,'2023-04-11 19:57:56.589124',20,89),(2274,0,0,'2023-04-11 19:57:56.589154',21,89),(2275,0,0,'2023-04-11 19:57:56.589173',22,89),(2276,0,0,'2023-04-11 19:57:56.589191',23,89),(2277,0,0,'2023-04-11 19:57:56.589208',24,89),(2278,0,0,'2023-04-11 19:57:56.589226',25,89),(2279,0,0,'2023-04-11 19:57:56.589244',26,89),(2280,0,0,'2023-04-11 19:57:56.591888',27,89),(2281,0,0,'2023-04-11 19:57:56.591917',28,89),(2282,0,0,'2023-04-11 19:57:56.591936',29,89),(2283,0,0,'2023-04-11 19:57:56.591954',30,89),(2284,0,0,'2023-04-11 19:57:56.591973',31,89),(2285,0,0,'2023-04-11 19:57:56.591991',32,89),(2286,0,0,'2023-04-11 19:57:56.592008',33,89),(2287,0,0,'2023-04-11 19:57:56.594279',34,89),(2288,0,0,'2023-04-11 19:57:56.594309',35,89),(2289,0,0,'2023-04-11 19:57:56.594328',36,89),(2290,0,0,'2023-04-11 19:57:56.616726',37,89),(2291,0,0,'2023-04-11 19:57:56.616755',38,89),(2292,0,0,'2023-04-11 19:57:56.616774',39,89),(2293,0,0,'2023-04-11 19:57:56.619057',40,89),(2294,0,0,'2023-04-11 19:57:56.619086',41,89),(2295,0,0,'2023-04-11 19:57:56.619105',42,89),(2296,0,0,'2023-04-11 19:58:16.865027',13,90),(2297,0,0,'2023-04-11 19:58:16.865058',14,90),(2298,0,0,'2023-04-11 19:58:16.865077',15,90),(2299,0,0,'2023-04-11 19:58:16.865094',16,90),(2300,0,0,'2023-04-11 19:58:16.865112',17,90),(2301,0,0,'2023-04-11 19:58:16.865129',18,90),(2302,0,0,'2023-04-11 19:58:16.865147',19,90),(2303,0,0,'2023-04-11 19:58:16.867987',20,90),(2304,0,0,'2023-04-11 19:58:16.868016',21,90),(2305,0,0,'2023-04-11 19:58:16.868035',22,90),(2306,0,0,'2023-04-11 19:58:16.868052',23,90),(2307,0,0,'2023-04-11 19:58:16.868069',24,90),(2308,0,0,'2023-04-11 19:58:16.868087',25,90),(2309,0,0,'2023-04-11 19:58:16.868103',26,90),(2310,0,0,'2023-04-11 19:58:16.870615',27,90),(2311,0,0,'2023-04-11 19:58:16.870645',28,90),(2312,0,0,'2023-04-11 19:58:16.870663',29,90),(2313,0,0,'2023-04-11 19:58:16.870681',30,90),(2314,0,0,'2023-04-11 19:58:16.870698',31,90),(2315,0,0,'2023-04-11 19:58:16.870715',32,90),(2316,0,0,'2023-04-11 19:58:16.870732',33,90),(2317,0,0,'2023-04-11 19:58:16.873176',34,90),(2318,0,0,'2023-04-11 19:58:16.873205',35,90),(2319,0,0,'2023-04-11 19:58:16.873224',36,90),(2320,0,0,'2023-04-11 19:58:16.875431',37,90),(2321,0,0,'2023-04-11 19:58:16.875461',38,90),(2322,0,0,'2023-04-11 19:58:16.875479',39,90),(2323,0,0,'2023-04-11 19:58:16.877570',40,90),(2324,0,0,'2023-04-11 19:58:16.877599',41,90),(2325,0,0,'2023-04-11 19:58:16.877618',42,90),(2326,0,0,'2023-04-11 19:58:37.716736',13,91),(2327,0,0,'2023-04-11 19:58:37.716766',14,91),(2328,0,0,'2023-04-11 19:58:37.716784',15,91),(2329,0,0,'2023-04-11 19:58:37.716801',16,91),(2330,0,0,'2023-04-11 19:58:37.716818',17,91),(2331,0,0,'2023-04-11 19:58:37.716835',18,91),(2332,0,0,'2023-04-11 19:58:37.716852',19,91),(2333,0,0,'2023-04-11 19:58:37.719455',20,91),(2334,0,0,'2023-04-11 19:58:37.719484',21,91),(2335,0,0,'2023-04-11 19:58:37.719502',22,91),(2336,0,0,'2023-04-11 19:58:37.719519',23,91),(2337,0,0,'2023-04-11 19:58:37.719536',24,91),(2338,0,0,'2023-04-11 19:58:37.719553',25,91),(2339,0,0,'2023-04-11 19:58:37.719570',26,91),(2340,0,0,'2023-04-11 19:58:37.722300',27,91),(2341,0,0,'2023-04-11 19:58:37.722328',28,91),(2342,0,0,'2023-04-11 19:58:37.722347',29,91),(2343,0,0,'2023-04-11 19:58:37.722364',30,91),(2344,0,0,'2023-04-11 19:58:37.722381',31,91),(2345,0,0,'2023-04-11 19:58:37.722398',32,91),(2346,0,0,'2023-04-11 19:58:37.722415',33,91),(2347,0,0,'2023-04-11 19:58:37.724670',34,91),(2348,0,0,'2023-04-11 19:58:37.724699',35,91),(2349,0,0,'2023-04-11 19:58:37.724717',36,91),(2350,0,0,'2023-04-11 19:58:37.727009',37,91),(2351,0,0,'2023-04-11 19:58:37.727038',38,91),(2352,0,0,'2023-04-11 19:58:37.727057',39,91),(2353,0,0,'2023-04-11 19:58:37.729103',40,91),(2354,0,0,'2023-04-11 19:58:37.729131',41,91),(2355,0,0,'2023-04-11 19:58:37.729150',42,91),(2356,0,0,'2023-04-11 19:58:58.038880',13,92),(2357,0,0,'2023-04-11 19:58:58.038910',14,92),(2358,0,0,'2023-04-11 19:58:58.038929',15,92),(2359,0,0,'2023-04-11 19:58:58.038946',16,92),(2360,0,0,'2023-04-11 19:58:58.038963',17,92),(2361,0,0,'2023-04-11 19:58:58.038980',18,92),(2362,0,0,'2023-04-11 19:58:58.038997',19,92),(2363,0,0,'2023-04-11 19:58:58.041469',20,92),(2364,0,0,'2023-04-11 19:58:58.041499',21,92),(2365,0,0,'2023-04-11 19:58:58.041517',22,92),(2366,0,0,'2023-04-11 19:58:58.041535',23,92),(2367,0,0,'2023-04-11 19:58:58.041552',24,92),(2368,0,0,'2023-04-11 19:58:58.041568',25,92),(2369,0,0,'2023-04-11 19:58:58.041585',26,92),(2370,0,0,'2023-04-11 19:58:58.044284',27,92),(2371,0,0,'2023-04-11 19:58:58.044313',28,92),(2372,0,0,'2023-04-11 19:58:58.044331',29,92),(2373,0,0,'2023-04-11 19:58:58.044349',30,92),(2374,0,0,'2023-04-11 19:58:58.044366',31,92),(2375,0,0,'2023-04-11 19:58:58.044383',32,92),(2376,0,0,'2023-04-11 19:58:58.044400',33,92),(2377,0,0,'2023-04-11 19:58:58.047133',34,92),(2378,0,0,'2023-04-11 19:58:58.047161',35,92),(2379,0,0,'2023-04-11 19:58:58.047180',36,92),(2380,0,0,'2023-04-11 19:58:58.049254',37,92),(2381,0,0,'2023-04-11 19:58:58.049283',38,92),(2382,0,0,'2023-04-11 19:58:58.049302',39,92),(2383,0,0,'2023-04-11 19:58:58.056116',40,92),(2384,0,0,'2023-04-11 19:58:58.056145',41,92),(2385,0,0,'2023-04-11 19:58:58.056164',42,92),(2386,0,0,'2023-04-11 19:59:16.120580',13,93),(2387,0,0,'2023-04-11 19:59:16.120610',14,93),(2388,0,0,'2023-04-11 19:59:16.120628',15,93),(2389,0,0,'2023-04-11 19:59:16.120646',16,93),(2390,0,0,'2023-04-11 19:59:16.120663',17,93),(2391,0,0,'2023-04-11 19:59:16.120680',18,93),(2392,0,0,'2023-04-11 19:59:16.120697',19,93),(2393,0,0,'2023-04-11 19:59:16.123561',20,93),(2394,0,0,'2023-04-11 19:59:16.123591',21,93),(2395,0,0,'2023-04-11 19:59:16.123610',22,93),(2396,0,0,'2023-04-11 19:59:16.123627',23,93),(2397,0,0,'2023-04-11 19:59:16.123644',24,93),(2398,0,0,'2023-04-11 19:59:16.123661',25,93),(2399,0,0,'2023-04-11 19:59:16.123679',26,93),(2400,0,0,'2023-04-11 19:59:16.170803',27,93),(2401,0,0,'2023-04-11 19:59:16.170832',28,93),(2402,0,0,'2023-04-11 19:59:16.170851',29,93),(2403,0,0,'2023-04-11 19:59:16.170869',30,93),(2404,0,0,'2023-04-11 19:59:16.170886',31,93),(2405,0,0,'2023-04-11 19:59:16.170903',32,93),(2406,0,0,'2023-04-11 19:59:16.170920',33,93),(2407,0,0,'2023-04-11 19:59:16.173336',34,93),(2408,0,0,'2023-04-11 19:59:16.173365',35,93),(2409,0,0,'2023-04-11 19:59:16.173384',36,93),(2410,0,0,'2023-04-11 19:59:16.175482',37,93),(2411,0,0,'2023-04-11 19:59:16.175511',38,93),(2412,0,0,'2023-04-11 19:59:16.175529',39,93),(2413,0,0,'2023-04-11 19:59:16.177624',40,93),(2414,0,0,'2023-04-11 19:59:16.177653',41,93),(2415,0,0,'2023-04-11 19:59:16.177672',42,93),(2416,0,0,'2023-04-11 19:59:34.548301',13,94),(2417,0,0,'2023-04-11 19:59:34.548332',14,94),(2418,0,0,'2023-04-11 19:59:34.548351',15,94),(2419,0,0,'2023-04-11 19:59:34.548368',16,94),(2420,0,0,'2023-04-11 19:59:34.548385',17,94),(2421,0,0,'2023-04-11 19:59:34.548402',18,94),(2422,0,0,'2023-04-11 19:59:34.548419',19,94),(2423,0,0,'2023-04-11 19:59:34.551208',20,94),(2424,0,0,'2023-04-11 19:59:34.551238',21,94),(2425,0,0,'2023-04-11 19:59:34.551257',22,94),(2426,0,0,'2023-04-11 19:59:34.551274',23,94),(2427,0,0,'2023-04-11 19:59:34.551291',24,94),(2428,0,0,'2023-04-11 19:59:34.551308',25,94),(2429,0,0,'2023-04-11 19:59:34.551325',26,94),(2430,0,0,'2023-04-11 19:59:34.554279',27,94),(2431,0,0,'2023-04-11 19:59:34.554308',28,94),(2432,0,0,'2023-04-11 19:59:34.554327',29,94),(2433,0,0,'2023-04-11 19:59:34.554345',30,94),(2434,0,0,'2023-04-11 19:59:34.554362',31,94),(2435,0,0,'2023-04-11 19:59:34.554379',32,94),(2436,0,0,'2023-04-11 19:59:34.554396',33,94),(2437,0,0,'2023-04-11 19:59:34.556657',34,94),(2438,0,0,'2023-04-11 19:59:34.556686',35,94),(2439,0,0,'2023-04-11 19:59:34.556705',36,94),(2440,0,0,'2023-04-11 19:59:34.559191',37,94),(2441,0,0,'2023-04-11 19:59:34.559221',38,94),(2442,0,0,'2023-04-11 19:59:34.559240',39,94),(2443,0,0,'2023-04-11 19:59:34.561375',40,94),(2444,0,0,'2023-04-11 19:59:34.561404',41,94),(2445,0,0,'2023-04-11 19:59:34.561423',42,94),(2446,0,0,'2023-04-11 19:59:52.756570',13,95),(2447,0,0,'2023-04-11 19:59:52.756601',14,95),(2448,0,0,'2023-04-11 19:59:52.756619',15,95),(2449,0,0,'2023-04-11 19:59:52.756637',16,95),(2450,0,0,'2023-04-11 19:59:52.756654',17,95),(2451,0,0,'2023-04-11 19:59:52.756672',18,95),(2452,0,0,'2023-04-11 19:59:52.756689',19,95),(2453,0,0,'2023-04-11 19:59:52.759598',20,95),(2454,0,0,'2023-04-11 19:59:52.759627',21,95),(2455,0,0,'2023-04-11 19:59:52.759646',22,95),(2456,0,0,'2023-04-11 19:59:52.759663',23,95),(2457,0,0,'2023-04-11 19:59:52.759680',24,95),(2458,0,0,'2023-04-11 19:59:52.759697',25,95),(2459,0,0,'2023-04-11 19:59:52.759714',26,95),(2460,0,0,'2023-04-11 19:59:52.762188',27,95),(2461,0,0,'2023-04-11 19:59:52.762217',28,95),(2462,0,0,'2023-04-11 19:59:52.762235',29,95),(2463,0,0,'2023-04-11 19:59:52.762252',30,95),(2464,0,0,'2023-04-11 19:59:52.762269',31,95),(2465,0,0,'2023-04-11 19:59:52.762286',32,95),(2466,0,0,'2023-04-11 19:59:52.762303',33,95),(2467,0,0,'2023-04-11 19:59:52.764585',34,95),(2468,0,0,'2023-04-11 19:59:52.764614',35,95),(2469,0,0,'2023-04-11 19:59:52.764632',36,95),(2470,0,0,'2023-04-11 19:59:52.767002',37,95),(2471,0,0,'2023-04-11 19:59:52.767030',38,95),(2472,0,0,'2023-04-11 19:59:52.767049',39,95),(2473,0,0,'2023-04-11 19:59:52.769158',40,95),(2474,0,0,'2023-04-11 19:59:52.769187',41,95),(2475,0,0,'2023-04-11 19:59:52.769205',42,95),(2476,0,0,'2023-04-11 20:00:11.642845',13,96),(2477,0,0,'2023-04-11 20:00:11.642877',14,96),(2478,0,0,'2023-04-11 20:00:11.642896',15,96),(2479,0,0,'2023-04-11 20:00:11.642914',16,96),(2480,0,0,'2023-04-11 20:00:11.642932',17,96),(2481,0,0,'2023-04-11 20:00:11.642950',18,96),(2482,0,0,'2023-04-11 20:00:11.642967',19,96),(2483,0,0,'2023-04-11 20:00:11.645594',20,96),(2484,0,0,'2023-04-11 20:00:11.645624',21,96),(2485,0,0,'2023-04-11 20:00:11.645643',22,96),(2486,0,0,'2023-04-11 20:00:11.645661',23,96),(2487,0,0,'2023-04-11 20:00:11.645678',24,96),(2488,0,0,'2023-04-11 20:00:11.645696',25,96),(2489,0,0,'2023-04-11 20:00:11.645713',26,96),(2490,0,0,'2023-04-11 20:00:11.648494',27,96),(2491,0,0,'2023-04-11 20:00:11.648526',28,96),(2492,0,0,'2023-04-11 20:00:11.648546',29,96),(2493,0,0,'2023-04-11 20:00:11.648565',30,96),(2494,0,0,'2023-04-11 20:00:11.648584',31,96),(2495,0,0,'2023-04-11 20:00:11.648602',32,96),(2496,0,0,'2023-04-11 20:00:11.648620',33,96),(2497,0,0,'2023-04-11 20:00:11.651263',34,96),(2498,0,0,'2023-04-11 20:00:11.651293',35,96),(2499,0,0,'2023-04-11 20:00:11.651314',36,96),(2500,0,0,'2023-04-11 20:00:11.653541',37,96),(2501,0,0,'2023-04-11 20:00:11.653571',38,96),(2502,0,0,'2023-04-11 20:00:11.653592',39,96),(2503,0,0,'2023-04-11 20:00:11.655851',40,96),(2504,0,0,'2023-04-11 20:00:11.655881',41,96),(2505,0,0,'2023-04-11 20:00:11.655901',42,96),(2506,0,0,'2023-04-11 20:00:29.968437',13,97),(2507,0,0,'2023-04-11 20:00:29.968468',14,97),(2508,0,0,'2023-04-11 20:00:29.968488',15,97),(2509,0,0,'2023-04-11 20:00:29.968505',16,97),(2510,0,0,'2023-04-11 20:00:29.968523',17,97),(2511,0,0,'2023-04-11 20:00:29.968540',18,97),(2512,0,0,'2023-04-11 20:00:29.968557',19,97),(2513,0,0,'2023-04-11 20:00:29.971217',20,97),(2514,0,0,'2023-04-11 20:00:29.971247',21,97),(2515,0,0,'2023-04-11 20:00:29.971266',22,97),(2516,0,0,'2023-04-11 20:00:29.971284',23,97),(2517,0,0,'2023-04-11 20:00:29.971301',24,97),(2518,0,0,'2023-04-11 20:00:29.971319',25,97),(2519,0,0,'2023-04-11 20:00:29.971336',26,97),(2520,0,0,'2023-04-11 20:00:29.973715',27,97),(2521,0,0,'2023-04-11 20:00:29.973745',28,97),(2522,0,0,'2023-04-11 20:00:29.973764',29,97),(2523,0,0,'2023-04-11 20:00:29.973782',30,97),(2524,0,0,'2023-04-11 20:00:29.973799',31,97),(2525,0,0,'2023-04-11 20:00:29.973817',32,97),(2526,0,0,'2023-04-11 20:00:29.973834',33,97),(2527,0,0,'2023-04-11 20:00:29.976189',34,97),(2528,0,0,'2023-04-11 20:00:29.976218',35,97),(2529,0,0,'2023-04-11 20:00:29.976237',36,97),(2530,0,0,'2023-04-11 20:00:29.978327',37,97),(2531,0,0,'2023-04-11 20:00:29.978356',38,97),(2532,0,0,'2023-04-11 20:00:29.978375',39,97),(2533,0,0,'2023-04-11 20:00:29.980532',40,97),(2534,0,0,'2023-04-11 20:00:29.980560',41,97),(2535,0,0,'2023-04-11 20:00:29.980580',42,97),(2536,0,0,'2023-04-11 20:00:48.331204',13,98),(2537,0,0,'2023-04-11 20:00:48.331236',14,98),(2538,0,0,'2023-04-11 20:00:48.331255',15,98),(2539,0,0,'2023-04-11 20:00:48.331273',16,98),(2540,0,0,'2023-04-11 20:00:48.331290',17,98),(2541,0,0,'2023-04-11 20:00:48.331307',18,98),(2542,0,0,'2023-04-11 20:00:48.331324',19,98),(2543,0,0,'2023-04-11 20:00:48.334173',20,98),(2544,0,0,'2023-04-11 20:00:48.334202',21,98),(2545,0,0,'2023-04-11 20:00:48.334221',22,98),(2546,0,0,'2023-04-11 20:00:48.334238',23,98),(2547,0,0,'2023-04-11 20:00:48.334255',24,98),(2548,0,0,'2023-04-11 20:00:48.334272',25,98),(2549,0,0,'2023-04-11 20:00:48.334289',26,98),(2550,0,0,'2023-04-11 20:00:48.336713',27,98),(2551,0,0,'2023-04-11 20:00:48.336741',28,98),(2552,0,0,'2023-04-11 20:00:48.336760',29,98),(2553,0,0,'2023-04-11 20:00:48.336778',30,98),(2554,0,0,'2023-04-11 20:00:48.336795',31,98),(2555,0,0,'2023-04-11 20:00:48.336812',32,98),(2556,0,0,'2023-04-11 20:00:48.336829',33,98),(2557,0,0,'2023-04-11 20:00:48.339299',34,98),(2558,0,0,'2023-04-11 20:00:48.339328',35,98),(2559,0,0,'2023-04-11 20:00:48.339347',36,98),(2560,0,0,'2023-04-11 20:00:48.341596',37,98),(2561,0,0,'2023-04-11 20:00:48.341625',38,98),(2562,0,0,'2023-04-11 20:00:48.341644',39,98),(2563,0,0,'2023-04-11 20:00:48.343885',40,98),(2564,0,0,'2023-04-11 20:00:48.343914',41,98),(2565,0,0,'2023-04-11 20:00:48.343933',42,98),(2566,0,0,'2023-04-11 22:34:12.146654',13,99),(2567,0,0,'2023-04-11 22:34:12.146686',14,99),(2568,0,0,'2023-04-11 22:34:12.146705',15,99),(2569,0,0,'2023-04-11 22:34:12.146723',16,99),(2570,0,0,'2023-04-11 22:34:12.146741',17,99),(2571,0,0,'2023-04-11 22:34:12.146759',18,99),(2572,0,0,'2023-04-11 22:34:12.146777',19,99),(2573,0,0,'2023-04-11 22:34:12.149420',20,99),(2574,0,0,'2023-04-11 22:34:12.149449',21,99),(2575,0,0,'2023-04-11 22:34:12.149468',22,99),(2576,0,0,'2023-04-11 22:34:12.149486',23,99),(2577,0,0,'2023-04-11 22:34:12.149504',24,99),(2578,0,0,'2023-04-11 22:34:12.149521',25,99),(2579,0,0,'2023-04-11 22:34:12.149539',26,99),(2580,0,0,'2023-04-11 22:34:12.152441',27,99),(2581,0,0,'2023-04-11 22:34:12.152470',28,99),(2582,0,0,'2023-04-11 22:34:12.152489',29,99),(2583,0,0,'2023-04-11 22:34:12.152506',30,99),(2584,0,0,'2023-04-11 22:34:12.152524',31,99),(2585,0,0,'2023-04-11 22:34:12.152541',32,99),(2586,0,0,'2023-04-11 22:34:12.152559',33,99),(2587,0,0,'2023-04-11 22:34:12.155318',34,99),(2588,0,0,'2023-04-11 22:34:12.155347',35,99),(2589,0,0,'2023-04-11 22:34:12.155366',36,99),(2590,0,0,'2023-04-11 22:34:12.157536',37,99),(2591,0,0,'2023-04-11 22:34:12.157565',38,99),(2592,0,0,'2023-04-11 22:34:12.157585',39,99),(2593,0,0,'2023-04-11 22:34:12.159646',40,99),(2594,0,0,'2023-04-11 22:34:12.159675',41,99),(2595,0,0,'2023-04-11 22:34:12.159694',42,99),(2596,0,0,'2023-04-11 22:34:37.742636',13,100),(2597,0,0,'2023-04-11 22:34:37.742666',14,100),(2598,0,0,'2023-04-11 22:34:37.742685',15,100),(2599,0,0,'2023-04-11 22:34:37.742703',16,100),(2600,0,0,'2023-04-11 22:34:37.742720',17,100),(2601,0,0,'2023-04-11 22:34:37.742737',18,100),(2602,0,0,'2023-04-11 22:34:37.742754',19,100),(2603,0,0,'2023-04-11 22:34:37.745415',20,100),(2604,0,0,'2023-04-11 22:34:37.745444',21,100),(2605,0,0,'2023-04-11 22:34:37.745462',22,100),(2606,0,0,'2023-04-11 22:34:37.745479',23,100),(2607,0,0,'2023-04-11 22:34:37.745496',24,100),(2608,0,0,'2023-04-11 22:34:37.745513',25,100),(2609,0,0,'2023-04-11 22:34:37.745530',26,100),(2610,0,0,'2023-04-11 22:34:37.747970',27,100),(2611,0,0,'2023-04-11 22:34:37.748000',28,100),(2612,0,0,'2023-04-11 22:34:37.748018',29,100),(2613,0,0,'2023-04-11 22:34:37.748036',30,100),(2614,0,0,'2023-04-11 22:34:37.748053',31,100),(2615,0,0,'2023-04-11 22:34:37.748071',32,100),(2616,0,0,'2023-04-11 22:34:37.748088',33,100),(2617,0,0,'2023-04-11 22:34:37.750546',34,100),(2618,0,0,'2023-04-11 22:34:37.750574',35,100),(2619,0,0,'2023-04-11 22:34:37.750593',36,100),(2620,0,0,'2023-04-11 22:34:37.752630',37,100),(2621,0,0,'2023-04-11 22:34:37.752659',38,100),(2622,0,0,'2023-04-11 22:34:37.752678',39,100),(2623,0,0,'2023-04-11 22:34:37.754883',40,100),(2624,0,0,'2023-04-11 22:34:37.754912',41,100),(2625,0,0,'2023-04-11 22:34:37.754931',42,100),(2626,0,0,'2023-04-11 22:35:51.287710',13,101),(2627,0,0,'2023-04-11 22:35:51.287742',14,101),(2628,0,0,'2023-04-11 22:35:51.287760',15,101),(2629,0,0,'2023-04-11 22:35:51.287778',16,101),(2630,0,0,'2023-04-11 22:35:51.287796',17,101),(2631,0,0,'2023-04-11 22:35:51.287813',18,101),(2632,0,0,'2023-04-11 22:35:51.287830',19,101),(2633,0,0,'2023-04-11 22:35:51.290574',20,101),(2634,0,0,'2023-04-11 22:35:51.290604',21,101),(2635,0,0,'2023-04-11 22:35:51.290623',22,101),(2636,0,0,'2023-04-11 22:35:51.290640',23,101),(2637,0,0,'2023-04-11 22:35:51.290658',24,101),(2638,0,0,'2023-04-11 22:35:51.290675',25,101),(2639,0,0,'2023-04-11 22:35:51.290692',26,101),(2640,0,0,'2023-04-11 22:35:51.293046',27,101),(2641,0,0,'2023-04-11 22:35:51.293075',28,101),(2642,0,0,'2023-04-11 22:35:51.293094',29,101),(2643,0,0,'2023-04-11 22:35:51.293111',30,101),(2644,0,0,'2023-04-11 22:35:51.293128',31,101),(2645,0,0,'2023-04-11 22:35:51.293145',32,101),(2646,0,0,'2023-04-11 22:35:51.293162',33,101),(2647,0,0,'2023-04-11 22:35:51.295309',34,101),(2648,0,0,'2023-04-11 22:35:51.295338',35,101),(2649,0,0,'2023-04-11 22:35:51.295357',36,101),(2650,0,0,'2023-04-11 22:35:51.297482',37,101),(2651,0,0,'2023-04-11 22:35:51.297511',38,101),(2652,0,0,'2023-04-11 22:35:51.297530',39,101),(2653,0,0,'2023-04-11 22:35:51.299703',40,101),(2654,0,0,'2023-04-11 22:35:51.299732',41,101),(2655,0,0,'2023-04-11 22:35:51.299751',42,101),(2656,0,0,'2023-04-11 22:36:10.542600',13,102),(2657,0,0,'2023-04-11 22:36:10.542631',14,102),(2658,0,0,'2023-04-11 22:36:10.542650',15,102),(2659,0,0,'2023-04-11 22:36:10.542668',16,102),(2660,0,0,'2023-04-11 22:36:10.542685',17,102),(2661,0,0,'2023-04-11 22:36:10.542702',18,102),(2662,0,0,'2023-04-11 22:36:10.542719',19,102),(2663,0,0,'2023-04-11 22:36:10.545164',20,102),(2664,0,0,'2023-04-11 22:36:10.545195',21,102),(2665,0,0,'2023-04-11 22:36:10.545214',22,102),(2666,0,0,'2023-04-11 22:36:10.545232',23,102),(2667,0,0,'2023-04-11 22:36:10.545249',24,102),(2668,0,0,'2023-04-11 22:36:10.545266',25,102),(2669,0,0,'2023-04-11 22:36:10.545283',26,102),(2670,0,0,'2023-04-11 22:36:10.547766',27,102),(2671,0,0,'2023-04-11 22:36:10.547795',28,102),(2672,0,0,'2023-04-11 22:36:10.547813',29,102),(2673,0,0,'2023-04-11 22:36:10.547831',30,102),(2674,0,0,'2023-04-11 22:36:10.547848',31,102),(2675,0,0,'2023-04-11 22:36:10.547865',32,102),(2676,0,0,'2023-04-11 22:36:10.547882',33,102),(2677,0,0,'2023-04-11 22:36:10.550184',34,102),(2678,0,0,'2023-04-11 22:36:10.550213',35,102),(2679,0,0,'2023-04-11 22:36:10.550232',36,102),(2680,0,0,'2023-04-11 22:36:10.552256',37,102),(2681,0,0,'2023-04-11 22:36:10.552285',38,102),(2682,0,0,'2023-04-11 22:36:10.552304',39,102),(2683,0,0,'2023-04-11 22:36:10.554370',40,102),(2684,0,0,'2023-04-11 22:36:10.554399',41,102),(2685,0,0,'2023-04-11 22:36:10.554418',42,102),(2686,0,0,'2023-04-11 22:36:25.503596',13,103),(2687,0,0,'2023-04-11 22:36:25.503626',14,103),(2688,0,0,'2023-04-11 22:36:25.503645',15,103),(2689,0,0,'2023-04-11 22:36:25.503662',16,103),(2690,0,0,'2023-04-11 22:36:25.503679',17,103),(2691,0,0,'2023-04-11 22:36:25.503697',18,103),(2692,0,0,'2023-04-11 22:36:25.503714',19,103),(2693,0,0,'2023-04-11 22:36:25.506091',20,103),(2694,0,0,'2023-04-11 22:36:25.506120',21,103),(2695,0,0,'2023-04-11 22:36:25.506139',22,103),(2696,0,0,'2023-04-11 22:36:25.506156',23,103),(2697,0,0,'2023-04-11 22:36:25.506173',24,103),(2698,0,0,'2023-04-11 22:36:25.506191',25,103),(2699,0,0,'2023-04-11 22:36:25.506208',26,103),(2700,0,0,'2023-04-11 22:36:25.508501',27,103),(2701,0,0,'2023-04-11 22:36:25.508529',28,103),(2702,0,0,'2023-04-11 22:36:25.508547',29,103),(2703,0,0,'2023-04-11 22:36:25.508565',30,103),(2704,0,0,'2023-04-11 22:36:25.508582',31,103),(2705,0,0,'2023-04-11 22:36:25.508599',32,103),(2706,0,0,'2023-04-11 22:36:25.508616',33,103),(2707,0,0,'2023-04-11 22:36:25.510929',34,103),(2708,0,0,'2023-04-11 22:36:25.510958',35,103),(2709,0,0,'2023-04-11 22:36:25.510977',36,103),(2710,0,0,'2023-04-11 22:36:25.513001',37,103),(2711,0,0,'2023-04-11 22:36:25.513030',38,103),(2712,0,0,'2023-04-11 22:36:25.513048',39,103),(2713,0,0,'2023-04-11 22:36:25.515199',40,103),(2714,0,0,'2023-04-11 22:36:25.515228',41,103),(2715,0,0,'2023-04-11 22:36:25.515247',42,103),(2716,0,0,'2023-04-11 22:38:03.386821',13,104),(2717,0,0,'2023-04-11 22:38:03.386852',14,104),(2718,0,0,'2023-04-11 22:38:03.386871',15,104),(2719,0,0,'2023-04-11 22:38:03.386889',16,104),(2720,0,0,'2023-04-11 22:38:03.386906',17,104),(2721,0,0,'2023-04-11 22:38:03.386924',18,104),(2722,0,0,'2023-04-11 22:38:03.386941',19,104),(2723,0,0,'2023-04-11 22:38:03.389409',20,104),(2724,0,0,'2023-04-11 22:38:03.389439',21,104),(2725,0,0,'2023-04-11 22:38:03.389458',22,104),(2726,0,0,'2023-04-11 22:38:03.389476',23,104),(2727,0,0,'2023-04-11 22:38:03.389493',24,104),(2728,0,0,'2023-04-11 22:38:03.389511',25,104),(2729,0,0,'2023-04-11 22:38:03.389528',26,104),(2730,0,0,'2023-04-11 22:38:03.392324',27,104),(2731,0,0,'2023-04-11 22:38:03.392353',28,104),(2732,0,0,'2023-04-11 22:38:03.392372',29,104),(2733,0,0,'2023-04-11 22:38:03.392390',30,104),(2734,0,0,'2023-04-11 22:38:03.392407',31,104),(2735,0,0,'2023-04-11 22:38:03.392424',32,104),(2736,0,0,'2023-04-11 22:38:03.392442',33,104),(2737,0,0,'2023-04-11 22:38:03.395417',34,104),(2738,0,0,'2023-04-11 22:38:03.395447',35,104),(2739,0,0,'2023-04-11 22:38:03.395466',36,104),(2740,0,0,'2023-04-11 22:38:03.398504',37,104),(2741,0,0,'2023-04-11 22:38:03.398534',38,104),(2742,0,0,'2023-04-11 22:38:03.398552',39,104),(2743,0,0,'2023-04-11 22:38:03.400633',40,104),(2744,0,0,'2023-04-11 22:38:03.400663',41,104),(2745,0,0,'2023-04-11 22:38:03.400681',42,104),(2746,0,0,'2023-04-11 22:38:22.459622',13,105),(2747,0,0,'2023-04-11 22:38:22.459652',14,105),(2748,0,0,'2023-04-11 22:38:22.459671',15,105),(2749,0,0,'2023-04-11 22:38:22.459688',16,105),(2750,0,0,'2023-04-11 22:38:22.459706',17,105),(2751,0,0,'2023-04-11 22:38:22.459723',18,105),(2752,0,0,'2023-04-11 22:38:22.459741',19,105),(2753,0,0,'2023-04-11 22:38:22.462325',20,105),(2754,0,0,'2023-04-11 22:38:22.462353',21,105),(2755,0,0,'2023-04-11 22:38:22.462372',22,105),(2756,0,0,'2023-04-11 22:38:22.462390',23,105),(2757,0,0,'2023-04-11 22:38:22.462407',24,105),(2758,0,0,'2023-04-11 22:38:22.462424',25,105),(2759,0,0,'2023-04-11 22:38:22.462442',26,105),(2760,0,0,'2023-04-11 22:38:22.465563',27,105),(2761,0,0,'2023-04-11 22:38:22.465593',28,105),(2762,0,0,'2023-04-11 22:38:22.465613',29,105),(2763,0,0,'2023-04-11 22:38:22.465631',30,105),(2764,0,0,'2023-04-11 22:38:22.465648',31,105),(2765,0,0,'2023-04-11 22:38:22.465666',32,105),(2766,0,0,'2023-04-11 22:38:22.465683',33,105),(2767,0,0,'2023-04-11 22:38:22.468118',34,105),(2768,0,0,'2023-04-11 22:38:22.468148',35,105),(2769,0,0,'2023-04-11 22:38:22.468166',36,105),(2770,0,0,'2023-04-11 22:38:22.470158',37,105),(2771,0,0,'2023-04-11 22:38:22.470187',38,105),(2772,0,0,'2023-04-11 22:38:22.470206',39,105),(2773,0,0,'2023-04-11 22:38:22.472205',40,105),(2774,0,0,'2023-04-11 22:38:22.472235',41,105),(2775,0,0,'2023-04-11 22:38:22.472253',42,105),(2776,0,0,'2023-04-11 22:39:13.718719',13,106),(2777,0,0,'2023-04-11 22:39:13.718750',14,106),(2778,0,0,'2023-04-11 22:39:13.718770',15,106),(2779,0,0,'2023-04-11 22:39:13.718788',16,106),(2780,0,0,'2023-04-11 22:39:13.718806',17,106),(2781,0,0,'2023-04-11 22:39:13.718825',18,106),(2782,0,0,'2023-04-11 22:39:13.718842',19,106),(2783,0,0,'2023-04-11 22:39:13.721618',20,106),(2784,0,0,'2023-04-11 22:39:13.721648',21,106),(2785,0,0,'2023-04-11 22:39:13.721667',22,106),(2786,0,0,'2023-04-11 22:39:13.721685',23,106),(2787,0,0,'2023-04-11 22:39:13.721703',24,106),(2788,0,0,'2023-04-11 22:39:13.721721',25,106),(2789,0,0,'2023-04-11 22:39:13.721739',26,106),(2790,0,0,'2023-04-11 22:39:13.724392',27,106),(2791,0,0,'2023-04-11 22:39:13.724422',28,106),(2792,0,0,'2023-04-11 22:39:13.724441',29,106),(2793,0,0,'2023-04-11 22:39:13.724459',30,106),(2794,0,0,'2023-04-11 22:39:13.724477',31,106),(2795,0,0,'2023-04-11 22:39:13.724494',32,106),(2796,0,0,'2023-04-11 22:39:13.724512',33,106),(2797,0,0,'2023-04-11 22:39:13.727044',34,106),(2798,0,0,'2023-04-11 22:39:13.727073',35,106),(2799,0,0,'2023-04-11 22:39:13.727092',36,106),(2800,0,0,'2023-04-11 22:39:13.729180',37,106),(2801,0,0,'2023-04-11 22:39:13.729210',38,106),(2802,0,0,'2023-04-11 22:39:13.729229',39,106),(2803,0,0,'2023-04-11 22:39:13.731466',40,106),(2804,0,0,'2023-04-11 22:39:13.731495',41,106),(2805,0,0,'2023-04-11 22:39:13.731514',42,106),(2836,0,0,'2023-04-11 22:41:35.780099',13,108),(2837,0,0,'2023-04-11 22:41:35.780132',14,108),(2838,0,0,'2023-04-11 22:41:35.780151',15,108),(2839,0,0,'2023-04-11 22:41:35.780169',16,108),(2840,0,0,'2023-04-11 22:41:35.780187',17,108),(2841,0,0,'2023-04-11 22:41:35.780204',18,108),(2842,0,0,'2023-04-11 22:41:35.780221',19,108),(2843,0,0,'2023-04-11 22:41:35.782904',20,108),(2844,0,0,'2023-04-11 22:41:35.782934',21,108),(2845,0,0,'2023-04-11 22:41:35.782952',22,108),(2846,0,0,'2023-04-11 22:41:35.782970',23,108),(2847,0,0,'2023-04-11 22:41:35.782987',24,108),(2848,0,0,'2023-04-11 22:41:35.783004',25,108),(2849,0,0,'2023-04-11 22:41:35.783021',26,108),(2850,0,0,'2023-04-11 22:41:35.785475',27,108),(2851,0,0,'2023-04-11 22:41:35.785504',28,108),(2852,0,0,'2023-04-11 22:41:35.785523',29,108),(2853,0,0,'2023-04-11 22:41:35.785541',30,108),(2854,0,0,'2023-04-11 22:41:35.785560',31,108),(2855,0,0,'2023-04-11 22:41:35.785578',32,108),(2856,0,0,'2023-04-11 22:41:35.785595',33,108),(2857,0,0,'2023-04-11 22:41:35.787953',34,108),(2858,0,0,'2023-04-11 22:41:35.787982',35,108),(2859,0,0,'2023-04-11 22:41:35.788000',36,108),(2860,0,0,'2023-04-11 22:41:35.790172',37,108),(2861,0,0,'2023-04-11 22:41:35.790201',38,108),(2862,0,0,'2023-04-11 22:41:35.790220',39,108),(2863,0,0,'2023-04-11 22:41:35.792968',40,108),(2864,0,0,'2023-04-11 22:41:35.792998',41,108),(2865,0,0,'2023-04-11 22:41:35.793017',42,108),(2866,0,0,'2023-04-11 22:41:48.479335',13,109),(2867,0,0,'2023-04-11 22:41:48.479365',14,109),(2868,0,0,'2023-04-11 22:41:48.479384',15,109),(2869,0,0,'2023-04-11 22:41:48.479402',16,109),(2870,0,0,'2023-04-11 22:41:48.479419',17,109),(2871,0,0,'2023-04-11 22:41:48.479436',18,109),(2872,0,0,'2023-04-11 22:41:48.479454',19,109),(2873,0,0,'2023-04-11 22:41:48.482013',20,109),(2874,0,0,'2023-04-11 22:41:48.482043',21,109),(2875,0,0,'2023-04-11 22:41:48.482062',22,109),(2876,0,0,'2023-04-11 22:41:48.482079',23,109),(2877,0,0,'2023-04-11 22:41:48.482096',24,109),(2878,0,0,'2023-04-11 22:41:48.482113',25,109),(2879,0,0,'2023-04-11 22:41:48.482129',26,109),(2880,0,0,'2023-04-11 22:41:48.484485',27,109),(2881,0,0,'2023-04-11 22:41:48.484514',28,109),(2882,0,0,'2023-04-11 22:41:48.484533',29,109),(2883,0,0,'2023-04-11 22:41:48.484552',30,109),(2884,0,0,'2023-04-11 22:41:48.484569',31,109),(2885,0,0,'2023-04-11 22:41:48.484587',32,109),(2886,0,0,'2023-04-11 22:41:48.484604',33,109),(2887,0,0,'2023-04-11 22:41:48.487330',34,109),(2888,0,0,'2023-04-11 22:41:48.487358',35,109),(2889,0,0,'2023-04-11 22:41:48.487376',36,109),(2890,0,0,'2023-04-11 22:41:48.489601',37,109),(2891,0,0,'2023-04-11 22:41:48.489629',38,109),(2892,0,0,'2023-04-11 22:41:48.489648',39,109),(2893,0,0,'2023-04-11 22:41:48.491752',40,109),(2894,0,0,'2023-04-11 22:41:48.491780',41,109),(2895,0,0,'2023-04-11 22:41:48.491798',42,109),(2896,0,0,'2023-04-11 22:42:31.932177',13,110),(2897,0,0,'2023-04-11 22:42:31.932208',14,110),(2898,0,0,'2023-04-11 22:42:31.932227',15,110),(2899,0,0,'2023-04-11 22:42:31.932244',16,110),(2900,0,0,'2023-04-11 22:42:31.932261',17,110),(2901,0,0,'2023-04-11 22:42:31.932278',18,110),(2902,0,0,'2023-04-11 22:42:31.932295',19,110),(2903,0,0,'2023-04-11 22:42:31.935218',20,110),(2904,0,0,'2023-04-11 22:42:31.935248',21,110),(2905,0,0,'2023-04-11 22:42:31.935267',22,110),(2906,0,0,'2023-04-11 22:42:31.935285',23,110),(2907,0,0,'2023-04-11 22:42:31.935302',24,110),(2908,0,0,'2023-04-11 22:42:31.935319',25,110),(2909,0,0,'2023-04-11 22:42:31.935336',26,110),(2910,0,0,'2023-04-11 22:42:31.937705',27,110),(2911,0,0,'2023-04-11 22:42:31.937734',28,110),(2912,0,0,'2023-04-11 22:42:31.937753',29,110),(2913,0,0,'2023-04-11 22:42:31.937770',30,110),(2914,0,0,'2023-04-11 22:42:31.937787',31,110),(2915,0,0,'2023-04-11 22:42:31.937804',32,110),(2916,0,0,'2023-04-11 22:42:31.937821',33,110),(2917,0,0,'2023-04-11 22:42:31.940167',34,110),(2918,0,0,'2023-04-11 22:42:31.940196',35,110),(2919,0,0,'2023-04-11 22:42:31.940215',36,110),(2920,0,0,'2023-04-11 22:42:31.942304',37,110),(2921,0,0,'2023-04-11 22:42:31.942333',38,110),(2922,0,0,'2023-04-11 22:42:31.942351',39,110),(2923,0,0,'2023-04-11 22:42:31.944442',40,110),(2924,0,0,'2023-04-11 22:42:31.944470',41,110),(2925,0,0,'2023-04-11 22:42:31.944489',42,110),(2926,0,0,'2023-04-11 22:42:43.936191',13,111),(2927,0,0,'2023-04-11 22:42:43.936224',14,111),(2928,0,0,'2023-04-11 22:42:43.936244',15,111),(2929,0,0,'2023-04-11 22:42:43.936263',16,111),(2930,0,0,'2023-04-11 22:42:43.936281',17,111),(2931,0,0,'2023-04-11 22:42:43.936300',18,111),(2932,0,0,'2023-04-11 22:42:43.936317',19,111),(2933,0,0,'2023-04-11 22:42:43.939597',20,111),(2934,0,0,'2023-04-11 22:42:43.939628',21,111),(2935,0,0,'2023-04-11 22:42:43.939647',22,111),(2936,0,0,'2023-04-11 22:42:43.939664',23,111),(2937,0,0,'2023-04-11 22:42:43.939682',24,111),(2938,0,0,'2023-04-11 22:42:43.939699',25,111),(2939,0,0,'2023-04-11 22:42:43.939716',26,111),(2940,0,0,'2023-04-11 22:42:43.942432',27,111),(2941,0,0,'2023-04-11 22:42:43.942463',28,111),(2942,0,0,'2023-04-11 22:42:43.942482',29,111),(2943,0,0,'2023-04-11 22:42:43.942500',30,111),(2944,0,0,'2023-04-11 22:42:43.942519',31,111),(2945,0,0,'2023-04-11 22:42:43.942537',32,111),(2946,0,0,'2023-04-11 22:42:43.942555',33,111),(2947,0,0,'2023-04-11 22:42:43.945006',34,111),(2948,0,0,'2023-04-11 22:42:43.945036',35,111),(2949,0,0,'2023-04-11 22:42:43.945055',36,111),(2950,0,0,'2023-04-11 22:42:43.947441',37,111),(2951,0,0,'2023-04-11 22:42:43.947472',38,111),(2952,0,0,'2023-04-11 22:42:43.947492',39,111),(2953,0,0,'2023-04-11 22:42:43.949664',40,111),(2954,0,0,'2023-04-11 22:42:43.949694',41,111),(2955,0,0,'2023-04-11 22:42:43.949713',42,111),(2956,0,0,'2023-04-11 22:42:56.370550',13,112),(2957,0,0,'2023-04-11 22:42:56.370582',14,112),(2958,0,0,'2023-04-11 22:42:56.370602',15,112),(2959,0,0,'2023-04-11 22:42:56.370620',16,112),(2960,0,0,'2023-04-11 22:42:56.370638',17,112),(2961,0,0,'2023-04-11 22:42:56.370656',18,112),(2962,0,0,'2023-04-11 22:42:56.370674',19,112),(2963,0,0,'2023-04-11 22:42:56.373128',20,112),(2964,0,0,'2023-04-11 22:42:56.373159',21,112),(2965,0,0,'2023-04-11 22:42:56.373179',22,112),(2966,0,0,'2023-04-11 22:42:56.373197',23,112),(2967,0,0,'2023-04-11 22:42:56.373216',24,112),(2968,0,0,'2023-04-11 22:42:56.373234',25,112),(2969,0,0,'2023-04-11 22:42:56.373252',26,112),(2970,0,0,'2023-04-11 22:42:56.375914',27,112),(2971,0,0,'2023-04-11 22:42:56.375945',28,112),(2972,0,0,'2023-04-11 22:42:56.375964',29,112),(2973,0,0,'2023-04-11 22:42:56.375982',30,112),(2974,0,0,'2023-04-11 22:42:56.376000',31,112),(2975,0,0,'2023-04-11 22:42:56.376018',32,112),(2976,0,0,'2023-04-11 22:42:56.376037',33,112),(2977,0,0,'2023-04-11 22:42:56.378363',34,112),(2978,0,0,'2023-04-11 22:42:56.378393',35,112),(2979,0,0,'2023-04-11 22:42:56.378413',36,112),(2980,0,0,'2023-04-11 22:42:56.380457',37,112),(2981,0,0,'2023-04-11 22:42:56.380488',38,112),(2982,0,0,'2023-04-11 22:42:56.380508',39,112),(2983,0,0,'2023-04-11 22:42:56.382743',40,112),(2984,0,0,'2023-04-11 22:42:56.382774',41,112),(2985,0,0,'2023-04-11 22:42:56.382793',42,112),(2986,0,0,'2023-04-11 22:43:10.361503',13,113),(2987,0,0,'2023-04-11 22:43:10.361535',14,113),(2988,0,0,'2023-04-11 22:43:10.361554',15,113),(2989,0,0,'2023-04-11 22:43:10.361572',16,113),(2990,0,0,'2023-04-11 22:43:10.361589',17,113),(2991,0,0,'2023-04-11 22:43:10.361606',18,113),(2992,0,0,'2023-04-11 22:43:10.361623',19,113),(2993,0,0,'2023-04-11 22:43:10.422986',20,113),(2994,0,0,'2023-04-11 22:43:10.423016',21,113),(2995,0,0,'2023-04-11 22:43:10.423034',22,113),(2996,0,0,'2023-04-11 22:43:10.423051',23,113),(2997,0,0,'2023-04-11 22:43:10.423068',24,113),(2998,0,0,'2023-04-11 22:43:10.423086',25,113),(2999,0,0,'2023-04-11 22:43:10.423102',26,113),(3000,0,0,'2023-04-11 22:43:10.425458',27,113),(3001,0,0,'2023-04-11 22:43:10.425487',28,113),(3002,0,0,'2023-04-11 22:43:10.425505',29,113),(3003,0,0,'2023-04-11 22:43:10.425523',30,113),(3004,0,0,'2023-04-11 22:43:10.425540',31,113),(3005,0,0,'2023-04-11 22:43:10.425557',32,113),(3006,0,0,'2023-04-11 22:43:10.425574',33,113),(3007,0,0,'2023-04-11 22:43:10.427907',34,113),(3008,0,0,'2023-04-11 22:43:10.427936',35,113),(3009,0,0,'2023-04-11 22:43:10.427955',36,113),(3010,0,0,'2023-04-11 22:43:10.429945',37,113),(3011,0,0,'2023-04-11 22:43:10.429975',38,113),(3012,0,0,'2023-04-11 22:43:10.429993',39,113),(3013,0,0,'2023-04-11 22:43:10.432131',40,113),(3014,0,0,'2023-04-11 22:43:10.432160',41,113),(3015,0,0,'2023-04-11 22:43:10.432178',42,113),(3016,0,0,'2023-04-11 22:43:22.246784',13,114),(3017,0,0,'2023-04-11 22:43:22.246815',14,114),(3018,0,0,'2023-04-11 22:43:22.246835',15,114),(3019,0,0,'2023-04-11 22:43:22.246852',16,114),(3020,0,0,'2023-04-11 22:43:22.246870',17,114),(3021,0,0,'2023-04-11 22:43:22.246887',18,114),(3022,0,0,'2023-04-11 22:43:22.246905',19,114),(3023,0,0,'2023-04-11 22:43:22.249389',20,114),(3024,0,0,'2023-04-11 22:43:22.249419',21,114),(3025,0,0,'2023-04-11 22:43:22.249438',22,114),(3026,0,0,'2023-04-11 22:43:22.249456',23,114),(3027,0,0,'2023-04-11 22:43:22.249473',24,114),(3028,0,0,'2023-04-11 22:43:22.249491',25,114),(3029,0,0,'2023-04-11 22:43:22.249508',26,114),(3030,0,0,'2023-04-11 22:43:22.252100',27,114),(3031,0,0,'2023-04-11 22:43:22.252129',28,114),(3032,0,0,'2023-04-11 22:43:22.252148',29,114),(3033,0,0,'2023-04-11 22:43:22.252166',30,114),(3034,0,0,'2023-04-11 22:43:22.252183',31,114),(3035,0,0,'2023-04-11 22:43:22.252201',32,114),(3036,0,0,'2023-04-11 22:43:22.252218',33,114),(3037,0,0,'2023-04-11 22:43:22.254658',34,114),(3038,0,0,'2023-04-11 22:43:22.254687',35,114),(3039,0,0,'2023-04-11 22:43:22.254706',36,114),(3040,0,0,'2023-04-11 22:43:22.256773',37,114),(3041,0,0,'2023-04-11 22:43:22.256802',38,114),(3042,0,0,'2023-04-11 22:43:22.256821',39,114),(3043,0,0,'2023-04-11 22:43:22.259109',40,114),(3044,0,0,'2023-04-11 22:43:22.259138',41,114),(3045,0,0,'2023-04-11 22:43:22.259157',42,114),(3046,0,0,'2023-04-11 22:43:33.505567',13,115),(3047,0,0,'2023-04-11 22:43:33.505600',14,115),(3048,0,0,'2023-04-11 22:43:33.505619',15,115),(3049,0,0,'2023-04-11 22:43:33.505637',16,115),(3050,0,0,'2023-04-11 22:43:33.505655',17,115),(3051,0,0,'2023-04-11 22:43:33.505673',18,115),(3052,0,0,'2023-04-11 22:43:33.505690',19,115),(3053,0,0,'2023-04-11 22:43:33.508387',20,115),(3054,0,0,'2023-04-11 22:43:33.508418',21,115),(3055,0,0,'2023-04-11 22:43:33.508437',22,115),(3056,0,0,'2023-04-11 22:43:33.508455',23,115),(3057,0,0,'2023-04-11 22:43:33.508472',24,115),(3058,0,0,'2023-04-11 22:43:33.508489',25,115),(3059,0,0,'2023-04-11 22:43:33.508507',26,115),(3060,0,0,'2023-04-11 22:43:33.511080',27,115),(3061,0,0,'2023-04-11 22:43:33.511110',28,115),(3062,0,0,'2023-04-11 22:43:33.511129',29,115),(3063,0,0,'2023-04-11 22:43:33.511147',30,115),(3064,0,0,'2023-04-11 22:43:33.511164',31,115),(3065,0,0,'2023-04-11 22:43:33.511182',32,115),(3066,0,0,'2023-04-11 22:43:33.511199',33,115),(3067,0,0,'2023-04-11 22:43:33.513599',34,115),(3068,0,0,'2023-04-11 22:43:33.513628',35,115),(3069,0,0,'2023-04-11 22:43:33.513647',36,115),(3070,0,0,'2023-04-11 22:43:33.515741',37,115),(3071,0,0,'2023-04-11 22:43:33.515771',38,115),(3072,0,0,'2023-04-11 22:43:33.515790',39,115),(3073,0,0,'2023-04-11 22:43:33.517870',40,115),(3074,0,0,'2023-04-11 22:43:33.517899',41,115),(3075,0,0,'2023-04-11 22:43:33.517918',42,115),(3076,0,0,'2023-04-11 22:43:45.704754',13,116),(3077,0,0,'2023-04-11 22:43:45.704786',14,116),(3078,0,0,'2023-04-11 22:43:45.704805',15,116),(3079,0,0,'2023-04-11 22:43:45.704823',16,116),(3080,0,0,'2023-04-11 22:43:45.704841',17,116),(3081,0,0,'2023-04-11 22:43:45.704870',18,116),(3082,0,0,'2023-04-11 22:43:45.704888',19,116),(3083,0,0,'2023-04-11 22:43:45.707745',20,116),(3084,0,0,'2023-04-11 22:43:45.707776',21,116),(3085,0,0,'2023-04-11 22:43:45.707795',22,116),(3086,0,0,'2023-04-11 22:43:45.707814',23,116),(3087,0,0,'2023-04-11 22:43:45.707831',24,116),(3088,0,0,'2023-04-11 22:43:45.707849',25,116),(3089,0,0,'2023-04-11 22:43:45.707867',26,116),(3090,0,0,'2023-04-11 22:43:45.710348',27,116),(3091,0,0,'2023-04-11 22:43:45.710379',28,116),(3092,0,0,'2023-04-11 22:43:45.710398',29,116),(3093,0,0,'2023-04-11 22:43:45.710416',30,116),(3094,0,0,'2023-04-11 22:43:45.710434',31,116),(3095,0,0,'2023-04-11 22:43:45.710451',32,116),(3096,0,0,'2023-04-11 22:43:45.710469',33,116),(3097,0,0,'2023-04-11 22:43:45.712841',34,116),(3098,0,0,'2023-04-11 22:43:45.712883',35,116),(3099,0,0,'2023-04-11 22:43:45.712902',36,116),(3100,0,0,'2023-04-11 22:43:45.714989',37,116),(3101,0,0,'2023-04-11 22:43:45.715018',38,116),(3102,0,0,'2023-04-11 22:43:45.715037',39,116),(3103,0,0,'2023-04-11 22:43:45.717223',40,116),(3104,0,0,'2023-04-11 22:43:45.717253',41,116),(3105,0,0,'2023-04-11 22:43:45.717272',42,116),(3106,0,0,'2023-04-11 22:43:58.685380',13,117),(3107,0,0,'2023-04-11 22:43:58.685410',14,117),(3108,0,0,'2023-04-11 22:43:58.685429',15,117),(3109,0,0,'2023-04-11 22:43:58.685446',16,117),(3110,0,0,'2023-04-11 22:43:58.685463',17,117),(3111,0,0,'2023-04-11 22:43:58.685480',18,117),(3112,0,0,'2023-04-11 22:43:58.685496',19,117),(3113,0,0,'2023-04-11 22:43:58.688251',20,117),(3114,0,0,'2023-04-11 22:43:58.688281',21,117),(3115,0,0,'2023-04-11 22:43:58.688300',22,117),(3116,0,0,'2023-04-11 22:43:58.688317',23,117),(3117,0,0,'2023-04-11 22:43:58.688334',24,117),(3118,0,0,'2023-04-11 22:43:58.688351',25,117),(3119,0,0,'2023-04-11 22:43:58.688368',26,117),(3120,0,0,'2023-04-11 22:43:58.691021',27,117),(3121,0,0,'2023-04-11 22:43:58.691050',28,117),(3122,0,0,'2023-04-11 22:43:58.691068',29,117),(3123,0,0,'2023-04-11 22:43:58.691086',30,117),(3124,0,0,'2023-04-11 22:43:58.691103',31,117),(3125,0,0,'2023-04-11 22:43:58.691120',32,117),(3126,0,0,'2023-04-11 22:43:58.691137',33,117),(3127,0,0,'2023-04-11 22:43:58.693432',34,117),(3128,0,0,'2023-04-11 22:43:58.693461',35,117),(3129,0,0,'2023-04-11 22:43:58.693479',36,117),(3130,0,0,'2023-04-11 22:43:58.695728',37,117),(3131,0,0,'2023-04-11 22:43:58.695756',38,117),(3132,0,0,'2023-04-11 22:43:58.695774',39,117),(3133,0,0,'2023-04-11 22:43:58.697839',40,117),(3134,0,0,'2023-04-11 22:43:58.697867',41,117),(3135,0,0,'2023-04-11 22:43:58.697885',42,117),(3136,0,0,'2023-04-11 22:44:12.963600',13,118),(3137,0,0,'2023-04-11 22:44:12.963632',14,118),(3138,0,0,'2023-04-11 22:44:12.963651',15,118),(3139,0,0,'2023-04-11 22:44:12.963668',16,118),(3140,0,0,'2023-04-11 22:44:12.963685',17,118),(3141,0,0,'2023-04-11 22:44:12.963702',18,118),(3142,0,0,'2023-04-11 22:44:12.963719',19,118),(3143,0,0,'2023-04-11 22:44:12.966213',20,118),(3144,0,0,'2023-04-11 22:44:12.966242',21,118),(3145,0,0,'2023-04-11 22:44:12.966261',22,118),(3146,0,0,'2023-04-11 22:44:12.966279',23,118),(3147,0,0,'2023-04-11 22:44:12.966296',24,118),(3148,0,0,'2023-04-11 22:44:12.966314',25,118),(3149,0,0,'2023-04-11 22:44:12.966331',26,118),(3150,0,0,'2023-04-11 22:44:12.968809',27,118),(3151,0,0,'2023-04-11 22:44:12.968838',28,118),(3152,0,0,'2023-04-11 22:44:12.968867',29,118),(3153,0,0,'2023-04-11 22:44:12.968885',30,118),(3154,0,0,'2023-04-11 22:44:12.968902',31,118),(3155,0,0,'2023-04-11 22:44:12.968919',32,118),(3156,0,0,'2023-04-11 22:44:12.968936',33,118),(3157,0,0,'2023-04-11 22:44:12.971246',34,118),(3158,0,0,'2023-04-11 22:44:12.971274',35,118),(3159,0,0,'2023-04-11 22:44:12.971293',36,118),(3160,0,0,'2023-04-11 22:44:12.973419',37,118),(3161,0,0,'2023-04-11 22:44:12.973447',38,118),(3162,0,0,'2023-04-11 22:44:12.973466',39,118),(3163,0,0,'2023-04-11 22:44:12.975779',40,118),(3164,0,0,'2023-04-11 22:44:12.975808',41,118),(3165,0,0,'2023-04-11 22:44:12.975826',42,118),(3166,0,0,'2023-04-11 22:44:25.182579',13,119),(3167,0,0,'2023-04-11 22:44:25.182610',14,119),(3168,0,0,'2023-04-11 22:44:25.182628',15,119),(3169,0,0,'2023-04-11 22:44:25.182646',16,119),(3170,0,0,'2023-04-11 22:44:25.182663',17,119),(3171,0,0,'2023-04-11 22:44:25.182680',18,119),(3172,0,0,'2023-04-11 22:44:25.182697',19,119),(3173,0,0,'2023-04-11 22:44:25.185203',20,119),(3174,0,0,'2023-04-11 22:44:25.185233',21,119),(3175,0,0,'2023-04-11 22:44:25.185252',22,119),(3176,0,0,'2023-04-11 22:44:25.185270',23,119),(3177,0,0,'2023-04-11 22:44:25.185287',24,119),(3178,0,0,'2023-04-11 22:44:25.185304',25,119),(3179,0,0,'2023-04-11 22:44:25.185322',26,119),(3180,0,0,'2023-04-11 22:44:25.187970',27,119),(3181,0,0,'2023-04-11 22:44:25.187998',28,119),(3182,0,0,'2023-04-11 22:44:25.188017',29,119),(3183,0,0,'2023-04-11 22:44:25.188035',30,119),(3184,0,0,'2023-04-11 22:44:25.188052',31,119),(3185,0,0,'2023-04-11 22:44:25.188070',32,119),(3186,0,0,'2023-04-11 22:44:25.188087',33,119),(3187,0,0,'2023-04-11 22:44:25.190368',34,119),(3188,0,0,'2023-04-11 22:44:25.190397',35,119),(3189,0,0,'2023-04-11 22:44:25.190415',36,119),(3190,0,0,'2023-04-11 22:44:25.192472',37,119),(3191,0,0,'2023-04-11 22:44:25.192501',38,119),(3192,0,0,'2023-04-11 22:44:25.192520',39,119),(3193,0,0,'2023-04-11 22:44:25.194987',40,119),(3194,0,0,'2023-04-11 22:44:25.195016',41,119),(3195,0,0,'2023-04-11 22:44:25.195035',42,119),(3196,0,0,'2023-04-11 22:45:12.519801',13,120),(3197,0,0,'2023-04-11 22:45:12.519834',14,120),(3198,0,0,'2023-04-11 22:45:12.519853',15,120),(3199,0,0,'2023-04-11 22:45:12.519871',16,120),(3200,0,0,'2023-04-11 22:45:12.519889',17,120),(3201,0,0,'2023-04-11 22:45:12.519907',18,120),(3202,0,0,'2023-04-11 22:45:12.519935',19,120),(3203,0,0,'2023-04-11 22:45:12.522620',20,120),(3204,0,0,'2023-04-11 22:45:12.522652',21,120),(3205,0,0,'2023-04-11 22:45:12.522672',22,120),(3206,0,0,'2023-04-11 22:45:12.522690',23,120),(3207,0,0,'2023-04-11 22:45:12.522708',24,120),(3208,0,0,'2023-04-11 22:45:12.522726',25,120),(3209,0,0,'2023-04-11 22:45:12.522743',26,120),(3210,0,0,'2023-04-11 22:45:12.525234',27,120),(3211,0,0,'2023-04-11 22:45:12.525265',28,120),(3212,0,0,'2023-04-11 22:45:12.525284',29,120),(3213,0,0,'2023-04-11 22:45:12.525303',30,120),(3214,0,0,'2023-04-11 22:45:12.525320',31,120),(3215,0,0,'2023-04-11 22:45:12.525338',32,120),(3216,0,0,'2023-04-11 22:45:12.525356',33,120),(3217,0,0,'2023-04-11 22:45:12.527918',34,120),(3218,0,0,'2023-04-11 22:45:12.527948',35,120),(3219,0,0,'2023-04-11 22:45:12.527967',36,120),(3220,0,0,'2023-04-11 22:45:12.530332',37,120),(3221,0,0,'2023-04-11 22:45:12.530362',38,120),(3222,0,0,'2023-04-11 22:45:12.530382',39,120),(3223,0,0,'2023-04-11 22:45:12.532957',40,120),(3224,0,0,'2023-04-11 22:45:12.532988',41,120),(3225,0,0,'2023-04-11 22:45:12.533007',42,120),(3226,0,0,'2023-04-11 22:45:23.473811',13,121),(3227,0,0,'2023-04-11 22:45:23.473843',14,121),(3228,0,0,'2023-04-11 22:45:23.473862',15,121),(3229,0,0,'2023-04-11 22:45:23.473880',16,121),(3230,0,0,'2023-04-11 22:45:23.473897',17,121),(3231,0,0,'2023-04-11 22:45:23.473914',18,121),(3232,0,0,'2023-04-11 22:45:23.473931',19,121),(3233,0,0,'2023-04-11 22:45:23.476638',20,121),(3234,0,0,'2023-04-11 22:45:23.476668',21,121),(3235,0,0,'2023-04-11 22:45:23.476687',22,121),(3236,0,0,'2023-04-11 22:45:23.476704',23,121),(3237,0,0,'2023-04-11 22:45:23.476722',24,121),(3238,0,0,'2023-04-11 22:45:23.476739',25,121),(3239,0,0,'2023-04-11 22:45:23.476756',26,121),(3240,0,0,'2023-04-11 22:45:23.479539',27,121),(3241,0,0,'2023-04-11 22:45:23.479570',28,121),(3242,0,0,'2023-04-11 22:45:23.479589',29,121),(3243,0,0,'2023-04-11 22:45:23.479606',30,121),(3244,0,0,'2023-04-11 22:45:23.479623',31,121),(3245,0,0,'2023-04-11 22:45:23.479640',32,121),(3246,0,0,'2023-04-11 22:45:23.479657',33,121),(3247,0,0,'2023-04-11 22:45:23.481879',34,121),(3248,0,0,'2023-04-11 22:45:23.481909',35,121),(3249,0,0,'2023-04-11 22:45:23.481928',36,121),(3250,0,0,'2023-04-11 22:45:23.484236',37,121),(3251,0,0,'2023-04-11 22:45:23.484265',38,121),(3252,0,0,'2023-04-11 22:45:23.484284',39,121),(3253,0,0,'2023-04-11 22:45:23.486334',40,121),(3254,0,0,'2023-04-11 22:45:23.486363',41,121),(3255,0,0,'2023-04-11 22:45:23.486382',42,121),(3256,0,0,'2023-04-11 22:45:34.077628',13,122),(3257,0,0,'2023-04-11 22:45:34.077660',14,122),(3258,0,0,'2023-04-11 22:45:34.077679',15,122),(3259,0,0,'2023-04-11 22:45:34.077696',16,122),(3260,0,0,'2023-04-11 22:45:34.077714',17,122),(3261,0,0,'2023-04-11 22:45:34.077731',18,122),(3262,0,0,'2023-04-11 22:45:34.077748',19,122),(3263,0,0,'2023-04-11 22:45:34.080442',20,122),(3264,0,0,'2023-04-11 22:45:34.080472',21,122),(3265,0,0,'2023-04-11 22:45:34.080491',22,122),(3266,0,0,'2023-04-11 22:45:34.080509',23,122),(3267,0,0,'2023-04-11 22:45:34.080526',24,122),(3268,0,0,'2023-04-11 22:45:34.080543',25,122),(3269,0,0,'2023-04-11 22:45:34.080560',26,122),(3270,0,0,'2023-04-11 22:45:34.083444',27,122),(3271,0,0,'2023-04-11 22:45:34.083472',28,122),(3272,0,0,'2023-04-11 22:45:34.083491',29,122),(3273,0,0,'2023-04-11 22:45:34.083509',30,122),(3274,0,0,'2023-04-11 22:45:34.083526',31,122),(3275,0,0,'2023-04-11 22:45:34.083544',32,122),(3276,0,0,'2023-04-11 22:45:34.083561',33,122),(3277,0,0,'2023-04-11 22:45:34.085909',34,122),(3278,0,0,'2023-04-11 22:45:34.085937',35,122),(3279,0,0,'2023-04-11 22:45:34.085956',36,122),(3280,0,0,'2023-04-11 22:45:34.088167',37,122),(3281,0,0,'2023-04-11 22:45:34.088196',38,122),(3282,0,0,'2023-04-11 22:45:34.088220',39,122),(3283,0,0,'2023-04-11 22:45:34.090247',40,122),(3284,0,0,'2023-04-11 22:45:34.090275',41,122),(3285,0,0,'2023-04-11 22:45:34.090294',42,122),(3286,0,0,'2023-04-11 22:45:46.633714',13,123),(3287,0,0,'2023-04-11 22:45:46.633744',14,123),(3288,0,0,'2023-04-11 22:45:46.633763',15,123),(3289,0,0,'2023-04-11 22:45:46.633780',16,123),(3290,0,0,'2023-04-11 22:45:46.633798',17,123),(3291,0,0,'2023-04-11 22:45:46.633816',18,123),(3292,0,0,'2023-04-11 22:45:46.633833',19,123),(3293,0,0,'2023-04-11 22:45:46.636692',20,123),(3294,0,0,'2023-04-11 22:45:46.636723',21,123),(3295,0,0,'2023-04-11 22:45:46.636742',22,123),(3296,0,0,'2023-04-11 22:45:46.636759',23,123),(3297,0,0,'2023-04-11 22:45:46.636777',24,123),(3298,0,0,'2023-04-11 22:45:46.636794',25,123),(3299,0,0,'2023-04-11 22:45:46.636812',26,123),(3300,0,0,'2023-04-11 22:45:46.639750',27,123),(3301,0,0,'2023-04-11 22:45:46.639779',28,123),(3302,0,0,'2023-04-11 22:45:46.639798',29,123),(3303,0,0,'2023-04-11 22:45:46.639815',30,123),(3304,0,0,'2023-04-11 22:45:46.639833',31,123),(3305,0,0,'2023-04-11 22:45:46.639850',32,123),(3306,0,0,'2023-04-11 22:45:46.639867',33,123),(3307,0,0,'2023-04-11 22:45:46.642493',34,123),(3308,0,0,'2023-04-11 22:45:46.642522',35,123),(3309,0,0,'2023-04-11 22:45:46.642541',36,123),(3310,0,0,'2023-04-11 22:45:46.644648',37,123),(3311,0,0,'2023-04-11 22:45:46.644677',38,123),(3312,0,0,'2023-04-11 22:45:46.644695',39,123),(3313,0,0,'2023-04-11 22:45:46.647019',40,123),(3314,0,0,'2023-04-11 22:45:46.647048',41,123),(3315,0,0,'2023-04-11 22:45:46.647067',42,123),(3316,0,0,'2023-04-11 22:45:58.467255',13,124),(3317,0,0,'2023-04-11 22:45:58.467284',14,124),(3318,0,0,'2023-04-11 22:45:58.467303',15,124),(3319,0,0,'2023-04-11 22:45:58.467320',16,124),(3320,0,0,'2023-04-11 22:45:58.467337',17,124),(3321,0,0,'2023-04-11 22:45:58.467355',18,124),(3322,0,0,'2023-04-11 22:45:58.467372',19,124),(3323,0,0,'2023-04-11 22:45:58.470164',20,124),(3324,0,0,'2023-04-11 22:45:58.470196',21,124),(3325,0,0,'2023-04-11 22:45:58.470215',22,124),(3326,0,0,'2023-04-11 22:45:58.470232',23,124),(3327,0,0,'2023-04-11 22:45:58.470249',24,124),(3328,0,0,'2023-04-11 22:45:58.470266',25,124),(3329,0,0,'2023-04-11 22:45:58.470284',26,124),(3330,0,0,'2023-04-11 22:45:58.472898',27,124),(3331,0,0,'2023-04-11 22:45:58.472927',28,124),(3332,0,0,'2023-04-11 22:45:58.472945',29,124),(3333,0,0,'2023-04-11 22:45:58.472963',30,124),(3334,0,0,'2023-04-11 22:45:58.472980',31,124),(3335,0,0,'2023-04-11 22:45:58.472998',32,124),(3336,0,0,'2023-04-11 22:45:58.473015',33,124),(3337,0,0,'2023-04-11 22:45:58.475457',34,124),(3338,0,0,'2023-04-11 22:45:58.475487',35,124),(3339,0,0,'2023-04-11 22:45:58.475506',36,124),(3340,0,0,'2023-04-11 22:45:58.477590',37,124),(3341,0,0,'2023-04-11 22:45:58.477620',38,124),(3342,0,0,'2023-04-11 22:45:58.477639',39,124),(3343,0,0,'2023-04-11 22:45:58.479782',40,124),(3344,0,0,'2023-04-11 22:45:58.479811',41,124),(3345,0,0,'2023-04-11 22:45:58.479831',42,124),(3346,0,0,'2023-04-11 22:46:12.257526',13,125),(3347,0,0,'2023-04-11 22:46:12.257559',14,125),(3348,0,0,'2023-04-11 22:46:12.257578',15,125),(3349,0,0,'2023-04-11 22:46:12.257595',16,125),(3350,0,0,'2023-04-11 22:46:12.257612',17,125),(3351,0,0,'2023-04-11 22:46:12.257629',18,125),(3352,0,0,'2023-04-11 22:46:12.257646',19,125),(3353,0,0,'2023-04-11 22:46:12.260466',20,125),(3354,0,0,'2023-04-11 22:46:12.260495',21,125),(3355,0,0,'2023-04-11 22:46:12.260514',22,125),(3356,0,0,'2023-04-11 22:46:12.260532',23,125),(3357,0,0,'2023-04-11 22:46:12.260549',24,125),(3358,0,0,'2023-04-11 22:46:12.260567',25,125),(3359,0,0,'2023-04-11 22:46:12.260584',26,125),(3360,0,0,'2023-04-11 22:46:12.263244',27,125),(3361,0,0,'2023-04-11 22:46:12.263273',28,125),(3362,0,0,'2023-04-11 22:46:12.263291',29,125),(3363,0,0,'2023-04-11 22:46:12.263308',30,125),(3364,0,0,'2023-04-11 22:46:12.263325',31,125),(3365,0,0,'2023-04-11 22:46:12.263342',32,125),(3366,0,0,'2023-04-11 22:46:12.263359',33,125),(3367,0,0,'2023-04-11 22:46:12.265546',34,125),(3368,0,0,'2023-04-11 22:46:12.265575',35,125),(3369,0,0,'2023-04-11 22:46:12.265594',36,125),(3370,0,0,'2023-04-11 22:46:12.267639',37,125),(3371,0,0,'2023-04-11 22:46:12.267668',38,125),(3372,0,0,'2023-04-11 22:46:12.267686',39,125),(3373,0,0,'2023-04-11 22:46:12.269751',40,125),(3374,0,0,'2023-04-11 22:46:12.269779',41,125),(3375,0,0,'2023-04-11 22:46:12.269798',42,125),(3376,0,0,'2023-04-11 22:46:28.242084',13,126),(3377,0,0,'2023-04-11 22:46:28.242115',14,126),(3378,0,0,'2023-04-11 22:46:28.242133',15,126),(3379,0,0,'2023-04-11 22:46:28.242151',16,126),(3380,0,0,'2023-04-11 22:46:28.242168',17,126),(3381,0,0,'2023-04-11 22:46:28.242186',18,126),(3382,0,0,'2023-04-11 22:46:28.242203',19,126),(3383,0,0,'2023-04-11 22:46:28.244904',20,126),(3384,0,0,'2023-04-11 22:46:28.244934',21,126),(3385,0,0,'2023-04-11 22:46:28.244953',22,126),(3386,0,0,'2023-04-11 22:46:28.244970',23,126),(3387,0,0,'2023-04-11 22:46:28.244987',24,126),(3388,0,0,'2023-04-11 22:46:28.245004',25,126),(3389,0,0,'2023-04-11 22:46:28.245021',26,126),(3390,0,0,'2023-04-11 22:46:28.247962',27,126),(3391,0,0,'2023-04-11 22:46:28.247992',28,126),(3392,0,0,'2023-04-11 22:46:28.248011',29,126),(3393,0,0,'2023-04-11 22:46:28.248029',30,126),(3394,0,0,'2023-04-11 22:46:28.248046',31,126),(3395,0,0,'2023-04-11 22:46:28.248063',32,126),(3396,0,0,'2023-04-11 22:46:28.248080',33,126),(3397,0,0,'2023-04-11 22:46:28.250279',34,126),(3398,0,0,'2023-04-11 22:46:28.250309',35,126),(3399,0,0,'2023-04-11 22:46:28.250327',36,126),(3400,0,0,'2023-04-11 22:46:28.252468',37,126),(3401,0,0,'2023-04-11 22:46:28.252497',38,126),(3402,0,0,'2023-04-11 22:46:28.252516',39,126),(3403,0,0,'2023-04-11 22:46:28.254693',40,126),(3404,0,0,'2023-04-11 22:46:28.254722',41,126),(3405,0,0,'2023-04-11 22:46:28.254740',42,126),(3406,0,0,'2023-04-11 22:46:43.173793',13,127),(3407,0,0,'2023-04-11 22:46:43.173824',14,127),(3408,0,0,'2023-04-11 22:46:43.173842',15,127),(3409,0,0,'2023-04-11 22:46:43.173860',16,127),(3410,0,0,'2023-04-11 22:46:43.173877',17,127),(3411,0,0,'2023-04-11 22:46:43.173894',18,127),(3412,0,0,'2023-04-11 22:46:43.173911',19,127),(3413,0,0,'2023-04-11 22:46:43.176464',20,127),(3414,0,0,'2023-04-11 22:46:43.176493',21,127),(3415,0,0,'2023-04-11 22:46:43.176512',22,127),(3416,0,0,'2023-04-11 22:46:43.176529',23,127),(3417,0,0,'2023-04-11 22:46:43.176547',24,127),(3418,0,0,'2023-04-11 22:46:43.176564',25,127),(3419,0,0,'2023-04-11 22:46:43.176581',26,127),(3420,0,0,'2023-04-11 22:46:43.179178',27,127),(3421,0,0,'2023-04-11 22:46:43.179208',28,127),(3422,0,0,'2023-04-11 22:46:43.179226',29,127),(3423,0,0,'2023-04-11 22:46:43.179244',30,127),(3424,0,0,'2023-04-11 22:46:43.179261',31,127),(3425,0,0,'2023-04-11 22:46:43.179278',32,127),(3426,0,0,'2023-04-11 22:46:43.179295',33,127),(3427,0,0,'2023-04-11 22:46:43.181690',34,127),(3428,0,0,'2023-04-11 22:46:43.181719',35,127),(3429,0,0,'2023-04-11 22:46:43.181738',36,127),(3430,0,0,'2023-04-11 22:46:43.183782',37,127),(3431,0,0,'2023-04-11 22:46:43.183811',38,127),(3432,0,0,'2023-04-11 22:46:43.183830',39,127),(3433,0,0,'2023-04-11 22:46:43.185953',40,127),(3434,0,0,'2023-04-11 22:46:43.185983',41,127),(3435,0,0,'2023-04-11 22:46:43.186001',42,127),(3436,0,0,'2023-04-11 22:46:54.454344',13,128),(3437,0,0,'2023-04-11 22:46:54.454375',14,128),(3438,0,0,'2023-04-11 22:46:54.454394',15,128),(3439,0,0,'2023-04-11 22:46:54.454413',16,128),(3440,0,0,'2023-04-11 22:46:54.454430',17,128),(3441,0,0,'2023-04-11 22:46:54.454447',18,128),(3442,0,0,'2023-04-11 22:46:54.454465',19,128),(3443,0,0,'2023-04-11 22:46:54.456969',20,128),(3444,0,0,'2023-04-11 22:46:54.457000',21,128),(3445,0,0,'2023-04-11 22:46:54.457018',22,128),(3446,0,0,'2023-04-11 22:46:54.457036',23,128),(3447,0,0,'2023-04-11 22:46:54.457053',24,128),(3448,0,0,'2023-04-11 22:46:54.457070',25,128),(3449,0,0,'2023-04-11 22:46:54.457088',26,128),(3450,0,0,'2023-04-11 22:46:54.459995',27,128),(3451,0,0,'2023-04-11 22:46:54.460023',28,128),(3452,0,0,'2023-04-11 22:46:54.460042',29,128),(3453,0,0,'2023-04-11 22:46:54.460059',30,128),(3454,0,0,'2023-04-11 22:46:54.460077',31,128),(3455,0,0,'2023-04-11 22:46:54.460094',32,128),(3456,0,0,'2023-04-11 22:46:54.460111',33,128),(3457,0,0,'2023-04-11 22:46:54.462544',34,128),(3458,0,0,'2023-04-11 22:46:54.462573',35,128),(3459,0,0,'2023-04-11 22:46:54.462592',36,128),(3460,0,0,'2023-04-11 22:46:54.464623',37,128),(3461,0,0,'2023-04-11 22:46:54.464652',38,128),(3462,0,0,'2023-04-11 22:46:54.464671',39,128),(3463,0,0,'2023-04-11 22:46:54.467084',40,128),(3464,0,0,'2023-04-11 22:46:54.467113',41,128),(3465,0,0,'2023-04-11 22:46:54.467132',42,128),(3466,0,0,'2023-04-11 22:47:08.011506',13,129),(3467,0,0,'2023-04-11 22:47:08.011536',14,129),(3468,0,0,'2023-04-11 22:47:08.011554',15,129),(3469,0,0,'2023-04-11 22:47:08.011571',16,129),(3470,0,0,'2023-04-11 22:47:08.011588',17,129),(3471,0,0,'2023-04-11 22:47:08.011605',18,129),(3472,0,0,'2023-04-11 22:47:08.011621',19,129),(3473,0,0,'2023-04-11 22:47:08.014072',20,129),(3474,0,0,'2023-04-11 22:47:08.014101',21,129),(3475,0,0,'2023-04-11 22:47:08.014119',22,129),(3476,0,0,'2023-04-11 22:47:08.014137',23,129),(3477,0,0,'2023-04-11 22:47:08.014154',24,129),(3478,0,0,'2023-04-11 22:47:08.014171',25,129),(3479,0,0,'2023-04-11 22:47:08.014188',26,129),(3480,0,0,'2023-04-11 22:47:08.016566',27,129),(3481,0,0,'2023-04-11 22:47:08.016594',28,129),(3482,0,0,'2023-04-11 22:47:08.016612',29,129),(3483,0,0,'2023-04-11 22:47:08.016630',30,129),(3484,0,0,'2023-04-11 22:47:08.016647',31,129),(3485,0,0,'2023-04-11 22:47:08.016664',32,129),(3486,0,0,'2023-04-11 22:47:08.016681',33,129),(3487,0,0,'2023-04-11 22:47:08.019147',34,129),(3488,0,0,'2023-04-11 22:47:08.019175',35,129),(3489,0,0,'2023-04-11 22:47:08.019193',36,129),(3490,0,0,'2023-04-11 22:47:08.021242',37,129),(3491,0,0,'2023-04-11 22:47:08.021270',38,129),(3492,0,0,'2023-04-11 22:47:08.021289',39,129),(3493,0,0,'2023-04-11 22:47:08.023539',40,129),(3494,0,0,'2023-04-11 22:47:08.023567',41,129),(3495,0,0,'2023-04-11 22:47:08.023585',42,129),(3496,0,0,'2023-04-11 22:47:24.990634',13,130),(3497,0,0,'2023-04-11 22:47:24.990667',14,130),(3498,0,0,'2023-04-11 22:47:24.990687',15,130),(3499,0,0,'2023-04-11 22:47:24.990705',16,130),(3500,0,0,'2023-04-11 22:47:24.990722',17,130),(3501,0,0,'2023-04-11 22:47:24.990739',18,130),(3502,0,0,'2023-04-11 22:47:24.990757',19,130),(3503,0,0,'2023-04-11 22:47:24.993367',20,130),(3504,0,0,'2023-04-11 22:47:24.993397',21,130),(3505,0,0,'2023-04-11 22:47:24.993416',22,130),(3506,0,0,'2023-04-11 22:47:24.993434',23,130),(3507,0,0,'2023-04-11 22:47:24.993451',24,130),(3508,0,0,'2023-04-11 22:47:24.993469',25,130),(3509,0,0,'2023-04-11 22:47:24.993486',26,130),(3510,0,0,'2023-04-11 22:47:24.996205',27,130),(3511,0,0,'2023-04-11 22:47:24.996235',28,130),(3512,0,0,'2023-04-11 22:47:24.996254',29,130),(3513,0,0,'2023-04-11 22:47:24.996272',30,130),(3514,0,0,'2023-04-11 22:47:24.996289',31,130),(3515,0,0,'2023-04-11 22:47:24.996307',32,130),(3516,0,0,'2023-04-11 22:47:24.996324',33,130),(3517,0,0,'2023-04-11 22:47:24.998594',34,130),(3518,0,0,'2023-04-11 22:47:24.998623',35,130),(3519,0,0,'2023-04-11 22:47:24.998643',36,130),(3520,0,0,'2023-04-11 22:47:25.000700',37,130),(3521,0,0,'2023-04-11 22:47:25.000729',38,130),(3522,0,0,'2023-04-11 22:47:25.000748',39,130),(3523,0,0,'2023-04-11 22:47:25.003062',40,130),(3524,0,0,'2023-04-11 22:47:25.003091',41,130),(3525,0,0,'2023-04-11 22:47:25.003110',42,130),(3556,0,0,'2023-04-11 22:47:56.349617',13,132),(3557,0,0,'2023-04-11 22:47:56.349648',14,132),(3558,0,0,'2023-04-11 22:47:56.349667',15,132),(3559,0,0,'2023-04-11 22:47:56.349684',16,132),(3560,0,0,'2023-04-11 22:47:56.349702',17,132),(3561,0,0,'2023-04-11 22:47:56.349719',18,132),(3562,0,0,'2023-04-11 22:47:56.349736',19,132),(3563,0,0,'2023-04-11 22:47:56.352541',20,132),(3564,0,0,'2023-04-11 22:47:56.352571',21,132),(3565,0,0,'2023-04-11 22:47:56.352589',22,132),(3566,0,0,'2023-04-11 22:47:56.352607',23,132),(3567,0,0,'2023-04-11 22:47:56.352625',24,132),(3568,0,0,'2023-04-11 22:47:56.352642',25,132),(3569,0,0,'2023-04-11 22:47:56.352659',26,132),(3570,0,0,'2023-04-11 22:47:56.355299',27,132),(3571,0,0,'2023-04-11 22:47:56.355328',28,132),(3572,0,0,'2023-04-11 22:47:56.355358',29,132),(3573,0,0,'2023-04-11 22:47:56.355376',30,132),(3574,0,0,'2023-04-11 22:47:56.355393',31,132),(3575,0,0,'2023-04-11 22:47:56.355411',32,132),(3576,0,0,'2023-04-11 22:47:56.355428',33,132),(3577,0,0,'2023-04-11 22:47:56.357873',34,132),(3578,0,0,'2023-04-11 22:47:56.357903',35,132),(3579,0,0,'2023-04-11 22:47:56.357922',36,132),(3580,0,0,'2023-04-11 22:47:56.360283',37,132),(3581,0,0,'2023-04-11 22:47:56.360312',38,132),(3582,0,0,'2023-04-11 22:47:56.360331',39,132),(3583,0,0,'2023-04-11 22:47:56.362818',40,132),(3584,0,0,'2023-04-11 22:47:56.362847',41,132),(3585,0,0,'2023-04-11 22:47:56.362865',42,132),(3586,0,0,'2023-04-11 22:48:59.646928',13,133),(3587,0,0,'2023-04-11 22:48:59.646958',14,133),(3588,0,0,'2023-04-11 22:48:59.646977',15,133),(3589,0,0,'2023-04-11 22:48:59.646994',16,133),(3590,0,0,'2023-04-11 22:48:59.647011',17,133),(3591,0,0,'2023-04-11 22:48:59.647028',18,133),(3592,0,0,'2023-04-11 22:48:59.647045',19,133),(3593,0,0,'2023-04-11 22:48:59.649466',20,133),(3594,0,0,'2023-04-11 22:48:59.649495',21,133),(3595,0,0,'2023-04-11 22:48:59.649514',22,133),(3596,0,0,'2023-04-11 22:48:59.649531',23,133),(3597,0,0,'2023-04-11 22:48:59.649548',24,133),(3598,0,0,'2023-04-11 22:48:59.649566',25,133),(3599,0,0,'2023-04-11 22:48:59.649583',26,133),(3600,0,0,'2023-04-11 22:48:59.652218',27,133),(3601,0,0,'2023-04-11 22:48:59.652247',28,133),(3602,0,0,'2023-04-11 22:48:59.652266',29,133),(3603,0,0,'2023-04-11 22:48:59.652284',30,133),(3604,0,0,'2023-04-11 22:48:59.652301',31,133),(3605,0,0,'2023-04-11 22:48:59.652318',32,133),(3606,0,0,'2023-04-11 22:48:59.652335',33,133),(3607,0,0,'2023-04-11 22:48:59.654677',34,133),(3608,0,0,'2023-04-11 22:48:59.654706',35,133),(3609,0,0,'2023-04-11 22:48:59.654725',36,133),(3610,0,0,'2023-04-11 22:48:59.656883',37,133),(3611,0,0,'2023-04-11 22:48:59.656913',38,133),(3612,0,0,'2023-04-11 22:48:59.656932',39,133),(3613,0,0,'2023-04-11 22:48:59.659615',40,133),(3614,0,0,'2023-04-11 22:48:59.659644',41,133),(3615,0,0,'2023-04-11 22:48:59.659663',42,133),(3616,0,0,'2023-04-11 22:49:16.060981',13,134),(3617,0,0,'2023-04-11 22:49:16.061013',14,134),(3618,0,0,'2023-04-11 22:49:16.061032',15,134),(3619,0,0,'2023-04-11 22:49:16.061050',16,134),(3620,0,0,'2023-04-11 22:49:16.061067',17,134),(3621,0,0,'2023-04-11 22:49:16.061085',18,134),(3622,0,0,'2023-04-11 22:49:16.061102',19,134),(3623,0,0,'2023-04-11 22:49:16.063895',20,134),(3624,0,0,'2023-04-11 22:49:16.063925',21,134),(3625,0,0,'2023-04-11 22:49:16.063944',22,134),(3626,0,0,'2023-04-11 22:49:16.063962',23,134),(3627,0,0,'2023-04-11 22:49:16.063980',24,134),(3628,0,0,'2023-04-11 22:49:16.063997',25,134),(3629,0,0,'2023-04-11 22:49:16.064015',26,134),(3630,0,0,'2023-04-11 22:49:16.066463',27,134),(3631,0,0,'2023-04-11 22:49:16.066492',28,134),(3632,0,0,'2023-04-11 22:49:16.066511',29,134),(3633,0,0,'2023-04-11 22:49:16.066529',30,134),(3634,0,0,'2023-04-11 22:49:16.066546',31,134),(3635,0,0,'2023-04-11 22:49:16.066563',32,134),(3636,0,0,'2023-04-11 22:49:16.066581',33,134),(3637,0,0,'2023-04-11 22:49:16.068809',34,134),(3638,0,0,'2023-04-11 22:49:16.068838',35,134),(3639,0,0,'2023-04-11 22:49:16.068891',36,134),(3640,0,0,'2023-04-11 22:49:16.071116',37,134),(3641,0,0,'2023-04-11 22:49:16.071145',38,134),(3642,0,0,'2023-04-11 22:49:16.071165',39,134),(3643,0,0,'2023-04-11 22:49:16.073472',40,134),(3644,0,0,'2023-04-11 22:49:16.073500',41,134),(3645,0,0,'2023-04-11 22:49:16.073519',42,134),(3646,0,0,'2023-04-11 22:49:29.926689',13,135),(3647,0,0,'2023-04-11 22:49:29.926721',14,135),(3648,0,0,'2023-04-11 22:49:29.926741',15,135),(3649,0,0,'2023-04-11 22:49:29.926760',16,135),(3650,0,0,'2023-04-11 22:49:29.926779',17,135),(3651,0,0,'2023-04-11 22:49:29.926797',18,135),(3652,0,0,'2023-04-11 22:49:29.926815',19,135),(3653,0,0,'2023-04-11 22:49:29.929463',20,135),(3654,0,0,'2023-04-11 22:49:29.929494',21,135),(3655,0,0,'2023-04-11 22:49:29.929513',22,135),(3656,0,0,'2023-04-11 22:49:29.929532',23,135),(3657,0,0,'2023-04-11 22:49:29.929550',24,135),(3658,0,0,'2023-04-11 22:49:29.929568',25,135),(3659,0,0,'2023-04-11 22:49:29.929586',26,135),(3660,0,0,'2023-04-11 22:49:29.932143',27,135),(3661,0,0,'2023-04-11 22:49:29.932174',28,135),(3662,0,0,'2023-04-11 22:49:29.932194',29,135),(3663,0,0,'2023-04-11 22:49:29.932212',30,135),(3664,0,0,'2023-04-11 22:49:29.932231',31,135),(3665,0,0,'2023-04-11 22:49:29.932249',32,135),(3666,0,0,'2023-04-11 22:49:29.932267',33,135),(3667,0,0,'2023-04-11 22:49:29.934550',34,135),(3668,0,0,'2023-04-11 22:49:29.934580',35,135),(3669,0,0,'2023-04-11 22:49:29.934600',36,135),(3670,0,0,'2023-04-11 22:49:29.936959',37,135),(3671,0,0,'2023-04-11 22:49:29.936990',38,135),(3672,0,0,'2023-04-11 22:49:29.937010',39,135),(3673,0,0,'2023-04-11 22:49:29.939261',40,135),(3674,0,0,'2023-04-11 22:49:29.939292',41,135),(3675,0,0,'2023-04-11 22:49:29.939312',42,135),(3676,0,0,'2023-04-11 22:49:40.708618',13,136),(3677,0,0,'2023-04-11 22:49:40.708650',14,136),(3678,0,0,'2023-04-11 22:49:40.708669',15,136),(3679,0,0,'2023-04-11 22:49:40.708687',16,136),(3680,0,0,'2023-04-11 22:49:40.708704',17,136),(3681,0,0,'2023-04-11 22:49:40.708721',18,136),(3682,0,0,'2023-04-11 22:49:40.708738',19,136),(3683,0,0,'2023-04-11 22:49:40.711717',20,136),(3684,0,0,'2023-04-11 22:49:40.711748',21,136),(3685,0,0,'2023-04-11 22:49:40.711767',22,136),(3686,0,0,'2023-04-11 22:49:40.711785',23,136),(3687,0,0,'2023-04-11 22:49:40.711803',24,136),(3688,0,0,'2023-04-11 22:49:40.711820',25,136),(3689,0,0,'2023-04-11 22:49:40.711837',26,136),(3690,0,0,'2023-04-11 22:49:40.714331',27,136),(3691,0,0,'2023-04-11 22:49:40.714360',28,136),(3692,0,0,'2023-04-11 22:49:40.714378',29,136),(3693,0,0,'2023-04-11 22:49:40.714396',30,136),(3694,0,0,'2023-04-11 22:49:40.714413',31,136),(3695,0,0,'2023-04-11 22:49:40.714430',32,136),(3696,0,0,'2023-04-11 22:49:40.714447',33,136),(3697,0,0,'2023-04-11 22:49:40.716714',34,136),(3698,0,0,'2023-04-11 22:49:40.716743',35,136),(3699,0,0,'2023-04-11 22:49:40.716762',36,136),(3700,0,0,'2023-04-11 22:49:40.719285',37,136),(3701,0,0,'2023-04-11 22:49:40.719315',38,136),(3702,0,0,'2023-04-11 22:49:40.719333',39,136),(3703,0,0,'2023-04-11 22:49:40.721404',40,136),(3704,0,0,'2023-04-11 22:49:40.721433',41,136),(3705,0,0,'2023-04-11 22:49:40.721451',42,136),(3706,0,0,'2023-04-12 10:53:30.103365',13,137),(3707,0,0,'2023-04-12 10:53:30.103395',14,137),(3708,0,0,'2023-04-12 10:53:30.103413',15,137),(3709,0,0,'2023-04-12 10:53:30.103430',16,137),(3710,0,0,'2023-04-12 10:53:30.103448',17,137),(3711,0,0,'2023-04-12 10:53:30.103465',18,137),(3712,0,0,'2023-04-12 10:53:30.103482',19,137),(3713,0,0,'2023-04-12 10:53:30.106232',20,137),(3714,0,0,'2023-04-12 10:53:30.106262',21,137),(3715,0,0,'2023-04-12 10:53:30.106281',22,137),(3716,0,0,'2023-04-12 10:53:30.106299',23,137),(3717,0,0,'2023-04-12 10:53:30.106316',24,137),(3718,0,0,'2023-04-12 10:53:30.106334',25,137),(3719,0,0,'2023-04-12 10:53:30.106351',26,137),(3720,0,0,'2023-04-12 10:53:30.108851',27,137),(3721,0,0,'2023-04-12 10:53:30.108889',28,137),(3722,0,0,'2023-04-12 10:53:30.108908',29,137),(3723,0,0,'2023-04-12 10:53:30.108925',30,137),(3724,0,0,'2023-04-12 10:53:30.108942',31,137),(3725,0,0,'2023-04-12 10:53:30.108959',32,137),(3726,0,0,'2023-04-12 10:53:30.108976',33,137),(3727,0,0,'2023-04-12 10:53:30.111390',34,137),(3728,0,0,'2023-04-12 10:53:30.111419',35,137),(3729,0,0,'2023-04-12 10:53:30.111438',36,137),(3730,0,0,'2023-04-12 10:53:30.113542',37,137),(3731,0,0,'2023-04-12 10:53:30.113570',38,137),(3732,0,0,'2023-04-12 10:53:30.113589',39,137),(3733,0,0,'2023-04-12 10:53:30.115665',40,137),(3734,0,0,'2023-04-12 10:53:30.115694',41,137),(3735,0,0,'2023-04-12 10:53:30.115712',42,137),(3736,0,0,'2023-04-12 10:54:05.939094',13,138),(3737,0,0,'2023-04-12 10:54:05.939124',14,138),(3738,0,0,'2023-04-12 10:54:05.939142',15,138),(3739,0,0,'2023-04-12 10:54:05.939170',16,138),(3740,0,0,'2023-04-12 10:54:05.939188',17,138),(3741,0,0,'2023-04-12 10:54:05.939205',18,138),(3742,0,0,'2023-04-12 10:54:05.939222',19,138),(3743,0,0,'2023-04-12 10:54:05.941678',20,138),(3744,0,0,'2023-04-12 10:54:05.941708',21,138),(3745,0,0,'2023-04-12 10:54:05.941727',22,138),(3746,0,0,'2023-04-12 10:54:05.941745',23,138),(3747,0,0,'2023-04-12 10:54:05.941762',24,138),(3748,0,0,'2023-04-12 10:54:05.941779',25,138),(3749,0,0,'2023-04-12 10:54:05.941796',26,138),(3750,0,0,'2023-04-12 10:54:05.944451',27,138),(3751,0,0,'2023-04-12 10:54:05.944480',28,138),(3752,0,0,'2023-04-12 10:54:05.944498',29,138),(3753,0,0,'2023-04-12 10:54:05.944516',30,138),(3754,0,0,'2023-04-12 10:54:05.944533',31,138),(3755,0,0,'2023-04-12 10:54:05.944551',32,138),(3756,0,0,'2023-04-12 10:54:05.944568',33,138),(3757,0,0,'2023-04-12 10:54:05.947114',34,138),(3758,0,0,'2023-04-12 10:54:05.947143',35,138),(3759,0,0,'2023-04-12 10:54:05.947162',36,138),(3760,0,0,'2023-04-12 10:54:05.949295',37,138),(3761,0,0,'2023-04-12 10:54:05.949324',38,138),(3762,0,0,'2023-04-12 10:54:05.949342',39,138),(3763,0,0,'2023-04-12 10:54:05.951595',40,138),(3764,0,0,'2023-04-12 10:54:05.951624',41,138),(3765,0,0,'2023-04-12 10:54:05.951642',42,138),(3766,0,0,'2023-04-12 10:54:27.400511',13,139),(3767,0,0,'2023-04-12 10:54:27.400543',14,139),(3768,0,0,'2023-04-12 10:54:27.400562',15,139),(3769,0,0,'2023-04-12 10:54:27.400580',16,139),(3770,0,0,'2023-04-12 10:54:27.400597',17,139),(3771,0,0,'2023-04-12 10:54:27.400614',18,139),(3772,0,0,'2023-04-12 10:54:27.400631',19,139),(3773,1,1,'2023-04-12 10:54:27.403431',20,139),(3774,2,0,'2023-04-12 10:54:27.403461',21,139),(3775,2,0,'2023-04-12 10:54:27.403480',22,139),(3776,2,0,'2023-04-12 10:54:27.403498',23,139),(3777,2,0,'2023-04-12 10:54:27.403515',24,139),(3778,2,0,'2023-04-12 10:54:27.403532',25,139),(3779,2,0,'2023-04-12 10:54:27.403549',26,139),(3780,0,0,'2023-04-12 10:54:27.406150',27,139),(3781,0,0,'2023-04-12 10:54:27.406181',28,139),(3782,0,0,'2023-04-12 10:54:27.406199',29,139),(3783,0,0,'2023-04-12 10:54:27.406217',30,139),(3784,0,0,'2023-04-12 10:54:27.406246',31,139),(3785,0,0,'2023-04-12 10:54:27.406263',32,139),(3786,0,0,'2023-04-12 10:54:27.406280',33,139),(3787,0,0,'2023-04-12 10:54:27.408574',34,139),(3788,0,0,'2023-04-12 10:54:27.408604',35,139),(3789,0,0,'2023-04-12 10:54:27.408623',36,139),(3790,0,0,'2023-04-12 10:54:27.411022',37,139),(3791,0,0,'2023-04-12 10:54:27.411052',38,139),(3792,0,0,'2023-04-12 10:54:27.411071',39,139),(3793,0,0,'2023-04-12 10:54:27.413542',40,139),(3794,0,0,'2023-04-12 10:54:27.413571',41,139),(3795,0,0,'2023-04-12 10:54:27.413590',42,139),(3796,0,0,'2023-04-12 10:54:49.491522',13,140),(3797,0,0,'2023-04-12 10:54:49.491555',14,140),(3798,0,0,'2023-04-12 10:54:49.491575',15,140),(3799,0,0,'2023-04-12 10:54:49.491593',16,140),(3800,0,0,'2023-04-12 10:54:49.491610',17,140),(3801,0,0,'2023-04-12 10:54:49.491628',18,140),(3802,0,0,'2023-04-12 10:54:49.491645',19,140),(3803,0,0,'2023-04-12 10:54:49.494566',20,140),(3804,0,0,'2023-04-12 10:54:49.494597',21,140),(3805,0,0,'2023-04-12 10:54:49.494616',22,140),(3806,0,0,'2023-04-12 10:54:49.494634',23,140),(3807,0,0,'2023-04-12 10:54:49.494651',24,140),(3808,0,0,'2023-04-12 10:54:49.494668',25,140),(3809,0,0,'2023-04-12 10:54:49.494685',26,140),(3810,0,0,'2023-04-12 10:54:49.497136',27,140),(3811,0,0,'2023-04-12 10:54:49.497165',28,140),(3812,0,0,'2023-04-12 10:54:49.497184',29,140),(3813,0,0,'2023-04-12 10:54:49.497201',30,140),(3814,0,0,'2023-04-12 10:54:49.497218',31,140),(3815,0,0,'2023-04-12 10:54:49.497235',32,140),(3816,0,0,'2023-04-12 10:54:49.497252',33,140),(3817,0,0,'2023-04-12 10:54:49.499683',34,140),(3818,0,0,'2023-04-12 10:54:49.499712',35,140),(3819,0,0,'2023-04-12 10:54:49.499731',36,140),(3820,0,0,'2023-04-12 10:54:49.501846',37,140),(3821,0,0,'2023-04-12 10:54:49.501875',38,140),(3822,0,0,'2023-04-12 10:54:49.501893',39,140),(3823,0,0,'2023-04-12 10:54:49.504295',40,140),(3824,0,0,'2023-04-12 10:54:49.504324',41,140),(3825,0,0,'2023-04-12 10:54:49.504342',42,140),(3826,0,0,'2023-04-12 10:55:04.009012',13,141),(3827,0,0,'2023-04-12 10:55:04.009045',14,141),(3828,0,0,'2023-04-12 10:55:04.009065',15,141),(3829,0,0,'2023-04-12 10:55:04.009084',16,141),(3830,0,0,'2023-04-12 10:55:04.009103',17,141),(3831,0,0,'2023-04-12 10:55:04.009121',18,141),(3832,0,0,'2023-04-12 10:55:04.009139',19,141),(3833,0,0,'2023-04-12 10:55:04.012066',20,141),(3834,0,0,'2023-04-12 10:55:04.012096',21,141),(3835,0,0,'2023-04-12 10:55:04.012115',22,141),(3836,0,0,'2023-04-12 10:55:04.012132',23,141),(3837,0,0,'2023-04-12 10:55:04.012149',24,141),(3838,0,0,'2023-04-12 10:55:04.012166',25,141),(3839,0,0,'2023-04-12 10:55:04.012183',26,141),(3840,0,0,'2023-04-12 10:55:04.014757',27,141),(3841,0,0,'2023-04-12 10:55:04.014788',28,141),(3842,0,0,'2023-04-12 10:55:04.014807',29,141),(3843,0,0,'2023-04-12 10:55:04.014825',30,141),(3844,0,0,'2023-04-12 10:55:04.014843',31,141),(3845,0,0,'2023-04-12 10:55:04.014861',32,141),(3846,0,0,'2023-04-12 10:55:04.014879',33,141),(3847,0,0,'2023-04-12 10:55:04.017297',34,141),(3848,0,0,'2023-04-12 10:55:04.017327',35,141),(3849,0,0,'2023-04-12 10:55:04.017346',36,141),(3850,0,0,'2023-04-12 10:55:04.019853',37,141),(3851,0,0,'2023-04-12 10:55:04.019882',38,141),(3852,0,0,'2023-04-12 10:55:04.019901',39,141),(3853,0,0,'2023-04-12 10:55:04.022010',40,141),(3854,0,0,'2023-04-12 10:55:04.022039',41,141),(3855,0,0,'2023-04-12 10:55:04.022058',42,141),(3856,0,0,'2023-04-12 10:55:20.184358',13,142),(3857,0,0,'2023-04-12 10:55:20.184401',14,142),(3858,0,0,'2023-04-12 10:55:20.184420',15,142),(3859,0,0,'2023-04-12 10:55:20.184438',16,142),(3860,0,0,'2023-04-12 10:55:20.184455',17,142),(3861,0,0,'2023-04-12 10:55:20.184472',18,142),(3862,0,0,'2023-04-12 10:55:20.184490',19,142),(3863,1,1,'2023-04-12 10:55:20.187207',20,142),(3864,0,0,'2023-04-12 10:55:20.187237',21,142),(3865,0,0,'2023-04-12 10:55:20.187255',22,142),(3866,0,0,'2023-04-12 10:55:20.187273',23,142),(3867,0,0,'2023-04-12 10:55:20.187314',24,142),(3868,0,0,'2023-04-12 10:55:20.187332',25,142),(3869,0,0,'2023-04-12 10:55:20.187350',26,142),(3870,0,0,'2023-04-12 10:55:20.189741',27,142),(3871,0,0,'2023-04-12 10:55:20.189770',28,142),(3872,0,0,'2023-04-12 10:55:20.189788',29,142),(3873,0,0,'2023-04-12 10:55:20.189806',30,142),(3874,0,0,'2023-04-12 10:55:20.189823',31,142),(3875,0,0,'2023-04-12 10:55:20.189840',32,142),(3876,0,0,'2023-04-12 10:55:20.189857',33,142),(3877,0,0,'2023-04-12 10:55:20.192389',34,142),(3878,0,0,'2023-04-12 10:55:20.192417',35,142),(3879,0,0,'2023-04-12 10:55:20.192436',36,142),(3880,0,0,'2023-04-12 10:55:20.194796',37,142),(3881,0,0,'2023-04-12 10:55:20.194825',38,142),(3882,0,0,'2023-04-12 10:55:20.194844',39,142),(3883,1,1,'2023-04-12 10:55:20.196908',40,142),(3884,0,0,'2023-04-12 10:55:20.196936',41,142),(3885,0,0,'2023-04-12 10:55:20.196954',42,142),(3886,0,0,'2023-04-12 10:55:40.749223',13,143),(3887,0,0,'2023-04-12 10:55:40.749253',14,143),(3888,0,0,'2023-04-12 10:55:40.749272',15,143),(3889,0,0,'2023-04-12 10:55:40.749289',16,143),(3890,0,0,'2023-04-12 10:55:40.749307',17,143),(3891,0,0,'2023-04-12 10:55:40.749324',18,143),(3892,0,0,'2023-04-12 10:55:40.749341',19,143),(3893,1,1,'2023-04-12 10:55:40.751954',20,143),(3894,0,0,'2023-04-12 10:55:40.751984',21,143),(3895,0,0,'2023-04-12 10:55:40.752002',22,143),(3896,0,0,'2023-04-12 10:55:40.752020',23,143),(3897,0,0,'2023-04-12 10:55:40.752037',24,143),(3898,0,0,'2023-04-12 10:55:40.752054',25,143),(3899,0,0,'2023-04-12 10:55:40.752071',26,143),(3900,0,0,'2023-04-12 10:55:40.754492',27,143),(3901,0,0,'2023-04-12 10:55:40.754522',28,143),(3902,0,0,'2023-04-12 10:55:40.754541',29,143),(3903,0,0,'2023-04-12 10:55:40.754558',30,143),(3904,0,0,'2023-04-12 10:55:40.754576',31,143),(3905,0,0,'2023-04-12 10:55:40.754593',32,143),(3906,0,0,'2023-04-12 10:55:40.754610',33,143),(3907,0,0,'2023-04-12 10:55:40.757375',34,143),(3908,0,0,'2023-04-12 10:55:40.757405',35,143),(3909,0,0,'2023-04-12 10:55:40.757424',36,143),(3910,0,0,'2023-04-12 10:55:40.759661',37,143),(3911,0,0,'2023-04-12 10:55:40.759691',38,143),(3912,0,0,'2023-04-12 10:55:40.759710',39,143),(3913,0,0,'2023-04-12 10:55:40.761731',40,143),(3914,0,0,'2023-04-12 10:55:40.761760',41,143),(3915,0,0,'2023-04-12 10:55:40.761779',42,143),(3916,0,0,'2023-04-12 10:55:53.346040',13,144),(3917,0,0,'2023-04-12 10:55:53.346071',14,144),(3918,0,0,'2023-04-12 10:55:53.346089',15,144),(3919,0,0,'2023-04-12 10:55:53.346107',16,144),(3920,0,0,'2023-04-12 10:55:53.346124',17,144),(3921,0,0,'2023-04-12 10:55:53.346142',18,144),(3922,0,0,'2023-04-12 10:55:53.346159',19,144),(3923,0,0,'2023-04-12 10:55:53.348734',20,144),(3924,0,0,'2023-04-12 10:55:53.348764',21,144),(3925,0,0,'2023-04-12 10:55:53.348782',22,144),(3926,0,0,'2023-04-12 10:55:53.348800',23,144),(3927,0,0,'2023-04-12 10:55:53.348818',24,144),(3928,0,0,'2023-04-12 10:55:53.348835',25,144),(3929,0,0,'2023-04-12 10:55:53.348852',26,144),(3930,0,0,'2023-04-12 10:55:53.351534',27,144),(3931,0,0,'2023-04-12 10:55:53.351563',28,144),(3932,0,0,'2023-04-12 10:55:53.351584',29,144),(3933,0,0,'2023-04-12 10:55:53.351602',30,144),(3934,0,0,'2023-04-12 10:55:53.351620',31,144),(3935,0,0,'2023-04-12 10:55:53.351637',32,144),(3936,0,0,'2023-04-12 10:55:53.351654',33,144),(3937,0,0,'2023-04-12 10:55:53.354585',34,144),(3938,0,0,'2023-04-12 10:55:53.354615',35,144),(3939,0,0,'2023-04-12 10:55:53.354634',36,144),(3940,0,0,'2023-04-12 10:55:53.407444',37,144),(3941,0,0,'2023-04-12 10:55:53.407474',38,144),(3942,0,0,'2023-04-12 10:55:53.407493',39,144),(3943,0,0,'2023-04-12 10:55:53.409976',40,144),(3944,0,0,'2023-04-12 10:55:53.410005',41,144),(3945,0,0,'2023-04-12 10:55:53.410024',42,144),(3946,0,0,'2023-04-12 10:56:15.724975',13,145),(3947,0,0,'2023-04-12 10:56:15.725006',14,145),(3948,0,0,'2023-04-12 10:56:15.725025',15,145),(3949,0,0,'2023-04-12 10:56:15.725043',16,145),(3950,0,0,'2023-04-12 10:56:15.725061',17,145),(3951,0,0,'2023-04-12 10:56:15.725079',18,145),(3952,0,0,'2023-04-12 10:56:15.725097',19,145),(3953,1,1,'2023-04-12 10:56:15.727696',20,145),(3954,0,0,'2023-04-12 10:56:15.727725',21,145),(3955,0,0,'2023-04-12 10:56:15.727744',22,145),(3956,0,0,'2023-04-12 10:56:15.727762',23,145),(3957,0,0,'2023-04-12 10:56:15.727779',24,145),(3958,0,0,'2023-04-12 10:56:15.727797',25,145),(3959,0,0,'2023-04-12 10:56:15.727814',26,145),(3960,0,0,'2023-04-12 10:56:15.730498',27,145),(3961,0,0,'2023-04-12 10:56:15.730526',28,145),(3962,0,0,'2023-04-12 10:56:15.730545',29,145),(3963,0,0,'2023-04-12 10:56:15.730563',30,145),(3964,0,0,'2023-04-12 10:56:15.730580',31,145),(3965,0,0,'2023-04-12 10:56:15.730598',32,145),(3966,0,0,'2023-04-12 10:56:15.730615',33,145),(3967,0,0,'2023-04-12 10:56:15.732977',34,145),(3968,0,0,'2023-04-12 10:56:15.733006',35,145),(3969,0,0,'2023-04-12 10:56:15.733025',36,145),(3970,0,0,'2023-04-12 10:56:15.735402',37,145),(3971,0,0,'2023-04-12 10:56:15.735432',38,145),(3972,0,0,'2023-04-12 10:56:15.735451',39,145),(3973,0,0,'2023-04-12 10:56:15.737495',40,145),(3974,0,0,'2023-04-12 10:56:15.737524',41,145),(3975,0,0,'2023-04-12 10:56:15.737543',42,145),(3976,0,0,'2023-04-12 10:56:26.181619',13,146),(3977,0,0,'2023-04-12 10:56:26.181652',14,146),(3978,0,0,'2023-04-12 10:56:26.181672',15,146),(3979,0,0,'2023-04-12 10:56:26.181691',16,146),(3980,0,0,'2023-04-12 10:56:26.181709',17,146),(3981,0,0,'2023-04-12 10:56:26.181727',18,146),(3982,0,0,'2023-04-12 10:56:26.181745',19,146),(3983,0,0,'2023-04-12 10:56:26.184789',20,146),(3984,0,0,'2023-04-12 10:56:26.184821',21,146),(3985,0,0,'2023-04-12 10:56:26.184841',22,146),(3986,0,0,'2023-04-12 10:56:26.184869',23,146),(3987,0,0,'2023-04-12 10:56:26.184888',24,146),(3988,0,0,'2023-04-12 10:56:26.184906',25,146),(3989,0,0,'2023-04-12 10:56:26.184924',26,146),(3990,0,0,'2023-04-12 10:56:26.187598',27,146),(3991,0,0,'2023-04-12 10:56:26.187628',28,146),(3992,0,0,'2023-04-12 10:56:26.187648',29,146),(3993,0,0,'2023-04-12 10:56:26.187667',30,146),(3994,0,0,'2023-04-12 10:56:26.187685',31,146),(3995,0,0,'2023-04-12 10:56:26.187704',32,146),(3996,0,0,'2023-04-12 10:56:26.187721',33,146),(3997,0,0,'2023-04-12 10:56:26.190207',34,146),(3998,0,0,'2023-04-12 10:56:26.190237',35,146),(3999,0,0,'2023-04-12 10:56:26.190257',36,146),(4000,0,0,'2023-04-12 10:56:26.192372',37,146),(4001,0,0,'2023-04-12 10:56:26.192402',38,146),(4002,0,0,'2023-04-12 10:56:26.192422',39,146),(4003,0,0,'2023-04-12 10:56:26.194657',40,146),(4004,0,0,'2023-04-12 10:56:26.194688',41,146),(4005,0,0,'2023-04-12 10:56:26.194708',42,146),(4006,0,0,'2023-04-12 10:56:37.910343',13,147),(4007,0,0,'2023-04-12 10:56:37.910376',14,147),(4008,0,0,'2023-04-12 10:56:37.910396',15,147),(4009,0,0,'2023-04-12 10:56:37.910414',16,147),(4010,0,0,'2023-04-12 10:56:37.910433',17,147),(4011,0,0,'2023-04-12 10:56:37.910451',18,147),(4012,0,0,'2023-04-12 10:56:37.910469',19,147),(4013,0,0,'2023-04-12 10:56:37.913325',20,147),(4014,0,0,'2023-04-12 10:56:37.913356',21,147),(4015,0,0,'2023-04-12 10:56:37.913375',22,147),(4016,0,0,'2023-04-12 10:56:37.913394',23,147),(4017,0,0,'2023-04-12 10:56:37.913412',24,147),(4018,0,0,'2023-04-12 10:56:37.913430',25,147),(4019,0,0,'2023-04-12 10:56:37.913448',26,147),(4020,0,0,'2023-04-12 10:56:37.916248',27,147),(4021,0,0,'2023-04-12 10:56:37.916278',28,147),(4022,0,0,'2023-04-12 10:56:37.916297',29,147),(4023,0,0,'2023-04-12 10:56:37.916316',30,147),(4024,0,0,'2023-04-12 10:56:37.916334',31,147),(4025,0,0,'2023-04-12 10:56:37.916352',32,147),(4026,0,0,'2023-04-12 10:56:37.916370',33,147),(4027,0,0,'2023-04-12 10:56:37.918822',34,147),(4028,0,0,'2023-04-12 10:56:37.918853',35,147),(4029,0,0,'2023-04-12 10:56:37.918873',36,147),(4030,0,0,'2023-04-12 10:56:37.921047',37,147),(4031,0,0,'2023-04-12 10:56:37.921078',38,147),(4032,0,0,'2023-04-12 10:56:37.921098',39,147),(4033,1,1,'2023-04-12 10:56:37.923524',40,147),(4034,0,0,'2023-04-12 10:56:37.923555',41,147),(4035,0,0,'2023-04-12 10:56:37.923574',42,147),(4036,0,0,'2023-04-12 10:56:48.850066',13,148),(4037,0,0,'2023-04-12 10:56:48.850098',14,148),(4038,0,0,'2023-04-12 10:56:48.850117',15,148),(4039,0,0,'2023-04-12 10:56:48.850135',16,148),(4040,0,0,'2023-04-12 10:56:48.850153',17,148),(4041,0,0,'2023-04-12 10:56:48.850171',18,148),(4042,0,0,'2023-04-12 10:56:48.850188',19,148),(4043,0,0,'2023-04-12 10:56:48.852837',20,148),(4044,0,0,'2023-04-12 10:56:48.852876',21,148),(4045,0,0,'2023-04-12 10:56:48.852895',22,148),(4046,0,0,'2023-04-12 10:56:48.852913',23,148),(4047,0,0,'2023-04-12 10:56:48.852930',24,148),(4048,0,0,'2023-04-12 10:56:48.852948',25,148),(4049,0,0,'2023-04-12 10:56:48.852966',26,148),(4050,0,0,'2023-04-12 10:56:48.855736',27,148),(4051,0,0,'2023-04-12 10:56:48.855765',28,148),(4052,0,0,'2023-04-12 10:56:48.855784',29,148),(4053,0,0,'2023-04-12 10:56:48.855802',30,148),(4054,0,0,'2023-04-12 10:56:48.855820',31,148),(4055,0,0,'2023-04-12 10:56:48.855837',32,148),(4056,0,0,'2023-04-12 10:56:48.855855',33,148),(4057,0,0,'2023-04-12 10:56:48.858265',34,148),(4058,0,0,'2023-04-12 10:56:48.858294',35,148),(4059,0,0,'2023-04-12 10:56:48.858313',36,148),(4060,0,0,'2023-04-12 10:56:48.860533',37,148),(4061,0,0,'2023-04-12 10:56:48.860562',38,148),(4062,0,0,'2023-04-12 10:56:48.860581',39,148),(4063,0,0,'2023-04-12 10:56:48.863016',40,148),(4064,0,0,'2023-04-12 10:56:48.863046',41,148),(4065,0,0,'2023-04-12 10:56:48.863065',42,148),(4066,0,0,'2023-04-12 10:57:01.631965',13,149),(4067,0,0,'2023-04-12 10:57:01.631996',14,149),(4068,0,0,'2023-04-12 10:57:01.632015',15,149),(4069,0,0,'2023-04-12 10:57:01.632033',16,149),(4070,0,0,'2023-04-12 10:57:01.632050',17,149),(4071,0,0,'2023-04-12 10:57:01.632067',18,149),(4072,0,0,'2023-04-12 10:57:01.632084',19,149),(4073,0,0,'2023-04-12 10:57:01.634752',20,149),(4074,0,0,'2023-04-12 10:57:01.634782',21,149),(4075,0,0,'2023-04-12 10:57:01.634801',22,149),(4076,0,0,'2023-04-12 10:57:01.634818',23,149),(4077,0,0,'2023-04-12 10:57:01.634835',24,149),(4078,0,0,'2023-04-12 10:57:01.634852',25,149),(4079,0,0,'2023-04-12 10:57:01.634869',26,149),(4080,0,0,'2023-04-12 10:57:01.637266',27,149),(4081,0,0,'2023-04-12 10:57:01.637296',28,149),(4082,0,0,'2023-04-12 10:57:01.637314',29,149),(4083,0,0,'2023-04-12 10:57:01.637332',30,149),(4084,0,0,'2023-04-12 10:57:01.637349',31,149),(4085,0,0,'2023-04-12 10:57:01.637366',32,149),(4086,0,0,'2023-04-12 10:57:01.637383',33,149),(4087,0,0,'2023-04-12 10:57:01.639929',34,149),(4088,0,0,'2023-04-12 10:57:01.639958',35,149),(4089,0,0,'2023-04-12 10:57:01.639977',36,149),(4090,0,0,'2023-04-12 10:57:01.642088',37,149),(4091,0,0,'2023-04-12 10:57:01.642118',38,149),(4092,0,0,'2023-04-12 10:57:01.642137',39,149),(4093,0,0,'2023-04-12 10:57:01.644232',40,149),(4094,0,0,'2023-04-12 10:57:01.644261',41,149),(4095,0,0,'2023-04-12 10:57:01.644279',42,149),(4096,0,0,'2023-04-12 10:57:15.273577',13,150),(4097,0,0,'2023-04-12 10:57:15.273610',14,150),(4098,0,0,'2023-04-12 10:57:15.273629',15,150),(4099,0,0,'2023-04-12 10:57:15.273647',16,150),(4100,0,0,'2023-04-12 10:57:15.273664',17,150),(4101,0,0,'2023-04-12 10:57:15.273681',18,150),(4102,0,0,'2023-04-12 10:57:15.273699',19,150),(4103,0,0,'2023-04-12 10:57:15.276312',20,150),(4104,0,0,'2023-04-12 10:57:15.276341',21,150),(4105,0,0,'2023-04-12 10:57:15.276360',22,150),(4106,0,0,'2023-04-12 10:57:15.276378',23,150),(4107,0,0,'2023-04-12 10:57:15.276395',24,150),(4108,0,0,'2023-04-12 10:57:15.276412',25,150),(4109,0,0,'2023-04-12 10:57:15.276429',26,150),(4110,0,0,'2023-04-12 10:57:15.279128',27,150),(4111,0,0,'2023-04-12 10:57:15.279157',28,150),(4112,0,0,'2023-04-12 10:57:15.279175',29,150),(4113,0,0,'2023-04-12 10:57:15.279193',30,150),(4114,0,0,'2023-04-12 10:57:15.279210',31,150),(4115,0,0,'2023-04-12 10:57:15.279240',32,150),(4116,0,0,'2023-04-12 10:57:15.279264',33,150),(4117,0,0,'2023-04-12 10:57:15.281546',34,150),(4118,0,0,'2023-04-12 10:57:15.281575',35,150),(4119,0,0,'2023-04-12 10:57:15.281594',36,150),(4120,0,0,'2023-04-12 10:57:15.283706',37,150),(4121,0,0,'2023-04-12 10:57:15.283735',38,150),(4122,0,0,'2023-04-12 10:57:15.283753',39,150),(4123,0,0,'2023-04-12 10:57:15.285912',40,150),(4124,0,0,'2023-04-12 10:57:15.285940',41,150),(4125,0,0,'2023-04-12 10:57:15.285959',42,150),(4126,0,0,'2023-04-12 11:06:01.613111',13,151),(4127,0,0,'2023-04-12 11:06:01.613142',14,151),(4128,0,0,'2023-04-12 11:06:01.613161',15,151),(4129,0,0,'2023-04-12 11:06:01.613179',16,151),(4130,0,0,'2023-04-12 11:06:01.613197',17,151),(4131,0,0,'2023-04-12 11:06:01.613215',18,151),(4132,0,0,'2023-04-12 11:06:01.613233',19,151),(4133,1,1,'2023-04-12 11:06:01.615855',20,151),(4134,2,0,'2023-04-12 11:06:01.615885',21,151),(4135,2,0,'2023-04-12 11:06:01.615904',22,151),(4136,2,0,'2023-04-12 11:06:01.615922',23,151),(4137,2,0,'2023-04-12 11:06:01.615940',24,151),(4138,2,0,'2023-04-12 11:06:01.615957',25,151),(4139,2,0,'2023-04-12 11:06:01.615975',26,151),(4140,0,0,'2023-04-12 11:06:01.618536',27,151),(4141,0,0,'2023-04-12 11:06:01.618566',28,151),(4142,0,0,'2023-04-12 11:06:01.618584',29,151),(4143,0,0,'2023-04-12 11:06:01.618602',30,151),(4144,0,0,'2023-04-12 11:06:01.618620',31,151),(4145,0,0,'2023-04-12 11:06:01.618637',32,151),(4146,0,0,'2023-04-12 11:06:01.618654',33,151),(4147,0,0,'2023-04-12 11:06:01.621044',34,151),(4148,0,0,'2023-04-12 11:06:01.621073',35,151),(4149,0,0,'2023-04-12 11:06:01.621091',36,151),(4150,1,1,'2023-04-12 11:06:01.623323',37,151),(4151,0,0,'2023-04-12 11:06:01.623352',38,151),(4152,0,0,'2023-04-12 11:06:01.623371',39,151),(4153,1,1,'2023-04-12 11:06:01.625490',40,151),(4154,2,0,'2023-04-12 11:06:01.625519',41,151),(4155,2,0,'2023-04-12 11:06:01.625538',42,151),(4156,0,0,'2023-04-12 11:06:16.100653',13,152),(4157,0,0,'2023-04-12 11:06:16.100683',14,152),(4158,0,0,'2023-04-12 11:06:16.100702',15,152),(4159,0,0,'2023-04-12 11:06:16.100719',16,152),(4160,0,0,'2023-04-12 11:06:16.100736',17,152),(4161,0,0,'2023-04-12 11:06:16.100753',18,152),(4162,0,0,'2023-04-12 11:06:16.100770',19,152),(4163,0,0,'2023-04-12 11:06:16.103663',20,152),(4164,0,0,'2023-04-12 11:06:16.103694',21,152),(4165,0,0,'2023-04-12 11:06:16.103714',22,152),(4166,0,0,'2023-04-12 11:06:16.103731',23,152),(4167,0,0,'2023-04-12 11:06:16.103748',24,152),(4168,0,0,'2023-04-12 11:06:16.103765',25,152),(4169,0,0,'2023-04-12 11:06:16.103782',26,152),(4170,0,0,'2023-04-12 11:06:16.106206',27,152),(4171,0,0,'2023-04-12 11:06:16.106236',28,152),(4172,0,0,'2023-04-12 11:06:16.106254',29,152),(4173,0,0,'2023-04-12 11:06:16.106272',30,152),(4174,0,0,'2023-04-12 11:06:16.106289',31,152),(4175,0,0,'2023-04-12 11:06:16.106306',32,152),(4176,0,0,'2023-04-12 11:06:16.106323',33,152),(4177,0,0,'2023-04-12 11:06:16.108588',34,152),(4178,0,0,'2023-04-12 11:06:16.108618',35,152),(4179,0,0,'2023-04-12 11:06:16.108636',36,152),(4180,0,0,'2023-04-12 11:06:16.110937',37,152),(4181,0,0,'2023-04-12 11:06:16.110966',38,152),(4182,0,0,'2023-04-12 11:06:16.110985',39,152),(4183,0,0,'2023-04-12 11:06:16.113395',40,152),(4184,0,0,'2023-04-12 11:06:16.113425',41,152),(4185,0,0,'2023-04-12 11:06:16.113444',42,152),(4186,0,0,'2023-04-12 11:06:26.800807',13,153),(4187,0,0,'2023-04-12 11:06:26.800839',14,153),(4188,0,0,'2023-04-12 11:06:26.800871',15,153),(4189,0,0,'2023-04-12 11:06:26.800889',16,153),(4190,0,0,'2023-04-12 11:06:26.800907',17,153),(4191,0,0,'2023-04-12 11:06:26.800924',18,153),(4192,0,0,'2023-04-12 11:06:26.800941',19,153),(4193,0,0,'2023-04-12 11:06:26.862370',20,153),(4194,0,0,'2023-04-12 11:06:26.862401',21,153),(4195,0,0,'2023-04-12 11:06:26.862419',22,153),(4196,0,0,'2023-04-12 11:06:26.862437',23,153),(4197,0,0,'2023-04-12 11:06:26.862454',24,153),(4198,0,0,'2023-04-12 11:06:26.862472',25,153),(4199,0,0,'2023-04-12 11:06:26.862490',26,153),(4200,0,0,'2023-04-12 11:06:26.865102',27,153),(4201,0,0,'2023-04-12 11:06:26.865132',28,153),(4202,0,0,'2023-04-12 11:06:26.865151',29,153),(4203,0,0,'2023-04-12 11:06:26.865168',30,153),(4204,0,0,'2023-04-12 11:06:26.865186',31,153),(4205,0,0,'2023-04-12 11:06:26.865203',32,153),(4206,0,0,'2023-04-12 11:06:26.865220',33,153),(4207,0,0,'2023-04-12 11:06:26.867731',34,153),(4208,0,0,'2023-04-12 11:06:26.867760',35,153),(4209,0,0,'2023-04-12 11:06:26.867779',36,153),(4210,0,0,'2023-04-12 11:06:26.870243',37,153),(4211,0,0,'2023-04-12 11:06:26.870273',38,153),(4212,0,0,'2023-04-12 11:06:26.870291',39,153),(4213,0,0,'2023-04-12 11:06:26.872361',40,153),(4214,0,0,'2023-04-12 11:06:26.872390',41,153),(4215,0,0,'2023-04-12 11:06:26.872409',42,153),(4216,0,0,'2023-04-12 11:06:44.650054',13,154),(4217,0,0,'2023-04-12 11:06:44.650085',14,154),(4218,0,0,'2023-04-12 11:06:44.650105',15,154),(4219,0,0,'2023-04-12 11:06:44.650123',16,154),(4220,0,0,'2023-04-12 11:06:44.650141',17,154),(4221,0,0,'2023-04-12 11:06:44.650159',18,154),(4222,0,0,'2023-04-12 11:06:44.650176',19,154),(4223,0,0,'2023-04-12 11:06:44.652906',20,154),(4224,0,0,'2023-04-12 11:06:44.652936',21,154),(4225,0,0,'2023-04-12 11:06:44.652955',22,154),(4226,0,0,'2023-04-12 11:06:44.652974',23,154),(4227,0,0,'2023-04-12 11:06:44.652991',24,154),(4228,0,0,'2023-04-12 11:06:44.653009',25,154),(4229,0,0,'2023-04-12 11:06:44.653026',26,154),(4230,0,0,'2023-04-12 11:06:44.655587',27,154),(4231,0,0,'2023-04-12 11:06:44.655616',28,154),(4232,0,0,'2023-04-12 11:06:44.655635',29,154),(4233,0,0,'2023-04-12 11:06:44.655653',30,154),(4234,0,0,'2023-04-12 11:06:44.655670',31,154),(4235,0,0,'2023-04-12 11:06:44.655688',32,154),(4236,0,0,'2023-04-12 11:06:44.655705',33,154),(4237,0,0,'2023-04-12 11:06:44.657930',34,154),(4238,0,0,'2023-04-12 11:06:44.657959',35,154),(4239,0,0,'2023-04-12 11:06:44.657978',36,154),(4240,0,0,'2023-04-12 11:06:44.660365',37,154),(4241,0,0,'2023-04-12 11:06:44.660394',38,154),(4242,0,0,'2023-04-12 11:06:44.660413',39,154),(4243,0,0,'2023-04-12 11:06:44.662500',40,154),(4244,0,0,'2023-04-12 11:06:44.662529',41,154),(4245,0,0,'2023-04-12 11:06:44.662548',42,154),(4246,0,0,'2023-04-12 11:06:55.737181',13,155),(4247,0,0,'2023-04-12 11:06:55.737212',14,155),(4248,0,0,'2023-04-12 11:06:55.737231',15,155),(4249,0,0,'2023-04-12 11:06:55.737249',16,155),(4250,0,0,'2023-04-12 11:06:55.737267',17,155),(4251,0,0,'2023-04-12 11:06:55.737284',18,155),(4252,0,0,'2023-04-12 11:06:55.737301',19,155),(4253,0,0,'2023-04-12 11:06:55.740121',20,155),(4254,0,0,'2023-04-12 11:06:55.740151',21,155),(4255,0,0,'2023-04-12 11:06:55.740169',22,155),(4256,0,0,'2023-04-12 11:06:55.740187',23,155),(4257,0,0,'2023-04-12 11:06:55.740205',24,155),(4258,0,0,'2023-04-12 11:06:55.740222',25,155),(4259,0,0,'2023-04-12 11:06:55.740239',26,155),(4260,0,0,'2023-04-12 11:06:55.742743',27,155),(4261,0,0,'2023-04-12 11:06:55.742771',28,155),(4262,0,0,'2023-04-12 11:06:55.742789',29,155),(4263,0,0,'2023-04-12 11:06:55.742807',30,155),(4264,0,0,'2023-04-12 11:06:55.742824',31,155),(4265,0,0,'2023-04-12 11:06:55.742841',32,155),(4266,0,0,'2023-04-12 11:06:55.742857',33,155),(4267,0,0,'2023-04-12 11:06:55.745551',34,155),(4268,0,0,'2023-04-12 11:06:55.745580',35,155),(4269,0,0,'2023-04-12 11:06:55.745599',36,155),(4270,0,0,'2023-04-12 11:06:55.747958',37,155),(4271,0,0,'2023-04-12 11:06:55.747987',38,155),(4272,0,0,'2023-04-12 11:06:55.748005',39,155),(4273,1,1,'2023-04-12 11:06:55.750276',40,155),(4274,0,0,'2023-04-12 11:06:55.750305',41,155),(4275,0,0,'2023-04-12 11:06:55.750324',42,155),(4276,0,0,'2023-04-12 11:07:11.704653',13,156),(4277,0,0,'2023-04-12 11:07:11.704684',14,156),(4278,0,0,'2023-04-12 11:07:11.704704',15,156),(4279,0,0,'2023-04-12 11:07:11.704722',16,156),(4280,0,0,'2023-04-12 11:07:11.704739',17,156),(4281,0,0,'2023-04-12 11:07:11.704757',18,156),(4282,0,0,'2023-04-12 11:07:11.704774',19,156),(4283,0,0,'2023-04-12 11:07:11.707490',20,156),(4284,0,0,'2023-04-12 11:07:11.707520',21,156),(4285,0,0,'2023-04-12 11:07:11.707539',22,156),(4286,0,0,'2023-04-12 11:07:11.707556',23,156),(4287,0,0,'2023-04-12 11:07:11.707574',24,156),(4288,0,0,'2023-04-12 11:07:11.707591',25,156),(4289,0,0,'2023-04-12 11:07:11.707608',26,156),(4290,0,0,'2023-04-12 11:07:11.710105',27,156),(4291,0,0,'2023-04-12 11:07:11.710134',28,156),(4292,0,0,'2023-04-12 11:07:11.710152',29,156),(4293,0,0,'2023-04-12 11:07:11.710170',30,156),(4294,0,0,'2023-04-12 11:07:11.710187',31,156),(4295,0,0,'2023-04-12 11:07:11.710204',32,156),(4296,0,0,'2023-04-12 11:07:11.710221',33,156),(4297,0,0,'2023-04-12 11:07:11.712818',34,156),(4298,0,0,'2023-04-12 11:07:11.712847',35,156),(4299,0,0,'2023-04-12 11:07:11.712877',36,156),(4300,0,0,'2023-04-12 11:07:11.715132',37,156),(4301,0,0,'2023-04-12 11:07:11.715161',38,156),(4302,0,0,'2023-04-12 11:07:11.715179',39,156),(4303,0,0,'2023-04-12 11:07:11.717531',40,156),(4304,0,0,'2023-04-12 11:07:11.717561',41,156),(4305,0,0,'2023-04-12 11:07:11.717579',42,156),(4306,0,0,'2023-04-12 11:07:30.889606',13,157),(4307,0,0,'2023-04-12 11:07:30.889637',14,157),(4308,0,0,'2023-04-12 11:07:30.889656',15,157),(4309,0,0,'2023-04-12 11:07:30.889673',16,157),(4310,0,0,'2023-04-12 11:07:30.889690',17,157),(4311,0,0,'2023-04-12 11:07:30.889708',18,157),(4312,0,0,'2023-04-12 11:07:30.889725',19,157),(4313,0,0,'2023-04-12 11:07:30.892587',20,157),(4314,0,0,'2023-04-12 11:07:30.892620',21,157),(4315,0,0,'2023-04-12 11:07:30.892640',22,157),(4316,0,0,'2023-04-12 11:07:30.892658',23,157),(4317,0,0,'2023-04-12 11:07:30.892676',24,157),(4318,0,0,'2023-04-12 11:07:30.892694',25,157),(4319,0,0,'2023-04-12 11:07:30.892712',26,157),(4320,0,0,'2023-04-12 11:07:30.895927',27,157),(4321,0,0,'2023-04-12 11:07:30.895957',28,157),(4322,0,0,'2023-04-12 11:07:30.895976',29,157),(4323,0,0,'2023-04-12 11:07:30.895993',30,157),(4324,0,0,'2023-04-12 11:07:30.896011',31,157),(4325,0,0,'2023-04-12 11:07:30.896028',32,157),(4326,0,0,'2023-04-12 11:07:30.896046',33,157),(4327,0,0,'2023-04-12 11:07:30.898631',34,157),(4328,0,0,'2023-04-12 11:07:30.898661',35,157),(4329,0,0,'2023-04-12 11:07:30.898680',36,157),(4330,0,0,'2023-04-12 11:07:30.901597',37,157),(4331,0,0,'2023-04-12 11:07:30.901626',38,157),(4332,0,0,'2023-04-12 11:07:30.901645',39,157),(4333,0,0,'2023-04-12 11:07:30.903973',40,157),(4334,0,0,'2023-04-12 11:07:30.904003',41,157),(4335,0,0,'2023-04-12 11:07:30.904021',42,157),(4336,0,0,'2023-04-12 11:08:09.724555',13,158),(4337,0,0,'2023-04-12 11:08:09.724586',14,158),(4338,0,0,'2023-04-12 11:08:09.724605',15,158),(4339,0,0,'2023-04-12 11:08:09.724623',16,158),(4340,0,0,'2023-04-12 11:08:09.724640',17,158),(4341,0,0,'2023-04-12 11:08:09.724658',18,158),(4342,0,0,'2023-04-12 11:08:09.724675',19,158),(4343,0,0,'2023-04-12 11:08:09.727407',20,158),(4344,0,0,'2023-04-12 11:08:09.727437',21,158),(4345,0,0,'2023-04-12 11:08:09.727455',22,158),(4346,0,0,'2023-04-12 11:08:09.727473',23,158),(4347,0,0,'2023-04-12 11:08:09.727490',24,158),(4348,0,0,'2023-04-12 11:08:09.727507',25,158),(4349,0,0,'2023-04-12 11:08:09.727524',26,158),(4350,0,0,'2023-04-12 11:08:09.729937',27,158),(4351,0,0,'2023-04-12 11:08:09.729966',28,158),(4352,0,0,'2023-04-12 11:08:09.729985',29,158),(4353,0,0,'2023-04-12 11:08:09.730003',30,158),(4354,0,0,'2023-04-12 11:08:09.730020',31,158),(4355,0,0,'2023-04-12 11:08:09.730037',32,158),(4356,0,0,'2023-04-12 11:08:09.730054',33,158),(4357,0,0,'2023-04-12 11:08:09.733002',34,158),(4358,0,0,'2023-04-12 11:08:09.733031',35,158),(4359,0,0,'2023-04-12 11:08:09.733049',36,158),(4360,0,0,'2023-04-12 11:08:09.735341',37,158),(4361,0,0,'2023-04-12 11:08:09.735370',38,158),(4362,0,0,'2023-04-12 11:08:09.735388',39,158),(4363,0,0,'2023-04-12 11:08:09.737459',40,158),(4364,0,0,'2023-04-12 11:08:09.737488',41,158),(4365,0,0,'2023-04-12 11:08:09.737507',42,158),(4366,0,0,'2023-04-12 11:08:38.689929',13,159),(4367,0,0,'2023-04-12 11:08:38.689959',14,159),(4368,0,0,'2023-04-12 11:08:38.689978',15,159),(4369,0,0,'2023-04-12 11:08:38.689996',16,159),(4370,0,0,'2023-04-12 11:08:38.690013',17,159),(4371,0,0,'2023-04-12 11:08:38.690031',18,159),(4372,0,0,'2023-04-12 11:08:38.690048',19,159),(4373,1,1,'2023-04-12 11:08:38.692827',20,159),(4374,0,0,'2023-04-12 11:08:38.692867',21,159),(4375,0,0,'2023-04-12 11:08:38.692886',22,159),(4376,0,0,'2023-04-12 11:08:38.692904',23,159),(4377,0,0,'2023-04-12 11:08:38.692921',24,159),(4378,0,0,'2023-04-12 11:08:38.692939',25,159),(4379,0,0,'2023-04-12 11:08:38.692956',26,159),(4380,0,0,'2023-04-12 11:08:38.696003',27,159),(4381,0,0,'2023-04-12 11:08:38.696032',28,159),(4382,0,0,'2023-04-12 11:08:38.696050',29,159),(4383,0,0,'2023-04-12 11:08:38.696068',30,159),(4384,0,0,'2023-04-12 11:08:38.696085',31,159),(4385,0,0,'2023-04-12 11:08:38.696102',32,159),(4386,0,0,'2023-04-12 11:08:38.696119',33,159),(4387,0,0,'2023-04-12 11:08:38.698401',34,159),(4388,0,0,'2023-04-12 11:08:38.698430',35,159),(4389,0,0,'2023-04-12 11:08:38.698449',36,159),(4390,0,0,'2023-04-12 11:08:38.700602',37,159),(4391,0,0,'2023-04-12 11:08:38.700630',38,159),(4392,0,0,'2023-04-12 11:08:38.700649',39,159),(4393,0,0,'2023-04-12 11:08:38.702953',40,159),(4394,0,0,'2023-04-12 11:08:38.702981',41,159),(4395,0,0,'2023-04-12 11:08:38.703000',42,159),(4396,0,0,'2023-04-12 11:10:07.932554',13,160),(4397,0,0,'2023-04-12 11:10:07.932584',14,160),(4398,0,0,'2023-04-12 11:10:07.932603',15,160),(4399,0,0,'2023-04-12 11:10:07.932621',16,160),(4400,0,0,'2023-04-12 11:10:07.932639',17,160),(4401,0,0,'2023-04-12 11:10:07.932656',18,160),(4402,0,0,'2023-04-12 11:10:07.932673',19,160),(4403,1,1,'2023-04-12 11:10:07.935544',20,160),(4404,0,0,'2023-04-12 11:10:07.935576',21,160),(4405,0,0,'2023-04-12 11:10:07.935595',22,160),(4406,0,0,'2023-04-12 11:10:07.935612',23,160),(4407,0,0,'2023-04-12 11:10:07.935629',24,160),(4408,0,0,'2023-04-12 11:10:07.935646',25,160),(4409,0,0,'2023-04-12 11:10:07.935664',26,160),(4410,0,0,'2023-04-12 11:10:07.938507',27,160),(4411,0,0,'2023-04-12 11:10:07.938537',28,160),(4412,0,0,'2023-04-12 11:10:07.938556',29,160),(4413,0,0,'2023-04-12 11:10:07.938574',30,160),(4414,0,0,'2023-04-12 11:10:07.938592',31,160),(4415,0,0,'2023-04-12 11:10:07.938609',32,160),(4416,0,0,'2023-04-12 11:10:07.938626',33,160),(4417,0,0,'2023-04-12 11:10:07.940972',34,160),(4418,0,0,'2023-04-12 11:10:07.941001',35,160),(4419,0,0,'2023-04-12 11:10:07.941020',36,160),(4420,1,1,'2023-04-12 11:10:07.943237',37,160),(4421,0,0,'2023-04-12 11:10:07.943266',38,160),(4422,0,0,'2023-04-12 11:10:07.943285',39,160),(4423,0,0,'2023-04-12 11:10:07.945348',40,160),(4424,0,0,'2023-04-12 11:10:07.945377',41,160),(4425,0,0,'2023-04-12 11:10:07.945396',42,160),(4456,0,0,'2023-04-12 11:10:42.068790',13,162),(4457,0,0,'2023-04-12 11:10:42.068821',14,162),(4458,0,0,'2023-04-12 11:10:42.068840',15,162),(4459,0,0,'2023-04-12 11:10:42.068869',16,162),(4460,0,0,'2023-04-12 11:10:42.068887',17,162),(4461,0,0,'2023-04-12 11:10:42.068903',18,162),(4462,0,0,'2023-04-12 11:10:42.068921',19,162),(4463,0,0,'2023-04-12 11:10:42.071945',20,162),(4464,0,0,'2023-04-12 11:10:42.071976',21,162),(4465,0,0,'2023-04-12 11:10:42.071994',22,162),(4466,0,0,'2023-04-12 11:10:42.072011',23,162),(4467,0,0,'2023-04-12 11:10:42.072029',24,162),(4468,0,0,'2023-04-12 11:10:42.072046',25,162),(4469,0,0,'2023-04-12 11:10:42.072063',26,162),(4470,0,0,'2023-04-12 11:10:42.074518',27,162),(4471,0,0,'2023-04-12 11:10:42.074547',28,162),(4472,0,0,'2023-04-12 11:10:42.074566',29,162),(4473,0,0,'2023-04-12 11:10:42.074583',30,162),(4474,0,0,'2023-04-12 11:10:42.074600',31,162),(4475,0,0,'2023-04-12 11:10:42.074618',32,162),(4476,0,0,'2023-04-12 11:10:42.074635',33,162),(4477,0,0,'2023-04-12 11:10:42.076965',34,162),(4478,0,0,'2023-04-12 11:10:42.076994',35,162),(4479,0,0,'2023-04-12 11:10:42.077013',36,162),(4480,0,0,'2023-04-12 11:10:42.079186',37,162),(4481,0,0,'2023-04-12 11:10:42.079215',38,162),(4482,0,0,'2023-04-12 11:10:42.079234',39,162),(4483,0,0,'2023-04-12 11:10:42.081346',40,162),(4484,0,0,'2023-04-12 11:10:42.081375',41,162),(4485,0,0,'2023-04-12 11:10:42.081394',42,162),(4486,0,0,'2023-04-12 11:10:55.084852',13,163),(4487,0,0,'2023-04-12 11:10:55.084895',14,163),(4488,0,0,'2023-04-12 11:10:55.084915',15,163),(4489,0,0,'2023-04-12 11:10:55.084933',16,163),(4490,0,0,'2023-04-12 11:10:55.084951',17,163),(4491,0,0,'2023-04-12 11:10:55.084968',18,163),(4492,0,0,'2023-04-12 11:10:55.084986',19,163),(4493,1,1,'2023-04-12 11:10:55.087726',20,163),(4494,0,0,'2023-04-12 11:10:55.087760',21,163),(4495,0,0,'2023-04-12 11:10:55.087779',22,163),(4496,0,0,'2023-04-12 11:10:55.087798',23,163),(4497,0,0,'2023-04-12 11:10:55.087816',24,163),(4498,0,0,'2023-04-12 11:10:55.087834',25,163),(4499,0,0,'2023-04-12 11:10:55.087852',26,163),(4500,0,0,'2023-04-12 11:10:55.090372',27,163),(4501,0,0,'2023-04-12 11:10:55.090403',28,163),(4502,0,0,'2023-04-12 11:10:55.090423',29,163),(4503,0,0,'2023-04-12 11:10:55.090441',30,163),(4504,0,0,'2023-04-12 11:10:55.090459',31,163),(4505,0,0,'2023-04-12 11:10:55.090477',32,163),(4506,0,0,'2023-04-12 11:10:55.090495',33,163),(4507,0,0,'2023-04-12 11:10:55.092931',34,163),(4508,0,0,'2023-04-12 11:10:55.092961',35,163),(4509,0,0,'2023-04-12 11:10:55.092981',36,163),(4510,0,0,'2023-04-12 11:10:55.095269',37,163),(4511,0,0,'2023-04-12 11:10:55.095299',38,163),(4512,0,0,'2023-04-12 11:10:55.095319',39,163),(4513,0,0,'2023-04-12 11:10:55.097727',40,163),(4514,0,0,'2023-04-12 11:10:55.097757',41,163),(4515,0,0,'2023-04-12 11:10:55.097777',42,163),(4516,0,0,'2023-04-12 11:13:41.111049',13,164),(4517,0,0,'2023-04-12 11:13:41.111080',14,164),(4518,0,0,'2023-04-12 11:13:41.111099',15,164),(4519,0,0,'2023-04-12 11:13:41.111117',16,164),(4520,0,0,'2023-04-12 11:13:41.111134',17,164),(4521,0,0,'2023-04-12 11:13:41.111152',18,164),(4522,0,0,'2023-04-12 11:13:41.111169',19,164),(4523,0,0,'2023-04-12 11:13:41.113766',20,164),(4524,0,0,'2023-04-12 11:13:41.113796',21,164),(4525,0,0,'2023-04-12 11:13:41.113814',22,164),(4526,0,0,'2023-04-12 11:13:41.113832',23,164),(4527,0,0,'2023-04-12 11:13:41.113849',24,164),(4528,0,0,'2023-04-12 11:13:41.113866',25,164),(4529,0,0,'2023-04-12 11:13:41.113883',26,164),(4530,0,0,'2023-04-12 11:13:41.116527',27,164),(4531,0,0,'2023-04-12 11:13:41.116556',28,164),(4532,0,0,'2023-04-12 11:13:41.116574',29,164),(4533,0,0,'2023-04-12 11:13:41.116592',30,164),(4534,0,0,'2023-04-12 11:13:41.116609',31,164),(4535,0,0,'2023-04-12 11:13:41.116626',32,164),(4536,0,0,'2023-04-12 11:13:41.116642',33,164),(4537,0,0,'2023-04-12 11:13:41.119060',34,164),(4538,0,0,'2023-04-12 11:13:41.119089',35,164),(4539,0,0,'2023-04-12 11:13:41.119108',36,164),(4540,0,0,'2023-04-12 11:13:41.121441',37,164),(4541,0,0,'2023-04-12 11:13:41.121470',38,164),(4542,0,0,'2023-04-12 11:13:41.121489',39,164),(4543,1,1,'2023-04-12 11:13:41.123747',40,164),(4544,0,0,'2023-04-12 11:13:41.123777',41,164),(4545,0,0,'2023-04-12 11:13:41.123795',42,164),(4546,0,0,'2023-04-12 11:13:54.872302',13,165),(4547,0,0,'2023-04-12 11:13:54.872334',14,165),(4548,0,0,'2023-04-12 11:13:54.872353',15,165),(4549,0,0,'2023-04-12 11:13:54.872370',16,165),(4550,0,0,'2023-04-12 11:13:54.872388',17,165),(4551,0,0,'2023-04-12 11:13:54.872405',18,165),(4552,0,0,'2023-04-12 11:13:54.872422',19,165),(4553,0,0,'2023-04-12 11:13:54.875177',20,165),(4554,0,0,'2023-04-12 11:13:54.875209',21,165),(4555,0,0,'2023-04-12 11:13:54.875228',22,165),(4556,0,0,'2023-04-12 11:13:54.875253',23,165),(4557,0,0,'2023-04-12 11:13:54.875271',24,165),(4558,0,0,'2023-04-12 11:13:54.875289',25,165),(4559,0,0,'2023-04-12 11:13:54.875306',26,165),(4560,0,0,'2023-04-12 11:13:54.877972',27,165),(4561,0,0,'2023-04-12 11:13:54.878001',28,165),(4562,0,0,'2023-04-12 11:13:54.878020',29,165),(4563,0,0,'2023-04-12 11:13:54.878048',30,165),(4564,0,0,'2023-04-12 11:13:54.878066',31,165),(4565,0,0,'2023-04-12 11:13:54.878083',32,165),(4566,0,0,'2023-04-12 11:13:54.878100',33,165),(4567,0,0,'2023-04-12 11:13:54.880600',34,165),(4568,0,0,'2023-04-12 11:13:54.880629',35,165),(4569,0,0,'2023-04-12 11:13:54.880648',36,165),(4570,0,0,'2023-04-12 11:13:54.883001',37,165),(4571,0,0,'2023-04-12 11:13:54.883030',38,165),(4572,0,0,'2023-04-12 11:13:54.883049',39,165),(4573,1,1,'2023-04-12 11:13:54.885938',40,165),(4574,2,0,'2023-04-12 11:13:54.885967',41,165),(4575,2,0,'2023-04-12 11:13:54.885986',42,165),(4576,0,0,'2023-04-12 11:14:25.436127',13,166),(4577,0,0,'2023-04-12 11:14:25.436158',14,166),(4578,0,0,'2023-04-12 11:14:25.436176',15,166),(4579,0,0,'2023-04-12 11:14:25.436194',16,166),(4580,0,0,'2023-04-12 11:14:25.436211',17,166),(4581,0,0,'2023-04-12 11:14:25.436228',18,166),(4582,0,0,'2023-04-12 11:14:25.436245',19,166),(4583,0,0,'2023-04-12 11:14:25.438750',20,166),(4584,0,0,'2023-04-12 11:14:25.438779',21,166),(4585,0,0,'2023-04-12 11:14:25.438798',22,166),(4586,0,0,'2023-04-12 11:14:25.438815',23,166),(4587,0,0,'2023-04-12 11:14:25.438832',24,166),(4588,0,0,'2023-04-12 11:14:25.438849',25,166),(4589,0,0,'2023-04-12 11:14:25.438867',26,166),(4590,0,0,'2023-04-12 11:14:25.441386',27,166),(4591,0,0,'2023-04-12 11:14:25.441416',28,166),(4592,0,0,'2023-04-12 11:14:25.441434',29,166),(4593,0,0,'2023-04-12 11:14:25.441452',30,166),(4594,0,0,'2023-04-12 11:14:25.441469',31,166),(4595,0,0,'2023-04-12 11:14:25.441486',32,166),(4596,0,0,'2023-04-12 11:14:25.441503',33,166),(4597,0,0,'2023-04-12 11:14:25.444081',34,166),(4598,0,0,'2023-04-12 11:14:25.444110',35,166),(4599,0,0,'2023-04-12 11:14:25.444128',36,166),(4600,0,0,'2023-04-12 11:14:25.446625',37,166),(4601,0,0,'2023-04-12 11:14:25.446653',38,166),(4602,0,0,'2023-04-12 11:14:25.446672',39,166),(4603,1,1,'2023-04-12 11:14:25.449225',40,166),(4604,1,0,'2023-04-12 11:14:25.449256',41,166),(4605,1,0,'2023-04-12 11:14:25.449275',42,166),(4606,0,0,'2023-04-12 11:15:12.422771',13,167),(4607,0,0,'2023-04-12 11:15:12.422804',14,167),(4608,0,0,'2023-04-12 11:15:12.422824',15,167),(4609,0,0,'2023-04-12 11:15:12.422843',16,167),(4610,0,0,'2023-04-12 11:15:12.422861',17,167),(4611,0,0,'2023-04-12 11:15:12.422879',18,167),(4612,0,0,'2023-04-12 11:15:12.422897',19,167),(4613,0,0,'2023-04-12 11:15:12.425631',20,167),(4614,0,0,'2023-04-12 11:15:12.425661',21,167),(4615,0,0,'2023-04-12 11:15:12.425681',22,167),(4616,0,0,'2023-04-12 11:15:12.425699',23,167),(4617,0,0,'2023-04-12 11:15:12.425717',24,167),(4618,0,0,'2023-04-12 11:15:12.425734',25,167),(4619,0,0,'2023-04-12 11:15:12.425752',26,167),(4620,0,0,'2023-04-12 11:15:12.428890',27,167),(4621,0,0,'2023-04-12 11:15:12.428921',28,167),(4622,0,0,'2023-04-12 11:15:12.428940',29,167),(4623,0,0,'2023-04-12 11:15:12.428958',30,167),(4624,0,0,'2023-04-12 11:15:12.428976',31,167),(4625,0,0,'2023-04-12 11:15:12.428994',32,167),(4626,0,0,'2023-04-12 11:15:12.429012',33,167),(4627,0,0,'2023-04-12 11:15:12.458875',34,167),(4628,0,0,'2023-04-12 11:15:12.458905',35,167),(4629,0,0,'2023-04-12 11:15:12.458924',36,167),(4630,0,0,'2023-04-12 11:15:12.485737',37,167),(4631,0,0,'2023-04-12 11:15:12.485767',38,167),(4632,0,0,'2023-04-12 11:15:12.485787',39,167),(4633,0,0,'2023-04-12 11:15:12.488228',40,167),(4634,0,0,'2023-04-12 11:15:12.488258',41,167),(4635,0,0,'2023-04-12 11:15:12.488277',42,167),(4636,0,0,'2023-04-12 11:15:20.917906',13,168),(4637,0,0,'2023-04-12 11:15:20.917939',14,168),(4638,0,0,'2023-04-12 11:15:20.917958',15,168),(4639,0,0,'2023-04-12 11:15:20.917975',16,168),(4640,0,0,'2023-04-12 11:15:20.917992',17,168),(4641,0,0,'2023-04-12 11:15:20.918010',18,168),(4642,0,0,'2023-04-12 11:15:20.918027',19,168),(4643,1,1,'2023-04-12 11:15:20.920988',20,168),(4644,2,0,'2023-04-12 11:15:20.921018',21,168),(4645,2,0,'2023-04-12 11:15:20.921036',22,168),(4646,2,0,'2023-04-12 11:15:20.921054',23,168),(4647,2,0,'2023-04-12 11:15:20.921071',24,168),(4648,2,0,'2023-04-12 11:15:20.921088',25,168),(4649,2,0,'2023-04-12 11:15:20.921105',26,168),(4650,0,0,'2023-04-12 11:15:20.923713',27,168),(4651,0,0,'2023-04-12 11:15:20.923742',28,168),(4652,0,0,'2023-04-12 11:15:20.923761',29,168),(4653,0,0,'2023-04-12 11:15:20.923779',30,168),(4654,0,0,'2023-04-12 11:15:20.923796',31,168),(4655,0,0,'2023-04-12 11:15:20.923814',32,168),(4656,0,0,'2023-04-12 11:15:20.923831',33,168),(4657,0,0,'2023-04-12 11:15:20.926559',34,168),(4658,0,0,'2023-04-12 11:15:20.926588',35,168),(4659,0,0,'2023-04-12 11:15:20.926608',36,168),(4660,1,1,'2023-04-12 11:15:20.928818',37,168),(4661,0,0,'2023-04-12 11:15:20.928847',38,168),(4662,0,0,'2023-04-12 11:15:20.928876',39,168),(4663,0,0,'2023-04-12 11:15:20.931168',40,168),(4664,0,0,'2023-04-12 11:15:20.931197',41,168),(4665,0,0,'2023-04-12 11:15:20.931216',42,168),(4666,0,0,'2023-04-12 11:15:35.319363',13,169),(4667,0,0,'2023-04-12 11:15:35.319394',14,169),(4668,0,0,'2023-04-12 11:15:35.319412',15,169),(4669,0,0,'2023-04-12 11:15:35.319430',16,169),(4670,0,0,'2023-04-12 11:15:35.319447',17,169),(4671,0,0,'2023-04-12 11:15:35.319465',18,169),(4672,0,0,'2023-04-12 11:15:35.319482',19,169),(4673,0,0,'2023-04-12 11:15:35.322390',20,169),(4674,0,0,'2023-04-12 11:15:35.322422',21,169),(4675,0,0,'2023-04-12 11:15:35.322440',22,169),(4676,0,0,'2023-04-12 11:15:35.322458',23,169),(4677,0,0,'2023-04-12 11:15:35.322475',24,169),(4678,0,0,'2023-04-12 11:15:35.322492',25,169),(4679,0,0,'2023-04-12 11:15:35.322509',26,169),(4680,0,0,'2023-04-12 11:15:35.324998',27,169),(4681,0,0,'2023-04-12 11:15:35.325028',28,169),(4682,0,0,'2023-04-12 11:15:35.325047',29,169),(4683,0,0,'2023-04-12 11:15:35.325065',30,169),(4684,0,0,'2023-04-12 11:15:35.325083',31,169),(4685,0,0,'2023-04-12 11:15:35.325100',32,169),(4686,0,0,'2023-04-12 11:15:35.325117',33,169),(4687,0,0,'2023-04-12 11:15:35.327984',34,169),(4688,0,0,'2023-04-12 11:15:35.328015',35,169),(4689,0,0,'2023-04-12 11:15:35.328034',36,169),(4690,0,0,'2023-04-12 11:15:35.330213',37,169),(4691,0,0,'2023-04-12 11:15:35.330244',38,169),(4692,0,0,'2023-04-12 11:15:35.330263',39,169),(4693,0,0,'2023-04-12 11:15:35.332347',40,169),(4694,0,0,'2023-04-12 11:15:35.332377',41,169),(4695,0,0,'2023-04-12 11:15:35.332396',42,169),(4696,0,0,'2023-04-12 11:15:50.250777',13,170),(4697,0,0,'2023-04-12 11:15:50.250808',14,170),(4698,0,0,'2023-04-12 11:15:50.250826',15,170),(4699,0,0,'2023-04-12 11:15:50.250845',16,170),(4700,0,0,'2023-04-12 11:15:50.250862',17,170),(4701,0,0,'2023-04-12 11:15:50.250879',18,170),(4702,0,0,'2023-04-12 11:15:50.250896',19,170),(4703,1,1,'2023-04-12 11:15:50.253530',20,170),(4704,0,0,'2023-04-12 11:15:50.253561',21,170),(4705,0,0,'2023-04-12 11:15:50.253580',22,170),(4706,0,0,'2023-04-12 11:15:50.253598',23,170),(4707,0,0,'2023-04-12 11:15:50.253615',24,170),(4708,0,0,'2023-04-12 11:15:50.253632',25,170),(4709,0,0,'2023-04-12 11:15:50.253649',26,170),(4710,0,0,'2023-04-12 11:15:50.257224',27,170),(4711,0,0,'2023-04-12 11:15:50.257253',28,170),(4712,0,0,'2023-04-12 11:15:50.257272',29,170),(4713,0,0,'2023-04-12 11:15:50.257290',30,170),(4714,0,0,'2023-04-12 11:15:50.257307',31,170),(4715,0,0,'2023-04-12 11:15:50.257325',32,170),(4716,0,0,'2023-04-12 11:15:50.257342',33,170),(4717,0,0,'2023-04-12 11:15:50.259800',34,170),(4718,0,0,'2023-04-12 11:15:50.259828',35,170),(4719,0,0,'2023-04-12 11:15:50.259847',36,170),(4720,0,0,'2023-04-12 11:15:50.262127',37,170),(4721,0,0,'2023-04-12 11:15:50.262156',38,170),(4722,0,0,'2023-04-12 11:15:50.262175',39,170),(4723,0,0,'2023-04-12 11:15:50.264702',40,170),(4724,0,0,'2023-04-12 11:15:50.264732',41,170),(4725,0,0,'2023-04-12 11:15:50.264751',42,170),(4726,0,0,'2023-04-14 07:57:03.384026',13,171),(4727,0,0,'2023-04-14 07:57:03.384056',14,171),(4728,0,0,'2023-04-14 07:57:03.384074',15,171),(4729,0,0,'2023-04-14 07:57:03.384092',16,171),(4730,0,0,'2023-04-14 07:57:03.384109',17,171),(4731,0,0,'2023-04-14 07:57:03.384126',18,171),(4732,0,0,'2023-04-14 07:57:03.384143',19,171),(4733,1,1,'2023-04-14 07:57:03.386868',20,171),(4734,0,0,'2023-04-14 07:57:03.386897',21,171),(4735,0,0,'2023-04-14 07:57:03.386915',22,171),(4736,0,0,'2023-04-14 07:57:03.386932',23,171),(4737,0,0,'2023-04-14 07:57:03.386949',24,171),(4738,0,0,'2023-04-14 07:57:03.386966',25,171),(4739,0,0,'2023-04-14 07:57:03.386983',26,171),(4740,0,0,'2023-04-14 07:57:03.389864',27,171),(4741,0,0,'2023-04-14 07:57:03.389893',28,171),(4742,0,0,'2023-04-14 07:57:03.389912',29,171),(4743,0,0,'2023-04-14 07:57:03.389929',30,171),(4744,0,0,'2023-04-14 07:57:03.389946',31,171),(4745,0,0,'2023-04-14 07:57:03.389964',32,171),(4746,0,0,'2023-04-14 07:57:03.389980',33,171),(4747,0,0,'2023-04-14 07:57:03.392575',34,171),(4748,0,0,'2023-04-14 07:57:03.392604',35,171),(4749,0,0,'2023-04-14 07:57:03.392623',36,171),(4750,0,0,'2023-04-14 07:57:03.395409',37,171),(4751,0,0,'2023-04-14 07:57:03.395439',38,171),(4752,0,0,'2023-04-14 07:57:03.395458',39,171),(4753,0,0,'2023-04-14 07:57:03.397824',40,171),(4754,0,0,'2023-04-14 07:57:03.397853',41,171),(4755,0,0,'2023-04-14 07:57:03.397872',42,171),(4756,0,0,'2023-04-14 08:00:56.845956',13,172),(4757,0,0,'2023-04-14 08:00:56.845989',14,172),(4758,0,0,'2023-04-14 08:00:56.846008',15,172),(4759,0,0,'2023-04-14 08:00:56.846025',16,172),(4760,0,0,'2023-04-14 08:00:56.846042',17,172),(4761,0,0,'2023-04-14 08:00:56.846060',18,172),(4762,0,0,'2023-04-14 08:00:56.846077',19,172),(4763,1,1,'2023-04-14 08:00:56.849034',20,172),(4764,2,0,'2023-04-14 08:00:56.849064',21,172),(4765,2,0,'2023-04-14 08:00:56.849083',22,172),(4766,2,0,'2023-04-14 08:00:56.849100',23,172),(4767,2,0,'2023-04-14 08:00:56.849117',24,172),(4768,2,0,'2023-04-14 08:00:56.849134',25,172),(4769,2,0,'2023-04-14 08:00:56.849152',26,172),(4770,0,0,'2023-04-14 08:00:56.852533',27,172),(4771,0,0,'2023-04-14 08:00:56.852564',28,172),(4772,0,0,'2023-04-14 08:00:56.852583',29,172),(4773,0,0,'2023-04-14 08:00:56.852601',30,172),(4774,0,0,'2023-04-14 08:00:56.852618',31,172),(4775,0,0,'2023-04-14 08:00:56.852636',32,172),(4776,0,0,'2023-04-14 08:00:56.852653',33,172),(4777,0,0,'2023-04-14 08:00:56.855253',34,172),(4778,0,0,'2023-04-14 08:00:56.855283',35,172),(4779,0,0,'2023-04-14 08:00:56.855302',36,172),(4780,1,1,'2023-04-14 08:00:56.857576',37,172),(4781,2,0,'2023-04-14 08:00:56.857605',38,172),(4782,2,0,'2023-04-14 08:00:56.857624',39,172),(4783,0,0,'2023-04-14 08:00:56.860110',40,172),(4784,0,0,'2023-04-14 08:00:56.860140',41,172),(4785,0,0,'2023-04-14 08:00:56.860159',42,172),(4786,0,0,'2023-04-14 08:05:07.555669',13,173),(4787,0,0,'2023-04-14 08:05:07.555701',14,173),(4788,0,0,'2023-04-14 08:05:07.555720',15,173),(4789,0,0,'2023-04-14 08:05:07.555738',16,173),(4790,0,0,'2023-04-14 08:05:07.555755',17,173),(4791,0,0,'2023-04-14 08:05:07.555773',18,173),(4792,0,0,'2023-04-14 08:05:07.555790',19,173),(4793,0,0,'2023-04-14 08:05:07.558745',20,173),(4794,0,0,'2023-04-14 08:05:07.558774',21,173),(4795,0,0,'2023-04-14 08:05:07.558793',22,173),(4796,0,0,'2023-04-14 08:05:07.558811',23,173),(4797,0,0,'2023-04-14 08:05:07.558828',24,173),(4798,0,0,'2023-04-14 08:05:07.558846',25,173),(4799,0,0,'2023-04-14 08:05:07.558863',26,173),(4800,0,0,'2023-04-14 08:05:07.561470',27,173),(4801,0,0,'2023-04-14 08:05:07.561500',28,173),(4802,0,0,'2023-04-14 08:05:07.561519',29,173),(4803,0,0,'2023-04-14 08:05:07.561536',30,173),(4804,0,0,'2023-04-14 08:05:07.561554',31,173),(4805,0,0,'2023-04-14 08:05:07.561571',32,173),(4806,0,0,'2023-04-14 08:05:07.561588',33,173),(4807,0,0,'2023-04-14 08:05:07.564151',34,173),(4808,0,0,'2023-04-14 08:05:07.564181',35,173),(4809,0,0,'2023-04-14 08:05:07.564200',36,173),(4810,0,0,'2023-04-14 08:05:07.566820',37,173),(4811,0,0,'2023-04-14 08:05:07.566850',38,173),(4812,0,0,'2023-04-14 08:05:07.566869',39,173),(4813,0,0,'2023-04-14 08:05:07.569032',40,173),(4814,0,0,'2023-04-14 08:05:07.569062',41,173),(4815,0,0,'2023-04-14 08:05:07.569081',42,173),(4816,0,0,'2023-04-14 08:05:26.760324',13,174),(4817,0,0,'2023-04-14 08:05:26.760355',14,174),(4818,0,0,'2023-04-14 08:05:26.760373',15,174),(4819,0,0,'2023-04-14 08:05:26.760391',16,174),(4820,0,0,'2023-04-14 08:05:26.760408',17,174),(4821,0,0,'2023-04-14 08:05:26.760425',18,174),(4822,0,0,'2023-04-14 08:05:26.760442',19,174),(4823,0,0,'2023-04-14 08:05:26.763378',20,174),(4824,0,0,'2023-04-14 08:05:26.763408',21,174),(4825,0,0,'2023-04-14 08:05:26.763427',22,174),(4826,0,0,'2023-04-14 08:05:26.763445',23,174),(4827,0,0,'2023-04-14 08:05:26.763462',24,174),(4828,0,0,'2023-04-14 08:05:26.763479',25,174),(4829,0,0,'2023-04-14 08:05:26.763496',26,174),(4830,0,0,'2023-04-14 08:05:26.765980',27,174),(4831,0,0,'2023-04-14 08:05:26.766008',28,174),(4832,0,0,'2023-04-14 08:05:26.766027',29,174),(4833,0,0,'2023-04-14 08:05:26.766044',30,174),(4834,0,0,'2023-04-14 08:05:26.766061',31,174),(4835,0,0,'2023-04-14 08:05:26.766078',32,174),(4836,0,0,'2023-04-14 08:05:26.766094',33,174),(4837,0,0,'2023-04-14 08:05:26.768391',34,174),(4838,0,0,'2023-04-14 08:05:26.768420',35,174),(4839,0,0,'2023-04-14 08:05:26.768438',36,174),(4840,0,0,'2023-04-14 08:05:26.770711',37,174),(4841,0,0,'2023-04-14 08:05:26.770740',38,174),(4842,0,0,'2023-04-14 08:05:26.770761',39,174),(4843,0,0,'2023-04-14 08:05:26.773221',40,174),(4844,0,0,'2023-04-14 08:05:26.773249',41,174),(4845,0,0,'2023-04-14 08:05:26.773268',42,174),(4846,0,0,'2023-04-14 08:05:40.937137',13,175),(4847,0,0,'2023-04-14 08:05:40.937170',14,175),(4848,0,0,'2023-04-14 08:05:40.937189',15,175),(4849,0,0,'2023-04-14 08:05:40.937207',16,175),(4850,0,0,'2023-04-14 08:05:40.937224',17,175),(4851,0,0,'2023-04-14 08:05:40.937241',18,175),(4852,0,0,'2023-04-14 08:05:40.937259',19,175),(4853,0,0,'2023-04-14 08:05:40.997754',20,175),(4854,0,0,'2023-04-14 08:05:40.997786',21,175),(4855,0,0,'2023-04-14 08:05:40.997805',22,175),(4856,0,0,'2023-04-14 08:05:40.997823',23,175),(4857,0,0,'2023-04-14 08:05:40.997840',24,175),(4858,0,0,'2023-04-14 08:05:40.997857',25,175),(4859,0,0,'2023-04-14 08:05:40.997874',26,175),(4860,0,0,'2023-04-14 08:05:41.000677',27,175),(4861,0,0,'2023-04-14 08:05:41.000708',28,175),(4862,0,0,'2023-04-14 08:05:41.000727',29,175),(4863,0,0,'2023-04-14 08:05:41.000744',30,175),(4864,0,0,'2023-04-14 08:05:41.000761',31,175),(4865,0,0,'2023-04-14 08:05:41.000781',32,175),(4866,0,0,'2023-04-14 08:05:41.000798',33,175),(4867,0,0,'2023-04-14 08:05:41.003642',34,175),(4868,0,0,'2023-04-14 08:05:41.003672',35,175),(4869,0,0,'2023-04-14 08:05:41.003691',36,175),(4870,0,0,'2023-04-14 08:05:41.006061',37,175),(4871,0,0,'2023-04-14 08:05:41.006091',38,175),(4872,0,0,'2023-04-14 08:05:41.006109',39,175),(4873,0,0,'2023-04-14 08:05:41.008436',40,175),(4874,0,0,'2023-04-14 08:05:41.008466',41,175),(4875,0,0,'2023-04-14 08:05:41.008485',42,175),(4876,0,0,'2023-04-14 08:05:58.472802',13,176),(4877,0,0,'2023-04-14 08:05:58.472836',14,176),(4878,0,0,'2023-04-14 08:05:58.472867',15,176),(4879,0,0,'2023-04-14 08:05:58.472886',16,176),(4880,0,0,'2023-04-14 08:05:58.472905',17,176),(4881,0,0,'2023-04-14 08:05:58.472923',18,176),(4882,0,0,'2023-04-14 08:05:58.472942',19,176),(4883,0,0,'2023-04-14 08:05:58.476054',20,176),(4884,0,0,'2023-04-14 08:05:58.476086',21,176),(4885,0,0,'2023-04-14 08:05:58.476105',22,176),(4886,0,0,'2023-04-14 08:05:58.476123',23,176),(4887,0,0,'2023-04-14 08:05:58.476141',24,176),(4888,0,0,'2023-04-14 08:05:58.476159',25,176),(4889,0,0,'2023-04-14 08:05:58.476176',26,176),(4890,0,0,'2023-04-14 08:05:58.479019',27,176),(4891,0,0,'2023-04-14 08:05:58.479049',28,176),(4892,0,0,'2023-04-14 08:05:58.479068',29,176),(4893,0,0,'2023-04-14 08:05:58.479087',30,176),(4894,0,0,'2023-04-14 08:05:58.479104',31,176),(4895,0,0,'2023-04-14 08:05:58.479122',32,176),(4896,0,0,'2023-04-14 08:05:58.479139',33,176),(4897,0,0,'2023-04-14 08:05:58.481568',34,176),(4898,0,0,'2023-04-14 08:05:58.481598',35,176),(4899,0,0,'2023-04-14 08:05:58.481617',36,176),(4900,0,0,'2023-04-14 08:05:58.483981',37,176),(4901,0,0,'2023-04-14 08:05:58.484011',38,176),(4902,0,0,'2023-04-14 08:05:58.484030',39,176),(4903,0,0,'2023-04-14 08:05:58.486393',40,176),(4904,0,0,'2023-04-14 08:05:58.486423',41,176),(4905,0,0,'2023-04-14 08:05:58.486442',42,176),(4906,0,0,'2023-04-14 08:06:17.531940',13,177),(4907,0,0,'2023-04-14 08:06:17.531970',14,177),(4908,0,0,'2023-04-14 08:06:17.531988',15,177),(4909,0,0,'2023-04-14 08:06:17.532005',16,177),(4910,0,0,'2023-04-14 08:06:17.532023',17,177),(4911,0,0,'2023-04-14 08:06:17.532040',18,177),(4912,0,0,'2023-04-14 08:06:17.532057',19,177),(4913,0,0,'2023-04-14 08:06:17.534834',20,177),(4914,0,0,'2023-04-14 08:06:17.534865',21,177),(4915,0,0,'2023-04-14 08:06:17.534883',22,177),(4916,0,0,'2023-04-14 08:06:17.534901',23,177),(4917,0,0,'2023-04-14 08:06:17.534919',24,177),(4918,0,0,'2023-04-14 08:06:17.534936',25,177),(4919,0,0,'2023-04-14 08:06:17.534953',26,177),(4920,0,0,'2023-04-14 08:06:17.537718',27,177),(4921,0,0,'2023-04-14 08:06:17.537748',28,177),(4922,0,0,'2023-04-14 08:06:17.537767',29,177),(4923,0,0,'2023-04-14 08:06:17.537785',30,177),(4924,0,0,'2023-04-14 08:06:17.537802',31,177),(4925,0,0,'2023-04-14 08:06:17.537819',32,177),(4926,0,0,'2023-04-14 08:06:17.537836',33,177),(4927,0,0,'2023-04-14 08:06:17.541007',34,177),(4928,0,0,'2023-04-14 08:06:17.541036',35,177),(4929,0,0,'2023-04-14 08:06:17.541055',36,177),(4930,0,0,'2023-04-14 08:06:17.544022',37,177),(4931,0,0,'2023-04-14 08:06:17.544051',38,177),(4932,0,0,'2023-04-14 08:06:17.544070',39,177),(4933,0,0,'2023-04-14 08:06:17.546420',40,177),(4934,0,0,'2023-04-14 08:06:17.546449',41,177),(4935,0,0,'2023-04-14 08:06:17.546468',42,177),(4936,0,0,'2023-04-14 08:06:35.589850',13,178),(4937,0,0,'2023-04-14 08:06:35.589880',14,178),(4938,0,0,'2023-04-14 08:06:35.589899',15,178),(4939,0,0,'2023-04-14 08:06:35.589917',16,178),(4940,0,0,'2023-04-14 08:06:35.589934',17,178),(4941,0,0,'2023-04-14 08:06:35.589952',18,178),(4942,0,0,'2023-04-14 08:06:35.589970',19,178),(4943,0,0,'2023-04-14 08:06:35.592865',20,178),(4944,0,0,'2023-04-14 08:06:35.592895',21,178),(4945,0,0,'2023-04-14 08:06:35.592914',22,178),(4946,0,0,'2023-04-14 08:06:35.592932',23,178),(4947,0,0,'2023-04-14 08:06:35.592950',24,178),(4948,0,0,'2023-04-14 08:06:35.592967',25,178),(4949,0,0,'2023-04-14 08:06:35.592985',26,178),(4950,0,0,'2023-04-14 08:06:35.596040',27,178),(4951,0,0,'2023-04-14 08:06:35.596070',28,178),(4952,0,0,'2023-04-14 08:06:35.596089',29,178),(4953,0,0,'2023-04-14 08:06:35.596107',30,178),(4954,0,0,'2023-04-14 08:06:35.596125',31,178),(4955,0,0,'2023-04-14 08:06:35.596142',32,178),(4956,0,0,'2023-04-14 08:06:35.596160',33,178),(4957,0,0,'2023-04-14 08:06:35.599788',34,178),(4958,0,0,'2023-04-14 08:06:35.599817',35,178),(4959,0,0,'2023-04-14 08:06:35.599866',36,178),(4960,0,0,'2023-04-14 08:06:35.602014',37,178),(4961,0,0,'2023-04-14 08:06:35.602043',38,178),(4962,0,0,'2023-04-14 08:06:35.602062',39,178),(4963,0,0,'2023-04-14 08:06:35.604137',40,178),(4964,0,0,'2023-04-14 08:06:35.604166',41,178),(4965,0,0,'2023-04-14 08:06:35.604185',42,178),(4966,0,0,'2023-04-14 08:06:50.264642',13,179),(4967,0,0,'2023-04-14 08:06:50.264672',14,179),(4968,0,0,'2023-04-14 08:06:50.264691',15,179),(4969,0,0,'2023-04-14 08:06:50.264709',16,179),(4970,0,0,'2023-04-14 08:06:50.264726',17,179),(4971,0,0,'2023-04-14 08:06:50.264743',18,179),(4972,0,0,'2023-04-14 08:06:50.264761',19,179),(4973,0,0,'2023-04-14 08:06:50.267594',20,179),(4974,0,0,'2023-04-14 08:06:50.267623',21,179),(4975,0,0,'2023-04-14 08:06:50.267642',22,179),(4976,0,0,'2023-04-14 08:06:50.267659',23,179),(4977,0,0,'2023-04-14 08:06:50.267676',24,179),(4978,0,0,'2023-04-14 08:06:50.267693',25,179),(4979,0,0,'2023-04-14 08:06:50.267710',26,179),(4980,0,0,'2023-04-14 08:06:50.270151',27,179),(4981,0,0,'2023-04-14 08:06:50.270180',28,179),(4982,0,0,'2023-04-14 08:06:50.270199',29,179),(4983,0,0,'2023-04-14 08:06:50.270216',30,179),(4984,0,0,'2023-04-14 08:06:50.270233',31,179),(4985,0,0,'2023-04-14 08:06:50.270250',32,179),(4986,0,0,'2023-04-14 08:06:50.270267',33,179),(4987,0,0,'2023-04-14 08:06:50.272907',34,179),(4988,0,0,'2023-04-14 08:06:50.272938',35,179),(4989,0,0,'2023-04-14 08:06:50.272957',36,179),(4990,0,0,'2023-04-14 08:06:50.275289',37,179),(4991,0,0,'2023-04-14 08:06:50.275318',38,179),(4992,0,0,'2023-04-14 08:06:50.275337',39,179),(4993,0,0,'2023-04-14 08:06:50.277461',40,179),(4994,0,0,'2023-04-14 08:06:50.277490',41,179),(4995,0,0,'2023-04-14 08:06:50.277509',42,179),(4996,0,0,'2023-04-14 08:07:07.710461',13,180),(4997,0,0,'2023-04-14 08:07:07.710493',14,180),(4998,0,0,'2023-04-14 08:07:07.710512',15,180),(4999,0,0,'2023-04-14 08:07:07.710530',16,180),(5000,0,0,'2023-04-14 08:07:07.710557',17,180),(5001,0,0,'2023-04-14 08:07:07.710576',18,180),(5002,0,0,'2023-04-14 08:07:07.710593',19,180),(5003,0,0,'2023-04-14 08:07:07.713467',20,180),(5004,0,0,'2023-04-14 08:07:07.713496',21,180),(5005,0,0,'2023-04-14 08:07:07.713515',22,180),(5006,0,0,'2023-04-14 08:07:07.713532',23,180),(5007,0,0,'2023-04-14 08:07:07.713550',24,180),(5008,0,0,'2023-04-14 08:07:07.713567',25,180),(5009,0,0,'2023-04-14 08:07:07.713584',26,180),(5010,0,0,'2023-04-14 08:07:07.716266',27,180),(5011,0,0,'2023-04-14 08:07:07.716295',28,180),(5012,0,0,'2023-04-14 08:07:07.716314',29,180),(5013,0,0,'2023-04-14 08:07:07.716331',30,180),(5014,0,0,'2023-04-14 08:07:07.716348',31,180),(5015,0,0,'2023-04-14 08:07:07.716365',32,180),(5016,0,0,'2023-04-14 08:07:07.716382',33,180),(5017,0,0,'2023-04-14 08:07:07.718912',34,180),(5018,0,0,'2023-04-14 08:07:07.718940',35,180),(5019,0,0,'2023-04-14 08:07:07.718959',36,180),(5020,0,0,'2023-04-14 08:07:07.721399',37,180),(5021,0,0,'2023-04-14 08:07:07.721428',38,180),(5022,0,0,'2023-04-14 08:07:07.721446',39,180),(5023,0,0,'2023-04-14 08:07:07.723833',40,180),(5024,0,0,'2023-04-14 08:07:07.723862',41,180),(5025,0,0,'2023-04-14 08:07:07.723880',42,180),(5026,0,0,'2023-04-14 08:07:24.184029',13,181),(5027,0,0,'2023-04-14 08:07:24.184060',14,181),(5028,0,0,'2023-04-14 08:07:24.184079',15,181),(5029,0,0,'2023-04-14 08:07:24.184097',16,181),(5030,0,0,'2023-04-14 08:07:24.184114',17,181),(5031,0,0,'2023-04-14 08:07:24.184132',18,181),(5032,0,0,'2023-04-14 08:07:24.184149',19,181),(5033,0,0,'2023-04-14 08:07:24.186978',20,181),(5034,0,0,'2023-04-14 08:07:24.187008',21,181),(5035,0,0,'2023-04-14 08:07:24.187026',22,181),(5036,0,0,'2023-04-14 08:07:24.187044',23,181),(5037,0,0,'2023-04-14 08:07:24.187061',24,181),(5038,0,0,'2023-04-14 08:07:24.187079',25,181),(5039,0,0,'2023-04-14 08:07:24.187096',26,181),(5040,0,0,'2023-04-14 08:07:24.190058',27,181),(5041,0,0,'2023-04-14 08:07:24.190087',28,181),(5042,0,0,'2023-04-14 08:07:24.190106',29,181),(5043,0,0,'2023-04-14 08:07:24.190123',30,181),(5044,0,0,'2023-04-14 08:07:24.190141',31,181),(5045,0,0,'2023-04-14 08:07:24.190158',32,181),(5046,0,0,'2023-04-14 08:07:24.190175',33,181),(5047,0,0,'2023-04-14 08:07:24.193459',34,181),(5048,0,0,'2023-04-14 08:07:24.193489',35,181),(5049,0,0,'2023-04-14 08:07:24.193508',36,181),(5050,0,0,'2023-04-14 08:07:24.195993',37,181),(5051,0,0,'2023-04-14 08:07:24.196023',38,181),(5052,0,0,'2023-04-14 08:07:24.196042',39,181),(5053,0,0,'2023-04-14 08:07:24.198232',40,181),(5054,0,0,'2023-04-14 08:07:24.198262',41,181),(5055,0,0,'2023-04-14 08:07:24.198281',42,181),(5056,0,0,'2023-04-14 08:07:38.513190',13,182),(5057,0,0,'2023-04-14 08:07:38.513221',14,182),(5058,0,0,'2023-04-14 08:07:38.513239',15,182),(5059,0,0,'2023-04-14 08:07:38.513257',16,182),(5060,0,0,'2023-04-14 08:07:38.513274',17,182),(5061,0,0,'2023-04-14 08:07:38.513291',18,182),(5062,0,0,'2023-04-14 08:07:38.513308',19,182),(5063,0,0,'2023-04-14 08:07:38.516059',20,182),(5064,0,0,'2023-04-14 08:07:38.516089',21,182),(5065,0,0,'2023-04-14 08:07:38.516107',22,182),(5066,0,0,'2023-04-14 08:07:38.516125',23,182),(5067,0,0,'2023-04-14 08:07:38.516142',24,182),(5068,0,0,'2023-04-14 08:07:38.516159',25,182),(5069,0,0,'2023-04-14 08:07:38.516176',26,182),(5070,0,0,'2023-04-14 08:07:38.519131',27,182),(5071,0,0,'2023-04-14 08:07:38.519161',28,182),(5072,0,0,'2023-04-14 08:07:38.519180',29,182),(5073,0,0,'2023-04-14 08:07:38.519197',30,182),(5074,0,0,'2023-04-14 08:07:38.519215',31,182),(5075,0,0,'2023-04-14 08:07:38.519232',32,182),(5076,0,0,'2023-04-14 08:07:38.519249',33,182),(5077,0,0,'2023-04-14 08:07:38.521517',34,182),(5078,0,0,'2023-04-14 08:07:38.521547',35,182),(5079,0,0,'2023-04-14 08:07:38.521565',36,182),(5080,0,0,'2023-04-14 08:07:38.523895',37,182),(5081,0,0,'2023-04-14 08:07:38.523924',38,182),(5082,0,0,'2023-04-14 08:07:38.523943',39,182),(5083,1,1,'2023-04-14 08:07:38.527537',40,182),(5084,0,0,'2023-04-14 08:07:38.527566',41,182),(5085,0,0,'2023-04-14 08:07:38.527585',42,182),(5086,0,0,'2023-04-14 08:07:57.357666',13,183),(5087,0,0,'2023-04-14 08:07:57.357698',14,183),(5088,0,0,'2023-04-14 08:07:57.357716',15,183),(5089,0,0,'2023-04-14 08:07:57.357734',16,183),(5090,0,0,'2023-04-14 08:07:57.357751',17,183),(5091,0,0,'2023-04-14 08:07:57.357768',18,183),(5092,0,0,'2023-04-14 08:07:57.357785',19,183),(5093,0,0,'2023-04-14 08:07:57.360515',20,183),(5094,0,0,'2023-04-14 08:07:57.360544',21,183),(5095,0,0,'2023-04-14 08:07:57.360563',22,183),(5096,0,0,'2023-04-14 08:07:57.360581',23,183),(5097,0,0,'2023-04-14 08:07:57.360598',24,183),(5098,0,0,'2023-04-14 08:07:57.360615',25,183),(5099,0,0,'2023-04-14 08:07:57.360632',26,183),(5100,0,0,'2023-04-14 08:07:57.363432',27,183),(5101,0,0,'2023-04-14 08:07:57.363461',28,183),(5102,0,0,'2023-04-14 08:07:57.363480',29,183),(5103,0,0,'2023-04-14 08:07:57.363497',30,183),(5104,0,0,'2023-04-14 08:07:57.363515',31,183),(5105,0,0,'2023-04-14 08:07:57.363532',32,183),(5106,0,0,'2023-04-14 08:07:57.363549',33,183),(5107,0,0,'2023-04-14 08:07:57.366143',34,183),(5108,0,0,'2023-04-14 08:07:57.366172',35,183),(5109,0,0,'2023-04-14 08:07:57.366191',36,183),(5110,0,0,'2023-04-14 08:07:57.368595',37,183),(5111,0,0,'2023-04-14 08:07:57.368624',38,183),(5112,0,0,'2023-04-14 08:07:57.368642',39,183),(5113,0,0,'2023-04-14 08:07:57.371501',40,183),(5114,0,0,'2023-04-14 08:07:57.371530',41,183),(5115,0,0,'2023-04-14 08:07:57.371550',42,183),(5116,0,0,'2023-04-14 08:08:11.794326',13,184),(5117,0,0,'2023-04-14 08:08:11.794356',14,184),(5118,0,0,'2023-04-14 08:08:11.794375',15,184),(5119,0,0,'2023-04-14 08:08:11.794393',16,184),(5120,0,0,'2023-04-14 08:08:11.794410',17,184),(5121,0,0,'2023-04-14 08:08:11.794427',18,184),(5122,0,0,'2023-04-14 08:08:11.794444',19,184),(5123,0,0,'2023-04-14 08:08:11.796970',20,184),(5124,0,0,'2023-04-14 08:08:11.797000',21,184),(5125,0,0,'2023-04-14 08:08:11.797018',22,184),(5126,0,0,'2023-04-14 08:08:11.797035',23,184),(5127,0,0,'2023-04-14 08:08:11.797053',24,184),(5128,0,0,'2023-04-14 08:08:11.797070',25,184),(5129,0,0,'2023-04-14 08:08:11.797087',26,184),(5130,0,0,'2023-04-14 08:08:11.799791',27,184),(5131,0,0,'2023-04-14 08:08:11.799819',28,184),(5132,0,0,'2023-04-14 08:08:11.799838',29,184),(5133,0,0,'2023-04-14 08:08:11.799856',30,184),(5134,0,0,'2023-04-14 08:08:11.799873',31,184),(5135,0,0,'2023-04-14 08:08:11.799890',32,184),(5136,0,0,'2023-04-14 08:08:11.799907',33,184),(5137,0,0,'2023-04-14 08:08:11.802606',34,184),(5138,0,0,'2023-04-14 08:08:11.802634',35,184),(5139,0,0,'2023-04-14 08:08:11.802653',36,184),(5140,0,0,'2023-04-14 08:08:11.805006',37,184),(5141,0,0,'2023-04-14 08:08:11.805035',38,184),(5142,0,0,'2023-04-14 08:08:11.805054',39,184),(5143,0,0,'2023-04-14 08:08:11.807474',40,184),(5144,0,0,'2023-04-14 08:08:11.807503',41,184),(5145,0,0,'2023-04-14 08:08:11.807522',42,184),(5146,0,0,'2023-04-14 08:08:29.899909',13,185),(5147,0,0,'2023-04-14 08:08:29.899941',14,185),(5148,0,0,'2023-04-14 08:08:29.899960',15,185),(5149,0,0,'2023-04-14 08:08:29.899979',16,185),(5150,0,0,'2023-04-14 08:08:29.899998',17,185),(5151,0,0,'2023-04-14 08:08:29.900016',18,185),(5152,0,0,'2023-04-14 08:08:29.900033',19,185),(5153,0,0,'2023-04-14 08:08:29.902703',20,185),(5154,0,0,'2023-04-14 08:08:29.902734',21,185),(5155,0,0,'2023-04-14 08:08:29.902753',22,185),(5156,0,0,'2023-04-14 08:08:29.902772',23,185),(5157,0,0,'2023-04-14 08:08:29.902789',24,185),(5158,0,0,'2023-04-14 08:08:29.902807',25,185),(5159,0,0,'2023-04-14 08:08:29.902824',26,185),(5160,0,0,'2023-04-14 08:08:29.905565',27,185),(5161,0,0,'2023-04-14 08:08:29.905596',28,185),(5162,0,0,'2023-04-14 08:08:29.905616',29,185),(5163,0,0,'2023-04-14 08:08:29.905633',30,185),(5164,0,0,'2023-04-14 08:08:29.905651',31,185),(5165,0,0,'2023-04-14 08:08:29.905668',32,185),(5166,0,0,'2023-04-14 08:08:29.905686',33,185),(5167,0,0,'2023-04-14 08:08:29.908280',34,185),(5168,0,0,'2023-04-14 08:08:29.908310',35,185),(5169,0,0,'2023-04-14 08:08:29.908328',36,185),(5170,0,0,'2023-04-14 08:08:29.910506',37,185),(5171,0,0,'2023-04-14 08:08:29.910535',38,185),(5172,0,0,'2023-04-14 08:08:29.910555',39,185),(5173,0,0,'2023-04-14 08:08:29.912666',40,185),(5174,0,0,'2023-04-14 08:08:29.912696',41,185),(5175,0,0,'2023-04-14 08:08:29.912715',42,185),(5176,0,0,'2023-04-14 08:08:44.188821',13,186),(5177,0,0,'2023-04-14 08:08:44.188853',14,186),(5178,0,0,'2023-04-14 08:08:44.188882',15,186),(5179,0,0,'2023-04-14 08:08:44.188900',16,186),(5180,0,0,'2023-04-14 08:08:44.188917',17,186),(5181,0,0,'2023-04-14 08:08:44.188934',18,186),(5182,0,0,'2023-04-14 08:08:44.188952',19,186),(5183,0,0,'2023-04-14 08:08:44.192163',20,186),(5184,0,0,'2023-04-14 08:08:44.192192',21,186),(5185,0,0,'2023-04-14 08:08:44.192210',22,186),(5186,0,0,'2023-04-14 08:08:44.192228',23,186),(5187,0,0,'2023-04-14 08:08:44.192245',24,186),(5188,0,0,'2023-04-14 08:08:44.192262',25,186),(5189,0,0,'2023-04-14 08:08:44.192279',26,186),(5190,0,0,'2023-04-14 08:08:44.195214',27,186),(5191,0,0,'2023-04-14 08:08:44.195254',28,186),(5192,0,0,'2023-04-14 08:08:44.195279',29,186),(5193,0,0,'2023-04-14 08:08:44.195301',30,186),(5194,0,0,'2023-04-14 08:08:44.195318',31,186),(5195,0,0,'2023-04-14 08:08:44.195335',32,186),(5196,0,0,'2023-04-14 08:08:44.195352',33,186),(5197,0,0,'2023-04-14 08:08:44.197613',34,186),(5198,0,0,'2023-04-14 08:08:44.197641',35,186),(5199,0,0,'2023-04-14 08:08:44.197660',36,186),(5200,0,0,'2023-04-14 08:08:44.199902',37,186),(5201,0,0,'2023-04-14 08:08:44.199931',38,186),(5202,0,0,'2023-04-14 08:08:44.199949',39,186),(5203,0,0,'2023-04-14 08:08:44.202083',40,186),(5204,0,0,'2023-04-14 08:08:44.202111',41,186),(5205,0,0,'2023-04-14 08:08:44.202130',42,186),(5206,0,0,'2023-04-14 08:08:57.232350',13,187),(5207,0,0,'2023-04-14 08:08:57.232380',14,187),(5208,0,0,'2023-04-14 08:08:57.232399',15,187),(5209,0,0,'2023-04-14 08:08:57.232417',16,187),(5210,0,0,'2023-04-14 08:08:57.232434',17,187),(5211,0,0,'2023-04-14 08:08:57.232452',18,187),(5212,0,0,'2023-04-14 08:08:57.232469',19,187),(5213,0,0,'2023-04-14 08:08:57.235436',20,187),(5214,0,0,'2023-04-14 08:08:57.235467',21,187),(5215,0,0,'2023-04-14 08:08:57.235485',22,187),(5216,0,0,'2023-04-14 08:08:57.235503',23,187),(5217,0,0,'2023-04-14 08:08:57.235520',24,187),(5218,0,0,'2023-04-14 08:08:57.235537',25,187),(5219,0,0,'2023-04-14 08:08:57.235553',26,187),(5220,0,0,'2023-04-14 08:08:57.239719',27,187),(5221,0,0,'2023-04-14 08:08:57.239748',28,187),(5222,0,0,'2023-04-14 08:08:57.239767',29,187),(5223,0,0,'2023-04-14 08:08:57.239785',30,187),(5224,0,0,'2023-04-14 08:08:57.239802',31,187),(5225,0,0,'2023-04-14 08:08:57.239819',32,187),(5226,0,0,'2023-04-14 08:08:57.239836',33,187),(5227,0,0,'2023-04-14 08:08:57.242222',34,187),(5228,0,0,'2023-04-14 08:08:57.242251',35,187),(5229,0,0,'2023-04-14 08:08:57.242269',36,187),(5230,0,0,'2023-04-14 08:08:57.244555',37,187),(5231,0,0,'2023-04-14 08:08:57.244584',38,187),(5232,0,0,'2023-04-14 08:08:57.244603',39,187),(5233,0,0,'2023-04-14 08:08:57.247080',40,187),(5234,0,0,'2023-04-14 08:08:57.247109',41,187),(5235,0,0,'2023-04-14 08:08:57.247127',42,187),(5236,0,0,'2023-04-14 08:09:09.315168',13,188),(5237,0,0,'2023-04-14 08:09:09.315201',14,188),(5238,0,0,'2023-04-14 08:09:09.315220',15,188),(5239,0,0,'2023-04-14 08:09:09.315238',16,188),(5240,0,0,'2023-04-14 08:09:09.315272',17,188),(5241,0,0,'2023-04-14 08:09:09.315293',18,188),(5242,0,0,'2023-04-14 08:09:09.315311',19,188),(5243,0,0,'2023-04-14 08:09:09.317898',20,188),(5244,0,0,'2023-04-14 08:09:09.317927',21,188),(5245,0,0,'2023-04-14 08:09:09.317946',22,188),(5246,0,0,'2023-04-14 08:09:09.317963',23,188),(5247,0,0,'2023-04-14 08:09:09.317980',24,188),(5248,0,0,'2023-04-14 08:09:09.317997',25,188),(5249,0,0,'2023-04-14 08:09:09.318014',26,188),(5250,0,0,'2023-04-14 08:09:09.320589',27,188),(5251,0,0,'2023-04-14 08:09:09.320618',28,188),(5252,0,0,'2023-04-14 08:09:09.320636',29,188),(5253,0,0,'2023-04-14 08:09:09.320654',30,188),(5254,0,0,'2023-04-14 08:09:09.320671',31,188),(5255,0,0,'2023-04-14 08:09:09.320688',32,188),(5256,0,0,'2023-04-14 08:09:09.320704',33,188),(5257,0,0,'2023-04-14 08:09:09.323188',34,188),(5258,0,0,'2023-04-14 08:09:09.323218',35,188),(5259,0,0,'2023-04-14 08:09:09.323237',36,188),(5260,0,0,'2023-04-14 08:09:09.325502',37,188),(5261,0,0,'2023-04-14 08:09:09.325531',38,188),(5262,0,0,'2023-04-14 08:09:09.325549',39,188),(5263,0,0,'2023-04-14 08:09:09.327867',40,188),(5264,0,0,'2023-04-14 08:09:09.327896',41,188),(5265,0,0,'2023-04-14 08:09:09.327915',42,188),(5266,0,0,'2023-04-14 08:09:27.202129',13,189),(5267,0,0,'2023-04-14 08:09:27.202160',14,189),(5268,0,0,'2023-04-14 08:09:27.202179',15,189),(5269,0,0,'2023-04-14 08:09:27.202196',16,189),(5270,0,0,'2023-04-14 08:09:27.202213',17,189),(5271,0,0,'2023-04-14 08:09:27.202231',18,189),(5272,0,0,'2023-04-14 08:09:27.202248',19,189),(5273,0,0,'2023-04-14 08:09:27.205350',20,189),(5274,0,0,'2023-04-14 08:09:27.205380',21,189),(5275,0,0,'2023-04-14 08:09:27.205399',22,189),(5276,0,0,'2023-04-14 08:09:27.205417',23,189),(5277,0,0,'2023-04-14 08:09:27.205434',24,189),(5278,0,0,'2023-04-14 08:09:27.205451',25,189),(5279,0,0,'2023-04-14 08:09:27.205468',26,189),(5280,0,0,'2023-04-14 08:09:27.208134',27,189),(5281,0,0,'2023-04-14 08:09:27.208163',28,189),(5282,0,0,'2023-04-14 08:09:27.208181',29,189),(5283,0,0,'2023-04-14 08:09:27.208199',30,189),(5284,0,0,'2023-04-14 08:09:27.208217',31,189),(5285,0,0,'2023-04-14 08:09:27.208234',32,189),(5286,0,0,'2023-04-14 08:09:27.208251',33,189),(5287,0,0,'2023-04-14 08:09:27.210437',34,189),(5288,0,0,'2023-04-14 08:09:27.210465',35,189),(5289,0,0,'2023-04-14 08:09:27.210483',36,189),(5290,0,0,'2023-04-14 08:09:27.212559',37,189),(5291,0,0,'2023-04-14 08:09:27.212588',38,189),(5292,0,0,'2023-04-14 08:09:27.212607',39,189),(5293,0,0,'2023-04-14 08:09:27.215264',40,189),(5294,0,0,'2023-04-14 08:09:27.215299',41,189),(5295,0,0,'2023-04-14 08:09:27.215318',42,189),(5296,0,0,'2023-04-14 08:09:38.415600',13,190),(5297,0,0,'2023-04-14 08:09:38.415631',14,190),(5298,0,0,'2023-04-14 08:09:38.415649',15,190),(5299,0,0,'2023-04-14 08:09:38.415667',16,190),(5300,0,0,'2023-04-14 08:09:38.415684',17,190),(5301,0,0,'2023-04-14 08:09:38.415702',18,190),(5302,0,0,'2023-04-14 08:09:38.415718',19,190),(5303,1,1,'2023-04-14 08:09:38.418441',20,190),(5304,0,0,'2023-04-14 08:09:38.418470',21,190),(5305,0,0,'2023-04-14 08:09:38.418489',22,190),(5306,0,0,'2023-04-14 08:09:38.418507',23,190),(5307,0,0,'2023-04-14 08:09:38.418524',24,190),(5308,0,0,'2023-04-14 08:09:38.418541',25,190),(5309,0,0,'2023-04-14 08:09:38.418558',26,190),(5310,0,0,'2023-04-14 08:09:38.421063',27,190),(5311,0,0,'2023-04-14 08:09:38.421092',28,190),(5312,0,0,'2023-04-14 08:09:38.421111',29,190),(5313,0,0,'2023-04-14 08:09:38.421129',30,190),(5314,0,0,'2023-04-14 08:09:38.421146',31,190),(5315,0,0,'2023-04-14 08:09:38.421164',32,190),(5316,0,0,'2023-04-14 08:09:38.421181',33,190),(5317,0,0,'2023-04-14 08:09:38.423753',34,190),(5318,0,0,'2023-04-14 08:09:38.423782',35,190),(5319,0,0,'2023-04-14 08:09:38.423801',36,190),(5320,1,1,'2023-04-14 08:09:38.425953',37,190),(5321,0,0,'2023-04-14 08:09:38.425982',38,190),(5322,0,0,'2023-04-14 08:09:38.426001',39,190),(5323,0,0,'2023-04-14 08:09:38.428110',40,190),(5324,0,0,'2023-04-14 08:09:38.428139',41,190),(5325,0,0,'2023-04-14 08:09:38.428159',42,190),(5326,0,0,'2023-04-14 08:09:40.367412',13,191),(5327,0,0,'2023-04-14 08:09:40.367443',14,191),(5328,0,0,'2023-04-14 08:09:40.367462',15,191),(5329,0,0,'2023-04-14 08:09:40.367480',16,191),(5330,0,0,'2023-04-14 08:09:40.367497',17,191),(5331,0,0,'2023-04-14 08:09:40.367515',18,191),(5332,0,0,'2023-04-14 08:09:40.367532',19,191),(5333,0,0,'2023-04-14 08:09:40.370224',20,191),(5334,0,0,'2023-04-14 08:09:40.370253',21,191),(5335,0,0,'2023-04-14 08:09:40.370271',22,191),(5336,0,0,'2023-04-14 08:09:40.370289',23,191),(5337,0,0,'2023-04-14 08:09:40.370306',24,191),(5338,0,0,'2023-04-14 08:09:40.370323',25,191),(5339,0,0,'2023-04-14 08:09:40.370341',26,191),(5340,0,0,'2023-04-14 08:09:40.372734',27,191),(5341,0,0,'2023-04-14 08:09:40.372763',28,191),(5342,0,0,'2023-04-14 08:09:40.372782',29,191),(5343,0,0,'2023-04-14 08:09:40.372800',30,191),(5344,0,0,'2023-04-14 08:09:40.372817',31,191),(5345,0,0,'2023-04-14 08:09:40.372834',32,191),(5346,0,0,'2023-04-14 08:09:40.372851',33,191),(5347,0,0,'2023-04-14 08:09:40.427125',34,191),(5348,0,0,'2023-04-14 08:09:40.427155',35,191),(5349,0,0,'2023-04-14 08:09:40.427174',36,191),(5350,0,0,'2023-04-14 08:09:40.430086',37,191),(5351,0,0,'2023-04-14 08:09:40.430115',38,191),(5352,0,0,'2023-04-14 08:09:40.430133',39,191),(5353,0,0,'2023-04-14 08:09:40.432323',40,191),(5354,0,0,'2023-04-14 08:09:40.432353',41,191),(5355,0,0,'2023-04-14 08:09:40.432372',42,191),(5356,0,0,'2023-04-14 08:10:03.817015',13,192),(5357,0,0,'2023-04-14 08:10:03.817045',14,192),(5358,0,0,'2023-04-14 08:10:03.817064',15,192),(5359,0,0,'2023-04-14 08:10:03.817081',16,192),(5360,0,0,'2023-04-14 08:10:03.817098',17,192),(5361,0,0,'2023-04-14 08:10:03.817115',18,192),(5362,0,0,'2023-04-14 08:10:03.817132',19,192),(5363,0,0,'2023-04-14 08:10:03.819908',20,192),(5364,0,0,'2023-04-14 08:10:03.819938',21,192),(5365,0,0,'2023-04-14 08:10:03.819956',22,192),(5366,0,0,'2023-04-14 08:10:03.819974',23,192),(5367,0,0,'2023-04-14 08:10:03.819991',24,192),(5368,0,0,'2023-04-14 08:10:03.820009',25,192),(5369,0,0,'2023-04-14 08:10:03.820026',26,192),(5370,0,0,'2023-04-14 08:10:03.822637',27,192),(5371,0,0,'2023-04-14 08:10:03.822665',28,192),(5372,0,0,'2023-04-14 08:10:03.822684',29,192),(5373,0,0,'2023-04-14 08:10:03.822701',30,192),(5374,0,0,'2023-04-14 08:10:03.822719',31,192),(5375,0,0,'2023-04-14 08:10:03.822735',32,192),(5376,0,0,'2023-04-14 08:10:03.822752',33,192),(5377,0,0,'2023-04-14 08:10:03.825018',34,192),(5378,0,0,'2023-04-14 08:10:03.825047',35,192),(5379,0,0,'2023-04-14 08:10:03.825065',36,192),(5380,0,0,'2023-04-14 08:10:03.827392',37,192),(5381,0,0,'2023-04-14 08:10:03.827421',38,192),(5382,0,0,'2023-04-14 08:10:03.827440',39,192),(5383,0,0,'2023-04-14 08:10:03.829568',40,192),(5384,0,0,'2023-04-14 08:10:03.829597',41,192),(5385,0,0,'2023-04-14 08:10:03.829616',42,192),(5386,0,0,'2023-04-14 08:10:19.224730',13,193),(5387,0,0,'2023-04-14 08:10:19.224760',14,193),(5388,0,0,'2023-04-14 08:10:19.224779',15,193),(5389,0,0,'2023-04-14 08:10:19.224797',16,193),(5390,0,0,'2023-04-14 08:10:19.224814',17,193),(5391,0,0,'2023-04-14 08:10:19.224831',18,193),(5392,0,0,'2023-04-14 08:10:19.224848',19,193),(5393,0,0,'2023-04-14 08:10:19.227632',20,193),(5394,0,0,'2023-04-14 08:10:19.227662',21,193),(5395,0,0,'2023-04-14 08:10:19.227681',22,193),(5396,0,0,'2023-04-14 08:10:19.227699',23,193),(5397,0,0,'2023-04-14 08:10:19.227716',24,193),(5398,0,0,'2023-04-14 08:10:19.227734',25,193),(5399,0,0,'2023-04-14 08:10:19.227751',26,193),(5400,0,0,'2023-04-14 08:10:19.230316',27,193),(5401,0,0,'2023-04-14 08:10:19.230345',28,193),(5402,0,0,'2023-04-14 08:10:19.230364',29,193),(5403,0,0,'2023-04-14 08:10:19.230381',30,193),(5404,0,0,'2023-04-14 08:10:19.230399',31,193),(5405,0,0,'2023-04-14 08:10:19.230417',32,193),(5406,0,0,'2023-04-14 08:10:19.230434',33,193),(5407,0,0,'2023-04-14 08:10:19.232774',34,193),(5408,0,0,'2023-04-14 08:10:19.232805',35,193),(5409,0,0,'2023-04-14 08:10:19.232824',36,193),(5410,0,0,'2023-04-14 08:10:19.235398',37,193),(5411,0,0,'2023-04-14 08:10:19.235428',38,193),(5412,0,0,'2023-04-14 08:10:19.235447',39,193),(5413,0,0,'2023-04-14 08:10:19.237573',40,193),(5414,0,0,'2023-04-14 08:10:19.237602',41,193),(5415,0,0,'2023-04-14 08:10:19.237621',42,193),(5416,0,0,'2023-04-14 08:10:33.340747',13,194),(5417,0,0,'2023-04-14 08:10:33.340780',14,194),(5418,0,0,'2023-04-14 08:10:33.340800',15,194),(5419,0,0,'2023-04-14 08:10:33.340818',16,194),(5420,0,0,'2023-04-14 08:10:33.340836',17,194),(5421,0,0,'2023-04-14 08:10:33.340867',18,194),(5422,0,0,'2023-04-14 08:10:33.340887',19,194),(5423,0,0,'2023-04-14 08:10:33.344922',20,194),(5424,0,0,'2023-04-14 08:10:33.344955',21,194),(5425,0,0,'2023-04-14 08:10:33.344975',22,194),(5426,0,0,'2023-04-14 08:10:33.344993',23,194),(5427,0,0,'2023-04-14 08:10:33.345011',24,194),(5428,0,0,'2023-04-14 08:10:33.345029',25,194),(5429,0,0,'2023-04-14 08:10:33.345047',26,194),(5430,0,0,'2023-04-14 08:10:33.347872',27,194),(5431,0,0,'2023-04-14 08:10:33.347902',28,194),(5432,0,0,'2023-04-14 08:10:33.347920',29,194),(5433,0,0,'2023-04-14 08:10:33.347938',30,194),(5434,0,0,'2023-04-14 08:10:33.347955',31,194),(5435,0,0,'2023-04-14 08:10:33.347972',32,194),(5436,0,0,'2023-04-14 08:10:33.347988',33,194),(5437,0,0,'2023-04-14 08:10:33.350793',34,194),(5438,0,0,'2023-04-14 08:10:33.350822',35,194),(5439,0,0,'2023-04-14 08:10:33.350841',36,194),(5440,0,0,'2023-04-14 08:10:33.353153',37,194),(5441,0,0,'2023-04-14 08:10:33.353182',38,194),(5442,0,0,'2023-04-14 08:10:33.353201',39,194),(5443,0,0,'2023-04-14 08:10:33.355657',40,194),(5444,0,0,'2023-04-14 08:10:33.355688',41,194),(5445,0,0,'2023-04-14 08:10:33.355707',42,194),(5446,0,0,'2023-04-14 08:10:47.150069',13,195),(5447,0,0,'2023-04-14 08:10:47.150099',14,195),(5448,0,0,'2023-04-14 08:10:47.150117',15,195),(5449,0,0,'2023-04-14 08:10:47.150135',16,195),(5450,0,0,'2023-04-14 08:10:47.150153',17,195),(5451,0,0,'2023-04-14 08:10:47.150170',18,195),(5452,0,0,'2023-04-14 08:10:47.150187',19,195),(5453,0,0,'2023-04-14 08:10:47.152942',20,195),(5454,0,0,'2023-04-14 08:10:47.152971',21,195),(5455,0,0,'2023-04-14 08:10:47.152990',22,195),(5456,0,0,'2023-04-14 08:10:47.153007',23,195),(5457,0,0,'2023-04-14 08:10:47.153024',24,195),(5458,0,0,'2023-04-14 08:10:47.153041',25,195),(5459,0,0,'2023-04-14 08:10:47.153059',26,195),(5460,0,0,'2023-04-14 08:10:47.155698',27,195),(5461,0,0,'2023-04-14 08:10:47.155727',28,195),(5462,0,0,'2023-04-14 08:10:47.155746',29,195),(5463,0,0,'2023-04-14 08:10:47.155764',30,195),(5464,0,0,'2023-04-14 08:10:47.155781',31,195),(5465,0,0,'2023-04-14 08:10:47.155798',32,195),(5466,0,0,'2023-04-14 08:10:47.155815',33,195),(5467,0,0,'2023-04-14 08:10:47.158400',34,195),(5468,0,0,'2023-04-14 08:10:47.158429',35,195),(5469,0,0,'2023-04-14 08:10:47.158448',36,195),(5470,0,0,'2023-04-14 08:10:47.160536',37,195),(5471,0,0,'2023-04-14 08:10:47.160565',38,195),(5472,0,0,'2023-04-14 08:10:47.160583',39,195),(5473,0,0,'2023-04-14 08:10:47.162909',40,195),(5474,0,0,'2023-04-14 08:10:47.162938',41,195),(5475,0,0,'2023-04-14 08:10:47.162956',42,195),(5476,0,0,'2023-04-14 08:11:03.729632',13,196),(5477,0,0,'2023-04-14 08:11:03.729663',14,196),(5478,0,0,'2023-04-14 08:11:03.729682',15,196),(5479,0,0,'2023-04-14 08:11:03.729700',16,196),(5480,0,0,'2023-04-14 08:11:03.729718',17,196),(5481,0,0,'2023-04-14 08:11:03.729735',18,196),(5482,0,0,'2023-04-14 08:11:03.729752',19,196),(5483,0,0,'2023-04-14 08:11:03.732928',20,196),(5484,0,0,'2023-04-14 08:11:03.732959',21,196),(5485,0,0,'2023-04-14 08:11:03.732977',22,196),(5486,0,0,'2023-04-14 08:11:03.732995',23,196),(5487,0,0,'2023-04-14 08:11:03.733012',24,196),(5488,0,0,'2023-04-14 08:11:03.733029',25,196),(5489,0,0,'2023-04-14 08:11:03.733046',26,196),(5490,0,0,'2023-04-14 08:11:03.735760',27,196),(5491,0,0,'2023-04-14 08:11:03.735790',28,196),(5492,0,0,'2023-04-14 08:11:03.735809',29,196),(5493,0,0,'2023-04-14 08:11:03.735827',30,196),(5494,0,0,'2023-04-14 08:11:03.735844',31,196),(5495,0,0,'2023-04-14 08:11:03.735861',32,196),(5496,0,0,'2023-04-14 08:11:03.735878',33,196),(5497,0,0,'2023-04-14 08:11:03.738234',34,196),(5498,0,0,'2023-04-14 08:11:03.738264',35,196),(5499,0,0,'2023-04-14 08:11:03.738283',36,196),(5500,0,0,'2023-04-14 08:11:03.740466',37,196),(5501,0,0,'2023-04-14 08:11:03.740496',38,196),(5502,0,0,'2023-04-14 08:11:03.740515',39,196),(5503,0,0,'2023-04-14 08:11:03.743087',40,196),(5504,0,0,'2023-04-14 08:11:03.743116',41,196),(5505,0,0,'2023-04-14 08:11:03.743134',42,196),(5506,0,0,'2023-04-14 08:11:16.007621',13,197),(5507,0,0,'2023-04-14 08:11:16.007651',14,197),(5508,0,0,'2023-04-14 08:11:16.007670',15,197),(5509,0,0,'2023-04-14 08:11:16.007688',16,197),(5510,0,0,'2023-04-14 08:11:16.007705',17,197),(5511,0,0,'2023-04-14 08:11:16.007723',18,197),(5512,0,0,'2023-04-14 08:11:16.007740',19,197),(5513,0,0,'2023-04-14 08:11:16.010282',20,197),(5514,0,0,'2023-04-14 08:11:16.010311',21,197),(5515,0,0,'2023-04-14 08:11:16.010330',22,197),(5516,0,0,'2023-04-14 08:11:16.010348',23,197),(5517,0,0,'2023-04-14 08:11:16.010365',24,197),(5518,0,0,'2023-04-14 08:11:16.010382',25,197),(5519,0,0,'2023-04-14 08:11:16.010399',26,197),(5520,0,0,'2023-04-14 08:11:16.012986',27,197),(5521,0,0,'2023-04-14 08:11:16.013015',28,197),(5522,0,0,'2023-04-14 08:11:16.013034',29,197),(5523,0,0,'2023-04-14 08:11:16.013052',30,197),(5524,0,0,'2023-04-14 08:11:16.013069',31,197),(5525,0,0,'2023-04-14 08:11:16.013086',32,197),(5526,0,0,'2023-04-14 08:11:16.013103',33,197),(5527,0,0,'2023-04-14 08:11:16.015687',34,197),(5528,0,0,'2023-04-14 08:11:16.015716',35,197),(5529,0,0,'2023-04-14 08:11:16.015735',36,197),(5530,0,0,'2023-04-14 08:11:16.017884',37,197),(5531,0,0,'2023-04-14 08:11:16.017913',38,197),(5532,0,0,'2023-04-14 08:11:16.017932',39,197),(5533,0,0,'2023-04-14 08:11:16.020018',40,197),(5534,0,0,'2023-04-14 08:11:16.020046',41,197),(5535,0,0,'2023-04-14 08:11:16.020065',42,197),(5536,0,0,'2023-04-14 08:11:35.456115',13,198),(5537,0,0,'2023-04-14 08:11:35.456145',14,198),(5538,0,0,'2023-04-14 08:11:35.456164',15,198),(5539,0,0,'2023-04-14 08:11:35.456182',16,198),(5540,0,0,'2023-04-14 08:11:35.456199',17,198),(5541,0,0,'2023-04-14 08:11:35.456216',18,198),(5542,0,0,'2023-04-14 08:11:35.456234',19,198),(5543,0,0,'2023-04-14 08:11:35.458861',20,198),(5544,0,0,'2023-04-14 08:11:35.458890',21,198),(5545,0,0,'2023-04-14 08:11:35.458909',22,198),(5546,0,0,'2023-04-14 08:11:35.458926',23,198),(5547,0,0,'2023-04-14 08:11:35.458944',24,198),(5548,0,0,'2023-04-14 08:11:35.458961',25,198),(5549,0,0,'2023-04-14 08:11:35.458977',26,198),(5550,0,0,'2023-04-14 08:11:35.462198',27,198),(5551,0,0,'2023-04-14 08:11:35.462228',28,198),(5552,0,0,'2023-04-14 08:11:35.462247',29,198),(5553,0,0,'2023-04-14 08:11:35.462264',30,198),(5554,0,0,'2023-04-14 08:11:35.462281',31,198),(5555,0,0,'2023-04-14 08:11:35.462298',32,198),(5556,0,0,'2023-04-14 08:11:35.462315',33,198),(5557,0,0,'2023-04-14 08:11:35.464580',34,198),(5558,0,0,'2023-04-14 08:11:35.464609',35,198),(5559,0,0,'2023-04-14 08:11:35.464627',36,198),(5560,0,0,'2023-04-14 08:11:35.466780',37,198),(5561,0,0,'2023-04-14 08:11:35.466809',38,198),(5562,0,0,'2023-04-14 08:11:35.466828',39,198),(5563,0,0,'2023-04-14 08:11:35.468799',40,198),(5564,0,0,'2023-04-14 08:11:35.468828',41,198),(5565,0,0,'2023-04-14 08:11:35.468847',42,198),(5566,0,0,'2023-04-14 08:11:50.606634',13,199),(5567,0,0,'2023-04-14 08:11:50.606664',14,199),(5568,0,0,'2023-04-14 08:11:50.606682',15,199),(5569,0,0,'2023-04-14 08:11:50.606700',16,199),(5570,0,0,'2023-04-14 08:11:50.606717',17,199),(5571,0,0,'2023-04-14 08:11:50.606735',18,199),(5572,0,0,'2023-04-14 08:11:50.606752',19,199),(5573,0,0,'2023-04-14 08:11:50.609150',20,199),(5574,0,0,'2023-04-14 08:11:50.609179',21,199),(5575,0,0,'2023-04-14 08:11:50.609198',22,199),(5576,0,0,'2023-04-14 08:11:50.609216',23,199),(5577,0,0,'2023-04-14 08:11:50.609234',24,199),(5578,0,0,'2023-04-14 08:11:50.609252',25,199),(5579,0,0,'2023-04-14 08:11:50.609269',26,199),(5580,0,0,'2023-04-14 08:11:50.611722',27,199),(5581,0,0,'2023-04-14 08:11:50.611751',28,199),(5582,0,0,'2023-04-14 08:11:50.611770',29,199),(5583,0,0,'2023-04-14 08:11:50.611788',30,199),(5584,0,0,'2023-04-14 08:11:50.611806',31,199),(5585,0,0,'2023-04-14 08:11:50.611823',32,199),(5586,0,0,'2023-04-14 08:11:50.611840',33,199),(5587,0,0,'2023-04-14 08:11:50.614151',34,199),(5588,0,0,'2023-04-14 08:11:50.614181',35,199),(5589,0,0,'2023-04-14 08:11:50.614200',36,199),(5590,0,0,'2023-04-14 08:11:50.616224',37,199),(5591,0,0,'2023-04-14 08:11:50.616254',38,199),(5592,0,0,'2023-04-14 08:11:50.616273',39,199),(5593,0,0,'2023-04-14 08:11:50.618404',40,199),(5594,0,0,'2023-04-14 08:11:50.618432',41,199),(5595,0,0,'2023-04-14 08:11:50.618451',42,199),(5596,0,0,'2023-04-14 08:12:02.978458',13,200),(5597,0,0,'2023-04-14 08:12:02.978489',14,200),(5598,0,0,'2023-04-14 08:12:02.978508',15,200),(5599,0,0,'2023-04-14 08:12:02.978526',16,200),(5600,0,0,'2023-04-14 08:12:02.978543',17,200),(5601,0,0,'2023-04-14 08:12:02.978561',18,200),(5602,0,0,'2023-04-14 08:12:02.978578',19,200),(5603,0,0,'2023-04-14 08:12:02.981530',20,200),(5604,0,0,'2023-04-14 08:12:02.981563',21,200),(5605,0,0,'2023-04-14 08:12:02.981583',22,200),(5606,0,0,'2023-04-14 08:12:02.981602',23,200),(5607,0,0,'2023-04-14 08:12:02.981620',24,200),(5608,0,0,'2023-04-14 08:12:02.981638',25,200),(5609,0,0,'2023-04-14 08:12:02.981656',26,200),(5610,0,0,'2023-04-14 08:12:02.984372',27,200),(5611,0,0,'2023-04-14 08:12:02.984404',28,200),(5612,0,0,'2023-04-14 08:12:02.984424',29,200),(5613,0,0,'2023-04-14 08:12:02.984443',30,200),(5614,0,0,'2023-04-14 08:12:02.984461',31,200),(5615,0,0,'2023-04-14 08:12:02.984479',32,200),(5616,0,0,'2023-04-14 08:12:02.984497',33,200),(5617,0,0,'2023-04-14 08:12:02.987249',34,200),(5618,0,0,'2023-04-14 08:12:02.987281',35,200),(5619,0,0,'2023-04-14 08:12:02.987301',36,200),(5620,0,0,'2023-04-14 08:12:02.989577',37,200),(5621,0,0,'2023-04-14 08:12:02.989609',38,200),(5622,0,0,'2023-04-14 08:12:02.989628',39,200),(5623,0,0,'2023-04-14 08:12:02.992535',40,200),(5624,0,0,'2023-04-14 08:12:02.992564',41,200),(5625,0,0,'2023-04-14 08:12:02.992583',42,200),(5626,0,0,'2023-04-14 08:12:29.938035',13,201),(5627,0,0,'2023-04-14 08:12:29.938064',14,201),(5628,0,0,'2023-04-14 08:12:29.938083',15,201),(5629,0,0,'2023-04-14 08:12:29.938100',16,201),(5630,0,0,'2023-04-14 08:12:29.938117',17,201),(5631,0,0,'2023-04-14 08:12:29.938135',18,201),(5632,0,0,'2023-04-14 08:12:29.938152',19,201),(5633,0,0,'2023-04-14 08:12:29.940870',20,201),(5634,0,0,'2023-04-14 08:12:29.940899',21,201),(5635,0,0,'2023-04-14 08:12:29.940919',22,201),(5636,0,0,'2023-04-14 08:12:29.940937',23,201),(5637,0,0,'2023-04-14 08:12:29.940954',24,201),(5638,0,0,'2023-04-14 08:12:29.940971',25,201),(5639,0,0,'2023-04-14 08:12:29.940988',26,201),(5640,0,0,'2023-04-14 08:12:29.943556',27,201),(5641,0,0,'2023-04-14 08:12:29.943585',28,201),(5642,0,0,'2023-04-14 08:12:29.943603',29,201),(5643,0,0,'2023-04-14 08:12:29.943620',30,201),(5644,0,0,'2023-04-14 08:12:29.943638',31,201),(5645,0,0,'2023-04-14 08:12:29.943655',32,201),(5646,0,0,'2023-04-14 08:12:29.943672',33,201),(5647,0,0,'2023-04-14 08:12:29.945916',34,201),(5648,0,0,'2023-04-14 08:12:29.945945',35,201),(5649,0,0,'2023-04-14 08:12:29.945964',36,201),(5650,0,0,'2023-04-14 08:12:29.947956',37,201),(5651,0,0,'2023-04-14 08:12:29.947985',38,201),(5652,0,0,'2023-04-14 08:12:29.948003',39,201),(5653,0,0,'2023-04-14 08:12:29.949993',40,201),(5654,0,0,'2023-04-14 08:12:29.950022',41,201),(5655,0,0,'2023-04-14 08:12:29.950041',42,201),(5656,0,0,'2023-04-14 08:12:45.427882',13,202),(5657,0,0,'2023-04-14 08:12:45.427912',14,202),(5658,0,0,'2023-04-14 08:12:45.427931',15,202),(5659,0,0,'2023-04-14 08:12:45.427948',16,202),(5660,0,0,'2023-04-14 08:12:45.427965',17,202),(5661,0,0,'2023-04-14 08:12:45.427982',18,202),(5662,0,0,'2023-04-14 08:12:45.427999',19,202),(5663,0,0,'2023-04-14 08:12:45.430413',20,202),(5664,0,0,'2023-04-14 08:12:45.430441',21,202),(5665,0,0,'2023-04-14 08:12:45.430460',22,202),(5666,0,0,'2023-04-14 08:12:45.430477',23,202),(5667,0,0,'2023-04-14 08:12:45.430494',24,202),(5668,0,0,'2023-04-14 08:12:45.430512',25,202),(5669,0,0,'2023-04-14 08:12:45.430528',26,202),(5670,0,0,'2023-04-14 08:12:45.432794',27,202),(5671,0,0,'2023-04-14 08:12:45.432823',28,202),(5672,0,0,'2023-04-14 08:12:45.432842',29,202),(5673,0,0,'2023-04-14 08:12:45.432869',30,202),(5674,0,0,'2023-04-14 08:12:45.432887',31,202),(5675,0,0,'2023-04-14 08:12:45.432904',32,202),(5676,0,0,'2023-04-14 08:12:45.432920',33,202),(5677,0,0,'2023-04-14 08:12:45.435362',34,202),(5678,0,0,'2023-04-14 08:12:45.435390',35,202),(5679,0,0,'2023-04-14 08:12:45.435409',36,202),(5680,0,0,'2023-04-14 08:12:45.437380',37,202),(5681,0,0,'2023-04-14 08:12:45.437409',38,202),(5682,0,0,'2023-04-14 08:12:45.437427',39,202),(5683,0,0,'2023-04-14 08:12:45.439447',40,202),(5684,0,0,'2023-04-14 08:12:45.439476',41,202),(5685,0,0,'2023-04-14 08:12:45.439495',42,202),(5686,0,0,'2023-04-14 08:13:03.460729',13,203),(5687,0,0,'2023-04-14 08:13:03.460759',14,203),(5688,0,0,'2023-04-14 08:13:03.460778',15,203),(5689,0,0,'2023-04-14 08:13:03.460795',16,203),(5690,0,0,'2023-04-14 08:13:03.460812',17,203),(5691,0,0,'2023-04-14 08:13:03.460830',18,203),(5692,0,0,'2023-04-14 08:13:03.460846',19,203),(5693,0,0,'2023-04-14 08:13:03.463370',20,203),(5694,0,0,'2023-04-14 08:13:03.463399',21,203),(5695,0,0,'2023-04-14 08:13:03.463417',22,203),(5696,0,0,'2023-04-14 08:13:03.463434',23,203),(5697,0,0,'2023-04-14 08:13:03.463452',24,203),(5698,0,0,'2023-04-14 08:13:03.463468',25,203),(5699,0,0,'2023-04-14 08:13:03.463485',26,203),(5700,0,0,'2023-04-14 08:13:03.466197',27,203),(5701,0,0,'2023-04-14 08:13:03.466226',28,203),(5702,0,0,'2023-04-14 08:13:03.466245',29,203),(5703,0,0,'2023-04-14 08:13:03.466262',30,203),(5704,0,0,'2023-04-14 08:13:03.466280',31,203),(5705,0,0,'2023-04-14 08:13:03.466297',32,203),(5706,0,0,'2023-04-14 08:13:03.466314',33,203),(5707,0,0,'2023-04-14 08:13:03.468466',34,203),(5708,0,0,'2023-04-14 08:13:03.468495',35,203),(5709,0,0,'2023-04-14 08:13:03.468513',36,203),(5710,0,0,'2023-04-14 08:13:03.471007',37,203),(5711,0,0,'2023-04-14 08:13:03.471036',38,203),(5712,0,0,'2023-04-14 08:13:03.471055',39,203),(5713,0,0,'2023-04-14 08:13:03.473188',40,203),(5714,0,0,'2023-04-14 08:13:03.473217',41,203),(5715,0,0,'2023-04-14 08:13:03.473235',42,203),(5716,0,0,'2023-04-14 08:13:15.063971',13,204),(5717,0,0,'2023-04-14 08:13:15.064000',14,204),(5718,0,0,'2023-04-14 08:13:15.064019',15,204),(5719,0,0,'2023-04-14 08:13:15.064036',16,204),(5720,0,0,'2023-04-14 08:13:15.064053',17,204),(5721,0,0,'2023-04-14 08:13:15.064070',18,204),(5722,0,0,'2023-04-14 08:13:15.064087',19,204),(5723,0,0,'2023-04-14 08:13:15.066700',20,204),(5724,0,0,'2023-04-14 08:13:15.066729',21,204),(5725,0,0,'2023-04-14 08:13:15.066748',22,204),(5726,0,0,'2023-04-14 08:13:15.066766',23,204),(5727,0,0,'2023-04-14 08:13:15.066783',24,204),(5728,0,0,'2023-04-14 08:13:15.066800',25,204),(5729,0,0,'2023-04-14 08:13:15.066817',26,204),(5730,0,0,'2023-04-14 08:13:15.069280',27,204),(5731,0,0,'2023-04-14 08:13:15.069308',28,204),(5732,0,0,'2023-04-14 08:13:15.069327',29,204),(5733,0,0,'2023-04-14 08:13:15.069344',30,204),(5734,0,0,'2023-04-14 08:13:15.069361',31,204),(5735,0,0,'2023-04-14 08:13:15.069378',32,204),(5736,0,0,'2023-04-14 08:13:15.069395',33,204),(5737,0,0,'2023-04-14 08:13:15.071685',34,204),(5738,0,0,'2023-04-14 08:13:15.071714',35,204),(5739,0,0,'2023-04-14 08:13:15.071732',36,204),(5740,0,0,'2023-04-14 08:13:15.073795',37,204),(5741,0,0,'2023-04-14 08:13:15.073824',38,204),(5742,0,0,'2023-04-14 08:13:15.073842',39,204),(5743,0,0,'2023-04-14 08:13:15.075818',40,204),(5744,0,0,'2023-04-14 08:13:15.075847',41,204),(5745,0,0,'2023-04-14 08:13:15.075865',42,204),(5746,0,0,'2023-04-14 08:13:28.854253',13,205),(5747,0,0,'2023-04-14 08:13:28.854286',14,205),(5748,0,0,'2023-04-14 08:13:28.854306',15,205),(5749,0,0,'2023-04-14 08:13:28.854324',16,205),(5750,0,0,'2023-04-14 08:13:28.854342',17,205),(5751,0,0,'2023-04-14 08:13:28.854360',18,205),(5752,0,0,'2023-04-14 08:13:28.854377',19,205),(5753,0,0,'2023-04-14 08:13:28.857268',20,205),(5754,0,0,'2023-04-14 08:13:28.857298',21,205),(5755,0,0,'2023-04-14 08:13:28.857317',22,205),(5756,0,0,'2023-04-14 08:13:28.857335',23,205),(5757,0,0,'2023-04-14 08:13:28.857352',24,205),(5758,0,0,'2023-04-14 08:13:28.857369',25,205),(5759,0,0,'2023-04-14 08:13:28.857386',26,205),(5760,0,0,'2023-04-14 08:13:28.859984',27,205),(5761,0,0,'2023-04-14 08:13:28.860014',28,205),(5762,0,0,'2023-04-14 08:13:28.860033',29,205),(5763,0,0,'2023-04-14 08:13:28.860052',30,205),(5764,0,0,'2023-04-14 08:13:28.860070',31,205),(5765,0,0,'2023-04-14 08:13:28.860087',32,205),(5766,0,0,'2023-04-14 08:13:28.860105',33,205),(5767,0,0,'2023-04-14 08:13:28.862517',34,205),(5768,0,0,'2023-04-14 08:13:28.862547',35,205),(5769,0,0,'2023-04-14 08:13:28.862566',36,205),(5770,0,0,'2023-04-14 08:13:28.864677',37,205),(5771,0,0,'2023-04-14 08:13:28.864708',38,205),(5772,0,0,'2023-04-14 08:13:28.864728',39,205),(5773,0,0,'2023-04-14 08:13:28.867131',40,205),(5774,0,0,'2023-04-14 08:13:28.867161',41,205),(5775,0,0,'2023-04-14 08:13:28.867180',42,205),(5776,0,0,'2023-04-14 08:13:49.579595',13,206),(5777,0,0,'2023-04-14 08:13:49.579627',14,206),(5778,0,0,'2023-04-14 08:13:49.579646',15,206),(5779,0,0,'2023-04-14 08:13:49.579665',16,206),(5780,0,0,'2023-04-14 08:13:49.579682',17,206),(5781,0,0,'2023-04-14 08:13:49.579700',18,206),(5782,0,0,'2023-04-14 08:13:49.579717',19,206),(5783,0,0,'2023-04-14 08:13:49.582334',20,206),(5784,0,0,'2023-04-14 08:13:49.582364',21,206),(5785,0,0,'2023-04-14 08:13:49.582382',22,206),(5786,0,0,'2023-04-14 08:13:49.582400',23,206),(5787,0,0,'2023-04-14 08:13:49.582417',24,206),(5788,0,0,'2023-04-14 08:13:49.582435',25,206),(5789,0,0,'2023-04-14 08:13:49.582452',26,206),(5790,0,0,'2023-04-14 08:13:49.585036',27,206),(5791,0,0,'2023-04-14 08:13:49.585065',28,206),(5792,0,0,'2023-04-14 08:13:49.585084',29,206),(5793,0,0,'2023-04-14 08:13:49.585102',30,206),(5794,0,0,'2023-04-14 08:13:49.585120',31,206),(5795,0,0,'2023-04-14 08:13:49.585137',32,206),(5796,0,0,'2023-04-14 08:13:49.585154',33,206),(5797,0,0,'2023-04-14 08:13:49.587571',34,206),(5798,0,0,'2023-04-14 08:13:49.587600',35,206),(5799,0,0,'2023-04-14 08:13:49.587619',36,206),(5800,0,0,'2023-04-14 08:13:49.589821',37,206),(5801,0,0,'2023-04-14 08:13:49.589850',38,206),(5802,0,0,'2023-04-14 08:13:49.589868',39,206),(5803,0,0,'2023-04-14 08:13:49.641118',40,206),(5804,0,0,'2023-04-14 08:13:49.641149',41,206),(5805,0,0,'2023-04-14 08:13:49.641167',42,206),(5806,0,0,'2023-04-14 08:14:03.135145',13,207),(5807,0,0,'2023-04-14 08:14:03.135176',14,207),(5808,0,0,'2023-04-14 08:14:03.135195',15,207),(5809,0,0,'2023-04-14 08:14:03.135212',16,207),(5810,0,0,'2023-04-14 08:14:03.135229',17,207),(5811,0,0,'2023-04-14 08:14:03.135246',18,207),(5812,0,0,'2023-04-14 08:14:03.135263',19,207),(5813,0,0,'2023-04-14 08:14:03.137877',20,207),(5814,0,0,'2023-04-14 08:14:03.137910',21,207),(5815,0,0,'2023-04-14 08:14:03.137929',22,207),(5816,0,0,'2023-04-14 08:14:03.137946',23,207),(5817,0,0,'2023-04-14 08:14:03.137964',24,207),(5818,0,0,'2023-04-14 08:14:03.137980',25,207),(5819,0,0,'2023-04-14 08:14:03.137997',26,207),(5820,0,0,'2023-04-14 08:14:03.140533',27,207),(5821,0,0,'2023-04-14 08:14:03.140562',28,207),(5822,0,0,'2023-04-14 08:14:03.140580',29,207),(5823,0,0,'2023-04-14 08:14:03.140597',30,207),(5824,0,0,'2023-04-14 08:14:03.140614',31,207),(5825,0,0,'2023-04-14 08:14:03.140631',32,207),(5826,0,0,'2023-04-14 08:14:03.140648',33,207),(5827,0,0,'2023-04-14 08:14:03.142996',34,207),(5828,0,0,'2023-04-14 08:14:03.143025',35,207),(5829,0,0,'2023-04-14 08:14:03.143044',36,207),(5830,0,0,'2023-04-14 08:14:03.145100',37,207),(5831,0,0,'2023-04-14 08:14:03.145130',38,207),(5832,0,0,'2023-04-14 08:14:03.145148',39,207),(5833,0,0,'2023-04-14 08:14:03.147373',40,207),(5834,0,0,'2023-04-14 08:14:03.147402',41,207),(5835,0,0,'2023-04-14 08:14:03.147420',42,207),(5836,0,0,'2023-04-14 08:14:14.540311',13,208),(5837,0,0,'2023-04-14 08:14:14.540343',14,208),(5838,0,0,'2023-04-14 08:14:14.540362',15,208),(5839,0,0,'2023-04-14 08:14:14.540380',16,208),(5840,0,0,'2023-04-14 08:14:14.540398',17,208),(5841,0,0,'2023-04-14 08:14:14.540415',18,208),(5842,0,0,'2023-04-14 08:14:14.540433',19,208),(5843,0,0,'2023-04-14 08:14:14.543421',20,208),(5844,0,0,'2023-04-14 08:14:14.543452',21,208),(5845,0,0,'2023-04-14 08:14:14.543471',22,208),(5846,0,0,'2023-04-14 08:14:14.543489',23,208),(5847,0,0,'2023-04-14 08:14:14.543507',24,208),(5848,0,0,'2023-04-14 08:14:14.543524',25,208),(5849,0,0,'2023-04-14 08:14:14.543541',26,208),(5850,0,0,'2023-04-14 08:14:14.546000',27,208),(5851,0,0,'2023-04-14 08:14:14.546030',28,208),(5852,0,0,'2023-04-14 08:14:14.546049',29,208),(5853,0,0,'2023-04-14 08:14:14.546067',30,208),(5854,0,0,'2023-04-14 08:14:14.546084',31,208),(5855,0,0,'2023-04-14 08:14:14.546101',32,208),(5856,0,0,'2023-04-14 08:14:14.546119',33,208),(5857,0,0,'2023-04-14 08:14:14.548393',34,208),(5858,0,0,'2023-04-14 08:14:14.548423',35,208),(5859,0,0,'2023-04-14 08:14:14.548442',36,208),(5860,0,0,'2023-04-14 08:14:14.550642',37,208),(5861,0,0,'2023-04-14 08:14:14.550672',38,208),(5862,0,0,'2023-04-14 08:14:14.550690',39,208),(5863,0,0,'2023-04-14 08:14:14.552814',40,208),(5864,0,0,'2023-04-14 08:14:14.552844',41,208),(5865,0,0,'2023-04-14 08:14:14.552874',42,208),(5866,0,0,'2023-04-14 08:15:46.960464',13,209),(5867,0,0,'2023-04-14 08:15:46.960495',14,209),(5868,0,0,'2023-04-14 08:15:46.960514',15,209),(5869,0,0,'2023-04-14 08:15:46.960532',16,209),(5870,0,0,'2023-04-14 08:15:46.960549',17,209),(5871,0,0,'2023-04-14 08:15:46.960567',18,209),(5872,0,0,'2023-04-14 08:15:46.960584',19,209),(5873,0,0,'2023-04-14 08:15:46.963259',20,209),(5874,0,0,'2023-04-14 08:15:46.963289',21,209),(5875,0,0,'2023-04-14 08:15:46.963308',22,209),(5876,0,0,'2023-04-14 08:15:46.963326',23,209),(5877,0,0,'2023-04-14 08:15:46.963344',24,209),(5878,0,0,'2023-04-14 08:15:46.963361',25,209),(5879,0,0,'2023-04-14 08:15:46.963378',26,209),(5880,0,0,'2023-04-14 08:15:46.965900',27,209),(5881,0,0,'2023-04-14 08:15:46.965930',28,209),(5882,0,0,'2023-04-14 08:15:46.965949',29,209),(5883,0,0,'2023-04-14 08:15:46.965967',30,209),(5884,0,0,'2023-04-14 08:15:46.965984',31,209),(5885,0,0,'2023-04-14 08:15:46.966002',32,209),(5886,0,0,'2023-04-14 08:15:46.966019',33,209),(5887,0,0,'2023-04-14 08:15:46.968267',34,209),(5888,0,0,'2023-04-14 08:15:46.968297',35,209),(5889,0,0,'2023-04-14 08:15:46.968316',36,209),(5890,0,0,'2023-04-14 08:15:46.970470',37,209),(5891,0,0,'2023-04-14 08:15:46.970499',38,209),(5892,0,0,'2023-04-14 08:15:46.970518',39,209),(5893,0,0,'2023-04-14 08:15:46.972581',40,209),(5894,0,0,'2023-04-14 08:15:46.972610',41,209),(5895,0,0,'2023-04-14 08:15:46.972630',42,209),(5896,0,0,'2023-04-14 08:16:01.196589',13,210),(5897,0,0,'2023-04-14 08:16:01.196619',14,210),(5898,0,0,'2023-04-14 08:16:01.196638',15,210),(5899,0,0,'2023-04-14 08:16:01.196656',16,210),(5900,0,0,'2023-04-14 08:16:01.196674',17,210),(5901,0,0,'2023-04-14 08:16:01.196692',18,210),(5902,0,0,'2023-04-14 08:16:01.196709',19,210),(5903,0,0,'2023-04-14 08:16:01.199301',20,210),(5904,0,0,'2023-04-14 08:16:01.199330',21,210),(5905,0,0,'2023-04-14 08:16:01.199348',22,210),(5906,0,0,'2023-04-14 08:16:01.199366',23,210),(5907,0,0,'2023-04-14 08:16:01.199383',24,210),(5908,0,0,'2023-04-14 08:16:01.199401',25,210),(5909,0,0,'2023-04-14 08:16:01.199418',26,210),(5910,0,0,'2023-04-14 08:16:01.202431',27,210),(5911,0,0,'2023-04-14 08:16:01.202460',28,210),(5912,0,0,'2023-04-14 08:16:01.202479',29,210),(5913,0,0,'2023-04-14 08:16:01.202497',30,210),(5914,0,0,'2023-04-14 08:16:01.202514',31,210),(5915,0,0,'2023-04-14 08:16:01.202532',32,210),(5916,0,0,'2023-04-14 08:16:01.202549',33,210),(5917,0,0,'2023-04-14 08:16:01.204821',34,210),(5918,0,0,'2023-04-14 08:16:01.204850',35,210),(5919,0,0,'2023-04-14 08:16:01.204878',36,210),(5920,0,0,'2023-04-14 08:16:01.207107',37,210),(5921,0,0,'2023-04-14 08:16:01.207135',38,210),(5922,0,0,'2023-04-14 08:16:01.207154',39,210),(5923,0,0,'2023-04-14 08:16:01.209428',40,210),(5924,0,0,'2023-04-14 08:16:01.209457',41,210),(5925,0,0,'2023-04-14 08:16:01.209476',42,210),(5926,0,0,'2023-04-14 08:16:22.922293',13,211),(5927,0,0,'2023-04-14 08:16:22.922324',14,211),(5928,0,0,'2023-04-14 08:16:22.922342',15,211),(5929,0,0,'2023-04-14 08:16:22.922360',16,211),(5930,0,0,'2023-04-14 08:16:22.922377',17,211),(5931,0,0,'2023-04-14 08:16:22.922394',18,211),(5932,0,0,'2023-04-14 08:16:22.922410',19,211),(5933,0,0,'2023-04-14 08:16:22.924827',20,211),(5934,0,0,'2023-04-14 08:16:22.924866',21,211),(5935,0,0,'2023-04-14 08:16:22.924885',22,211),(5936,0,0,'2023-04-14 08:16:22.924903',23,211),(5937,0,0,'2023-04-14 08:16:22.924920',24,211),(5938,0,0,'2023-04-14 08:16:22.924937',25,211),(5939,0,0,'2023-04-14 08:16:22.924954',26,211),(5940,0,0,'2023-04-14 08:16:22.927507',27,211),(5941,0,0,'2023-04-14 08:16:22.927536',28,211),(5942,0,0,'2023-04-14 08:16:22.927554',29,211),(5943,0,0,'2023-04-14 08:16:22.927571',30,211),(5944,0,0,'2023-04-14 08:16:22.927588',31,211),(5945,0,0,'2023-04-14 08:16:22.927605',32,211),(5946,0,0,'2023-04-14 08:16:22.927621',33,211),(5947,0,0,'2023-04-14 08:16:22.929973',34,211),(5948,0,0,'2023-04-14 08:16:22.930002',35,211),(5949,0,0,'2023-04-14 08:16:22.930021',36,211),(5950,0,0,'2023-04-14 08:16:22.932066',37,211),(5951,0,0,'2023-04-14 08:16:22.932094',38,211),(5952,0,0,'2023-04-14 08:16:22.932113',39,211),(5953,0,0,'2023-04-14 08:16:22.934242',40,211),(5954,0,0,'2023-04-14 08:16:22.934271',41,211),(5955,0,0,'2023-04-14 08:16:22.934289',42,211),(5956,0,0,'2023-04-14 08:17:06.078880',13,212),(5957,0,0,'2023-04-14 08:17:06.078912',14,212),(5958,0,0,'2023-04-14 08:17:06.078930',15,212),(5959,0,0,'2023-04-14 08:17:06.078948',16,212),(5960,0,0,'2023-04-14 08:17:06.078965',17,212),(5961,0,0,'2023-04-14 08:17:06.078982',18,212),(5962,0,0,'2023-04-14 08:17:06.078998',19,212),(5963,0,0,'2023-04-14 08:17:06.081670',20,212),(5964,0,0,'2023-04-14 08:17:06.081699',21,212),(5965,0,0,'2023-04-14 08:17:06.081718',22,212),(5966,0,0,'2023-04-14 08:17:06.081735',23,212),(5967,0,0,'2023-04-14 08:17:06.081752',24,212),(5968,0,0,'2023-04-14 08:17:06.081769',25,212),(5969,0,0,'2023-04-14 08:17:06.081785',26,212),(5970,0,0,'2023-04-14 08:17:06.084159',27,212),(5971,0,0,'2023-04-14 08:17:06.084187',28,212),(5972,0,0,'2023-04-14 08:17:06.084205',29,212),(5973,0,0,'2023-04-14 08:17:06.084222',30,212),(5974,0,0,'2023-04-14 08:17:06.084239',31,212),(5975,0,0,'2023-04-14 08:17:06.084256',32,212),(5976,0,0,'2023-04-14 08:17:06.084272',33,212),(5977,0,0,'2023-04-14 08:17:06.087219',34,212),(5978,0,0,'2023-04-14 08:17:06.087247',35,212),(5979,0,0,'2023-04-14 08:17:06.087266',36,212),(5980,0,0,'2023-04-14 08:17:06.089315',37,212),(5981,0,0,'2023-04-14 08:17:06.089344',38,212),(5982,0,0,'2023-04-14 08:17:06.089362',39,212),(5983,0,0,'2023-04-14 08:17:06.091553',40,212),(5984,0,0,'2023-04-14 08:17:06.091581',41,212),(5985,0,0,'2023-04-14 08:17:06.091600',42,212),(5986,0,0,'2023-04-14 08:17:21.512800',13,213),(5987,0,0,'2023-04-14 08:17:21.512832',14,213),(5988,0,0,'2023-04-14 08:17:21.512851',15,213),(5989,0,0,'2023-04-14 08:17:21.512883',16,213),(5990,0,0,'2023-04-14 08:17:21.512900',17,213),(5991,0,0,'2023-04-14 08:17:21.512918',18,213),(5992,0,0,'2023-04-14 08:17:21.512935',19,213),(5993,0,0,'2023-04-14 08:17:21.515778',20,213),(5994,0,0,'2023-04-14 08:17:21.515809',21,213),(5995,0,0,'2023-04-14 08:17:21.515827',22,213),(5996,0,0,'2023-04-14 08:17:21.515845',23,213),(5997,0,0,'2023-04-14 08:17:21.515863',24,213),(5998,0,0,'2023-04-14 08:17:21.515880',25,213),(5999,0,0,'2023-04-14 08:17:21.515897',26,213),(6000,0,0,'2023-04-14 08:17:21.518365',27,213),(6001,0,0,'2023-04-14 08:17:21.518393',28,213),(6002,0,0,'2023-04-14 08:17:21.518412',29,213),(6003,0,0,'2023-04-14 08:17:21.518429',30,213),(6004,0,0,'2023-04-14 08:17:21.518446',31,213),(6005,0,0,'2023-04-14 08:17:21.518463',32,213),(6006,0,0,'2023-04-14 08:17:21.518480',33,213),(6007,0,0,'2023-04-14 08:17:21.520724',34,213),(6008,0,0,'2023-04-14 08:17:21.520754',35,213),(6009,0,0,'2023-04-14 08:17:21.520773',36,213),(6010,0,0,'2023-04-14 08:17:21.523210',37,213),(6011,0,0,'2023-04-14 08:17:21.523239',38,213),(6012,0,0,'2023-04-14 08:17:21.523257',39,213),(6013,0,0,'2023-04-14 08:17:21.525391',40,213),(6014,0,0,'2023-04-14 08:17:21.525420',41,213),(6015,0,0,'2023-04-14 08:17:21.525439',42,213),(6016,0,0,'2023-04-14 08:17:35.377303',13,214),(6017,0,0,'2023-04-14 08:17:35.377333',14,214),(6018,0,0,'2023-04-14 08:17:35.377352',15,214),(6019,0,0,'2023-04-14 08:17:35.377370',16,214),(6020,0,0,'2023-04-14 08:17:35.377387',17,214),(6021,0,0,'2023-04-14 08:17:35.377404',18,214),(6022,0,0,'2023-04-14 08:17:35.377421',19,214),(6023,0,0,'2023-04-14 08:17:35.380297',20,214),(6024,0,0,'2023-04-14 08:17:35.380326',21,214),(6025,0,0,'2023-04-14 08:17:35.380344',22,214),(6026,0,0,'2023-04-14 08:17:35.380362',23,214),(6027,0,0,'2023-04-14 08:17:35.380379',24,214),(6028,0,0,'2023-04-14 08:17:35.380396',25,214),(6029,0,0,'2023-04-14 08:17:35.380413',26,214),(6030,0,0,'2023-04-14 08:17:35.383142',27,214),(6031,0,0,'2023-04-14 08:17:35.383171',28,214),(6032,0,0,'2023-04-14 08:17:35.383190',29,214),(6033,0,0,'2023-04-14 08:17:35.383207',30,214),(6034,0,0,'2023-04-14 08:17:35.383224',31,214),(6035,0,0,'2023-04-14 08:17:35.383241',32,214),(6036,0,0,'2023-04-14 08:17:35.383258',33,214),(6037,0,0,'2023-04-14 08:17:35.385429',34,214),(6038,0,0,'2023-04-14 08:17:35.385471',35,214),(6039,0,0,'2023-04-14 08:17:35.385494',36,214),(6040,0,0,'2023-04-14 08:17:35.387611',37,214),(6041,0,0,'2023-04-14 08:17:35.387639',38,214),(6042,0,0,'2023-04-14 08:17:35.387657',39,214),(6043,0,0,'2023-04-14 08:17:35.389672',40,214),(6044,0,0,'2023-04-14 08:17:35.389701',41,214),(6045,0,0,'2023-04-14 08:17:35.389720',42,214);
/*!40000 ALTER TABLE `alcpt_userachievement` ENABLE KEYS */;
UNLOCK TABLES;

--
-- Table structure for table `alcpt_word`
--

DROP TABLE IF EXISTS `alcpt_word`;
/*!40101 SET @saved_cs_client     = @@character_set_client */;
/*!50503 SET character_set_client = utf8mb4 */;
CREATE TABLE `alcpt_word` (
  `id` bigint NOT NULL AUTO_INCREMENT,
  `word` varchar(50) NOT NULL,
  `definiton` longtext NOT NULL,
  PRIMARY KEY (`id`)
) ENGINE=InnoDB DEFAULT CHARSET=utf8mb4 COLLATE=utf8mb4_0900_ai_ci;
/*!40101 SET character_set_client = @saved_cs_client */;

--
-- Dumping data for table `alcpt_word`
--

LOCK TABLES `alcpt_word` WRITE;
/*!40000 ALTER TABLE `alcpt_word` DISABLE KEYS */;
/*!40000 ALTER TABLE `alcpt_word` ENABLE KEYS */;
UNLOCK TABLES;

--
-- Table structure for table `alcpt_word_library`
--

DROP TABLE IF EXISTS `alcpt_word_library`;
/*!40101 SET @saved_cs_client     = @@character_set_client */;
/*!50503 SET character_set_client = utf8mb4 */;
CREATE TABLE `alcpt_word_library` (
  `id` bigint NOT NULL AUTO_INCREMENT,
  `words` varchar(30) NOT NULL,
  `translations` varchar(30) NOT NULL,
  PRIMARY KEY (`id`),
  UNIQUE KEY `alcpt_word_library_words_bf5dd611_uniq` (`words`)
) ENGINE=InnoDB AUTO_INCREMENT=7 DEFAULT CHARSET=utf8mb4 COLLATE=utf8mb4_0900_ai_ci;
/*!40101 SET character_set_client = @saved_cs_client */;

--
-- Dumping data for table `alcpt_word_library`
--

LOCK TABLES `alcpt_word_library` WRITE;
/*!40000 ALTER TABLE `alcpt_word_library` DISABLE KEYS */;
INSERT INTO `alcpt_word_library` VALUES (1,'Apple','蘋果'),(2,'Banana','香蕉'),(3,'Cow','牛牛'),(4,'pen','鉛筆'),(6,'submit','提交');
/*!40000 ALTER TABLE `alcpt_word_library` ENABLE KEYS */;
UNLOCK TABLES;

--
-- Table structure for table `audio_file`
--

DROP TABLE IF EXISTS `audio_file`;
/*!40101 SET @saved_cs_client     = @@character_set_client */;
/*!50503 SET character_set_client = utf8mb4 */;
CREATE TABLE `audio_file` (
  `id` int NOT NULL AUTO_INCREMENT,
  `name` varchar(150) NOT NULL,
  `audio_file` varchar(100) NOT NULL,
  `created_date` datetime(6) NOT NULL,
  `updated_date` datetime(6) NOT NULL,
  `user_id` int NOT NULL,
  PRIMARY KEY (`id`),
  KEY `audio_file_user_id_ada556f9_fk_alcpt_user_id` (`user_id`),
  CONSTRAINT `audio_file_user_id_ada556f9_fk_alcpt_user_id` FOREIGN KEY (`user_id`) REFERENCES `alcpt_user` (`id`)
) ENGINE=InnoDB DEFAULT CHARSET=utf8mb3;
/*!40101 SET character_set_client = @saved_cs_client */;

--
-- Dumping data for table `audio_file`
--

LOCK TABLES `audio_file` WRITE;
/*!40000 ALTER TABLE `audio_file` DISABLE KEYS */;
/*!40000 ALTER TABLE `audio_file` ENABLE KEYS */;
UNLOCK TABLES;

--
-- Table structure for table `auth_group`
--

DROP TABLE IF EXISTS `auth_group`;
/*!40101 SET @saved_cs_client     = @@character_set_client */;
/*!50503 SET character_set_client = utf8mb4 */;
CREATE TABLE `auth_group` (
  `id` int NOT NULL AUTO_INCREMENT,
  `name` varchar(150) NOT NULL,
  PRIMARY KEY (`id`),
  UNIQUE KEY `name` (`name`)
) ENGINE=InnoDB DEFAULT CHARSET=utf8mb3;
/*!40101 SET character_set_client = @saved_cs_client */;

--
-- Dumping data for table `auth_group`
--

LOCK TABLES `auth_group` WRITE;
/*!40000 ALTER TABLE `auth_group` DISABLE KEYS */;
/*!40000 ALTER TABLE `auth_group` ENABLE KEYS */;
UNLOCK TABLES;

--
-- Table structure for table `auth_group_permissions`
--

DROP TABLE IF EXISTS `auth_group_permissions`;
/*!40101 SET @saved_cs_client     = @@character_set_client */;
/*!50503 SET character_set_client = utf8mb4 */;
CREATE TABLE `auth_group_permissions` (
  `id` int NOT NULL AUTO_INCREMENT,
  `group_id` int NOT NULL,
  `permission_id` int NOT NULL,
  PRIMARY KEY (`id`),
  UNIQUE KEY `auth_group_permissions_group_id_permission_id_0cd325b0_uniq` (`group_id`,`permission_id`),
  KEY `auth_group_permissio_permission_id_84c5c92e_fk_auth_perm` (`permission_id`),
  CONSTRAINT `auth_group_permissio_permission_id_84c5c92e_fk_auth_perm` FOREIGN KEY (`permission_id`) REFERENCES `auth_permission` (`id`),
  CONSTRAINT `auth_group_permissions_group_id_b120cbf9_fk_auth_group_id` FOREIGN KEY (`group_id`) REFERENCES `auth_group` (`id`)
) ENGINE=InnoDB DEFAULT CHARSET=utf8mb3;
/*!40101 SET character_set_client = @saved_cs_client */;

--
-- Dumping data for table `auth_group_permissions`
--

LOCK TABLES `auth_group_permissions` WRITE;
/*!40000 ALTER TABLE `auth_group_permissions` DISABLE KEYS */;
/*!40000 ALTER TABLE `auth_group_permissions` ENABLE KEYS */;
UNLOCK TABLES;

--
-- Table structure for table `auth_permission`
--

DROP TABLE IF EXISTS `auth_permission`;
/*!40101 SET @saved_cs_client     = @@character_set_client */;
/*!50503 SET character_set_client = utf8mb4 */;
CREATE TABLE `auth_permission` (
  `id` int NOT NULL AUTO_INCREMENT,
  `name` varchar(255) NOT NULL,
  `content_type_id` int NOT NULL,
  `codename` varchar(100) NOT NULL,
  PRIMARY KEY (`id`),
  UNIQUE KEY `auth_permission_content_type_id_codename_01ab375a_uniq` (`content_type_id`,`codename`),
  CONSTRAINT `auth_permission_content_type_id_2f476e4b_fk_django_co` FOREIGN KEY (`content_type_id`) REFERENCES `django_content_type` (`id`)
) ENGINE=InnoDB AUTO_INCREMENT=124 DEFAULT CHARSET=utf8mb3;
/*!40101 SET character_set_client = @saved_cs_client */;

--
-- Dumping data for table `auth_permission`
--

LOCK TABLES `auth_permission` WRITE;
/*!40000 ALTER TABLE `auth_permission` DISABLE KEYS */;
INSERT INTO `auth_permission` VALUES (1,'Can add log entry',1,'add_logentry'),(2,'Can change log entry',1,'change_logentry'),(3,'Can delete log entry',1,'delete_logentry'),(4,'Can add permission',2,'add_permission'),(5,'Can change permission',2,'change_permission'),(6,'Can delete permission',2,'delete_permission'),(7,'Can add group',3,'add_group'),(8,'Can change group',3,'change_group'),(9,'Can delete group',3,'delete_group'),(10,'Can add content type',4,'add_contenttype'),(11,'Can change content type',4,'change_contenttype'),(12,'Can delete content type',4,'delete_contenttype'),(13,'Can add session',5,'add_session'),(14,'Can change session',5,'change_session'),(15,'Can delete session',5,'delete_session'),(16,'Can add user',6,'add_user'),(17,'Can change user',6,'change_user'),(18,'Can delete user',6,'delete_user'),(19,'Can add answer',7,'add_answer'),(20,'Can change answer',7,'change_answer'),(21,'Can delete answer',7,'delete_answer'),(22,'Can add answer sheet',8,'add_answersheet'),(23,'Can change answer sheet',8,'change_answersheet'),(24,'Can delete answer sheet',8,'delete_answersheet'),(25,'Can add choice',9,'add_choice'),(26,'Can change choice',9,'change_choice'),(27,'Can delete choice',9,'delete_choice'),(28,'Can add department',10,'add_department'),(29,'Can change department',10,'change_department'),(30,'Can delete department',10,'delete_department'),(31,'Can add exam',11,'add_exam'),(32,'Can change exam',11,'change_exam'),(33,'Can delete exam',11,'delete_exam'),(34,'Can add group',12,'add_group'),(35,'Can change group',12,'change_group'),(36,'Can delete group',12,'delete_group'),(37,'Can add option list',13,'add_optionlist'),(38,'Can change option list',13,'change_optionlist'),(39,'Can delete option list',13,'delete_optionlist'),(40,'Can add proclamation',14,'add_proclamation'),(41,'Can change proclamation',14,'change_proclamation'),(42,'Can delete proclamation',14,'delete_proclamation'),(43,'Can add question',15,'add_question'),(44,'Can change question',15,'change_question'),(45,'Can delete question',15,'delete_question'),(46,'Can add report',16,'add_report'),(47,'Can change report',16,'change_report'),(48,'Can delete report',16,'delete_report'),(49,'Can add report category',17,'add_reportcategory'),(50,'Can change report category',17,'change_reportcategory'),(51,'Can delete report category',17,'delete_reportcategory'),(52,'Can add squadron',18,'add_squadron'),(53,'Can change squadron',18,'change_squadron'),(54,'Can delete squadron',18,'delete_squadron'),(55,'Can add student',19,'add_student'),(56,'Can change student',19,'change_student'),(57,'Can delete student',19,'delete_student'),(58,'Can add test paper',20,'add_testpaper'),(59,'Can change test paper',20,'change_testpaper'),(60,'Can delete test paper',20,'delete_testpaper'),(61,'Can add captcha store',21,'add_captchastore'),(62,'Can change captcha store',21,'change_captchastore'),(63,'Can delete captcha store',21,'delete_captchastore'),(64,'Can add testee list',22,'add_testeelist'),(65,'Can change testee list',22,'change_testeelist'),(66,'Can delete testee list',22,'delete_testeelist'),(67,'Can add reply',23,'add_reply'),(68,'Can change reply',23,'change_reply'),(69,'Can delete reply',23,'delete_reply'),(70,'Can view log entry',1,'view_logentry'),(71,'Can view permission',2,'view_permission'),(72,'Can view group',3,'view_group'),(73,'Can view content type',4,'view_contenttype'),(74,'Can view session',5,'view_session'),(75,'Can view user',6,'view_user'),(76,'Can view answer',7,'view_answer'),(77,'Can view answer sheet',8,'view_answersheet'),(78,'Can view choice',9,'view_choice'),(79,'Can view department',10,'view_department'),(80,'Can view exam',11,'view_exam'),(81,'Can view group',12,'view_group'),(82,'Can view proclamation',14,'view_proclamation'),(83,'Can view question',15,'view_question'),(84,'Can view report',16,'view_report'),(85,'Can view report category',17,'view_reportcategory'),(86,'Can view squadron',18,'view_squadron'),(87,'Can view student',19,'view_student'),(88,'Can view test paper',20,'view_testpaper'),(89,'Can view testee list',22,'view_testeelist'),(90,'Can view reply',23,'view_reply'),(91,'Can view captcha store',21,'view_captchastore'),(92,'Can add notification',24,'add_notification'),(93,'Can change notification',24,'change_notification'),(94,'Can delete notification',24,'delete_notification'),(95,'Can view notification',24,'view_notification'),(96,'Can add dash app',25,'add_dashapp'),(97,'Can change dash app',25,'change_dashapp'),(98,'Can delete dash app',25,'delete_dashapp'),(99,'Can view dash app',25,'view_dashapp'),(100,'Can add stateless app',26,'add_statelessapp'),(101,'Can change stateless app',26,'change_statelessapp'),(102,'Can delete stateless app',26,'delete_statelessapp'),(103,'Can view stateless app',26,'view_statelessapp'),(104,'Can add achievement',27,'add_achievement'),(105,'Can change achievement',27,'change_achievement'),(106,'Can delete achievement',27,'delete_achievement'),(107,'Can view achievement',27,'view_achievement'),(108,'Can add user achievement',28,'add_userachievement'),(109,'Can change user achievement',28,'change_userachievement'),(110,'Can delete user achievement',28,'delete_userachievement'),(111,'Can view user achievement',28,'view_userachievement'),(112,'Can add forum',29,'add_forum'),(113,'Can change forum',29,'change_forum'),(114,'Can delete forum',29,'delete_forum'),(115,'Can view forum',29,'view_forum'),(116,'Can add word_exam',30,'add_word_exam'),(117,'Can change word_exam',30,'change_word_exam'),(118,'Can delete word_exam',30,'delete_word_exam'),(119,'Can view word_exam',30,'view_word_exam'),(120,'Can add word_library',30,'add_word_library'),(121,'Can change word_library',30,'change_word_library'),(122,'Can delete word_library',30,'delete_word_library'),(123,'Can view word_library',30,'view_word_library');
/*!40000 ALTER TABLE `auth_permission` ENABLE KEYS */;
UNLOCK TABLES;

--
-- Table structure for table `auth_user`
--

DROP TABLE IF EXISTS `auth_user`;
/*!40101 SET @saved_cs_client     = @@character_set_client */;
/*!50503 SET character_set_client = utf8mb4 */;
CREATE TABLE `auth_user` (
  `id` int NOT NULL AUTO_INCREMENT,
  `password` varchar(128) NOT NULL,
  `last_login` datetime(6) DEFAULT NULL,
  `is_superuser` tinyint(1) NOT NULL,
  `username` varchar(150) NOT NULL,
  `first_name` varchar(30) NOT NULL,
  `last_name` varchar(30) NOT NULL,
  `email` varchar(254) NOT NULL,
  `is_staff` tinyint(1) NOT NULL,
  `is_active` tinyint(1) NOT NULL,
  `date_joined` datetime(6) NOT NULL,
  PRIMARY KEY (`id`),
  UNIQUE KEY `username` (`username`)
) ENGINE=InnoDB AUTO_INCREMENT=2 DEFAULT CHARSET=utf8mb3;
/*!40101 SET character_set_client = @saved_cs_client */;

--
-- Dumping data for table `auth_user`
--

LOCK TABLES `auth_user` WRITE;
/*!40000 ALTER TABLE `auth_user` DISABLE KEYS */;
INSERT INTO `auth_user` VALUES (1,'pbkdf2_sha256$36000$NR3ItP0hMf3C$gpm4p9l5r6Y+20rzeD4lte1tOsuN9nQPgPNgooeQJsY=','2019-12-18 08:11:02.232747',1,'d.wsu','','','wei860925@gmail.com',1,1,'2019-12-18 08:10:55.194024');
/*!40000 ALTER TABLE `auth_user` ENABLE KEYS */;
UNLOCK TABLES;

--
-- Table structure for table `auth_user_groups`
--

DROP TABLE IF EXISTS `auth_user_groups`;
/*!40101 SET @saved_cs_client     = @@character_set_client */;
/*!50503 SET character_set_client = utf8mb4 */;
CREATE TABLE `auth_user_groups` (
  `id` int NOT NULL AUTO_INCREMENT,
  `user_id` int NOT NULL,
  `group_id` int NOT NULL,
  PRIMARY KEY (`id`),
  UNIQUE KEY `auth_user_groups_user_id_group_id_94350c0c_uniq` (`user_id`,`group_id`),
  KEY `auth_user_groups_group_id_97559544_fk_auth_group_id` (`group_id`),
  CONSTRAINT `auth_user_groups_group_id_97559544_fk_auth_group_id` FOREIGN KEY (`group_id`) REFERENCES `auth_group` (`id`),
  CONSTRAINT `auth_user_groups_user_id_6a12ed8b_fk_auth_user_id` FOREIGN KEY (`user_id`) REFERENCES `auth_user` (`id`)
) ENGINE=InnoDB DEFAULT CHARSET=utf8mb3;
/*!40101 SET character_set_client = @saved_cs_client */;

--
-- Dumping data for table `auth_user_groups`
--

LOCK TABLES `auth_user_groups` WRITE;
/*!40000 ALTER TABLE `auth_user_groups` DISABLE KEYS */;
/*!40000 ALTER TABLE `auth_user_groups` ENABLE KEYS */;
UNLOCK TABLES;

--
-- Table structure for table `auth_user_user_permissions`
--

DROP TABLE IF EXISTS `auth_user_user_permissions`;
/*!40101 SET @saved_cs_client     = @@character_set_client */;
/*!50503 SET character_set_client = utf8mb4 */;
CREATE TABLE `auth_user_user_permissions` (
  `id` int NOT NULL AUTO_INCREMENT,
  `user_id` int NOT NULL,
  `permission_id` int NOT NULL,
  PRIMARY KEY (`id`),
  UNIQUE KEY `auth_user_user_permissions_user_id_permission_id_14a6b632_uniq` (`user_id`,`permission_id`),
  KEY `auth_user_user_permi_permission_id_1fbb5f2c_fk_auth_perm` (`permission_id`),
  CONSTRAINT `auth_user_user_permi_permission_id_1fbb5f2c_fk_auth_perm` FOREIGN KEY (`permission_id`) REFERENCES `auth_permission` (`id`),
  CONSTRAINT `auth_user_user_permissions_user_id_a95ead1b_fk_auth_user_id` FOREIGN KEY (`user_id`) REFERENCES `auth_user` (`id`)
) ENGINE=InnoDB DEFAULT CHARSET=utf8mb3;
/*!40101 SET character_set_client = @saved_cs_client */;

--
-- Dumping data for table `auth_user_user_permissions`
--

LOCK TABLES `auth_user_user_permissions` WRITE;
/*!40000 ALTER TABLE `auth_user_user_permissions` DISABLE KEYS */;
/*!40000 ALTER TABLE `auth_user_user_permissions` ENABLE KEYS */;
UNLOCK TABLES;

--
-- Table structure for table `captcha_captchastore`
--

DROP TABLE IF EXISTS `captcha_captchastore`;
/*!40101 SET @saved_cs_client     = @@character_set_client */;
/*!50503 SET character_set_client = utf8mb4 */;
CREATE TABLE `captcha_captchastore` (
  `id` int NOT NULL AUTO_INCREMENT,
  `challenge` varchar(32) NOT NULL,
  `response` varchar(32) NOT NULL,
  `hashkey` varchar(40) NOT NULL,
  `expiration` datetime(6) NOT NULL,
  PRIMARY KEY (`id`),
  UNIQUE KEY `hashkey` (`hashkey`)
) ENGINE=InnoDB AUTO_INCREMENT=728 DEFAULT CHARSET=utf8mb3;
/*!40101 SET character_set_client = @saved_cs_client */;

--
-- Dumping data for table `captcha_captchastore`
--

LOCK TABLES `captcha_captchastore` WRITE;
/*!40000 ALTER TABLE `captcha_captchastore` DISABLE KEYS */;
/*!40000 ALTER TABLE `captcha_captchastore` ENABLE KEYS */;
UNLOCK TABLES;

--
-- Table structure for table `django_admin_log`
--

DROP TABLE IF EXISTS `django_admin_log`;
/*!40101 SET @saved_cs_client     = @@character_set_client */;
/*!50503 SET character_set_client = utf8mb4 */;
CREATE TABLE `django_admin_log` (
  `id` int NOT NULL AUTO_INCREMENT,
  `action_time` datetime(6) NOT NULL,
  `object_id` longtext,
  `object_repr` varchar(200) NOT NULL,
  `action_flag` smallint unsigned NOT NULL,
  `change_message` longtext NOT NULL,
  `content_type_id` int DEFAULT NULL,
  `user_id` int NOT NULL,
  PRIMARY KEY (`id`),
  KEY `django_admin_log_content_type_id_c4bce8eb_fk_django_co` (`content_type_id`),
  KEY `django_admin_log_user_id_c564eba6_fk_alcpt_user_id` (`user_id`),
  CONSTRAINT `django_admin_log_content_type_id_c4bce8eb_fk_django_co` FOREIGN KEY (`content_type_id`) REFERENCES `django_content_type` (`id`),
  CONSTRAINT `django_admin_log_user_id_c564eba6_fk_alcpt_user_id` FOREIGN KEY (`user_id`) REFERENCES `alcpt_user` (`id`)
) ENGINE=InnoDB DEFAULT CHARSET=utf8mb3;
/*!40101 SET character_set_client = @saved_cs_client */;

--
-- Dumping data for table `django_admin_log`
--

LOCK TABLES `django_admin_log` WRITE;
/*!40000 ALTER TABLE `django_admin_log` DISABLE KEYS */;
/*!40000 ALTER TABLE `django_admin_log` ENABLE KEYS */;
UNLOCK TABLES;

--
-- Table structure for table `django_content_type`
--

DROP TABLE IF EXISTS `django_content_type`;
/*!40101 SET @saved_cs_client     = @@character_set_client */;
/*!50503 SET character_set_client = utf8mb4 */;
CREATE TABLE `django_content_type` (
  `id` int NOT NULL AUTO_INCREMENT,
  `app_label` varchar(100) NOT NULL,
  `model` varchar(100) NOT NULL,
  PRIMARY KEY (`id`),
  UNIQUE KEY `django_content_type_app_label_model_76bd3d3b_uniq` (`app_label`,`model`)
) ENGINE=InnoDB AUTO_INCREMENT=31 DEFAULT CHARSET=utf8mb3;
/*!40101 SET character_set_client = @saved_cs_client */;

--
-- Dumping data for table `django_content_type`
--

LOCK TABLES `django_content_type` WRITE;
/*!40000 ALTER TABLE `django_content_type` DISABLE KEYS */;
INSERT INTO `django_content_type` VALUES (1,'admin','logentry'),(27,'alcpt','achievement'),(7,'alcpt','answer'),(8,'alcpt','answersheet'),(9,'alcpt','choice'),(10,'alcpt','department'),(11,'alcpt','exam'),(29,'alcpt','forum'),(12,'alcpt','group'),(24,'alcpt','notification'),(13,'alcpt','optionlist'),(14,'alcpt','proclamation'),(15,'alcpt','question'),(23,'alcpt','reply'),(16,'alcpt','report'),(17,'alcpt','reportcategory'),(18,'alcpt','squadron'),(19,'alcpt','student'),(22,'alcpt','testeelist'),(20,'alcpt','testpaper'),(6,'alcpt','user'),(28,'alcpt','userachievement'),(30,'alcpt','word_library'),(3,'auth','group'),(2,'auth','permission'),(21,'captcha','captchastore'),(4,'contenttypes','contenttype'),(25,'django_plotly_dash','dashapp'),(26,'django_plotly_dash','statelessapp'),(5,'sessions','session');
/*!40000 ALTER TABLE `django_content_type` ENABLE KEYS */;
UNLOCK TABLES;

--
-- Table structure for table `django_migrations`
--

DROP TABLE IF EXISTS `django_migrations`;
/*!40101 SET @saved_cs_client     = @@character_set_client */;
/*!50503 SET character_set_client = utf8mb4 */;
CREATE TABLE `django_migrations` (
  `id` int NOT NULL AUTO_INCREMENT,
  `app` varchar(255) NOT NULL,
  `name` varchar(255) NOT NULL,
  `applied` datetime(6) NOT NULL,
  PRIMARY KEY (`id`)
) ENGINE=InnoDB AUTO_INCREMENT=73 DEFAULT CHARSET=utf8mb3;
/*!40101 SET character_set_client = @saved_cs_client */;

--
-- Dumping data for table `django_migrations`
--

LOCK TABLES `django_migrations` WRITE;
/*!40000 ALTER TABLE `django_migrations` DISABLE KEYS */;
INSERT INTO `django_migrations` VALUES (1,'contenttypes','0001_initial','2020-02-11 12:55:28.154105'),(2,'alcpt','0001_initial','2020-02-11 12:55:29.436003'),(3,'admin','0001_initial','2020-02-11 12:55:29.523835'),(4,'admin','0002_logentry_remove_auto_add','2020-02-11 12:55:29.551044'),(5,'contenttypes','0002_remove_content_type_name','2020-02-11 12:55:29.627345'),(6,'auth','0001_initial','2020-02-11 12:55:29.799531'),(7,'auth','0002_alter_permission_name_max_length','2020-02-11 12:55:29.834748'),(8,'auth','0003_alter_user_email_max_length','2020-02-11 12:55:29.852611'),(9,'auth','0004_alter_user_username_opts','2020-02-11 12:55:29.861920'),(10,'auth','0005_alter_user_last_login_null','2020-02-11 12:55:29.871194'),(11,'auth','0006_require_contenttypes_0002','2020-02-11 12:55:29.873803'),(12,'auth','0007_alter_validators_add_error_messages','2020-02-11 12:55:29.887929'),(13,'auth','0008_alter_user_username_max_length','2020-02-11 12:55:29.896072'),(14,'captcha','0001_initial','2020-02-11 12:55:29.918277'),(15,'sessions','0001_initial','2020-02-11 12:55:29.945620'),(16,'alcpt','0002_auto_20200211_1457','2020-02-11 14:57:20.133290'),(17,'alcpt','0002_auto_20200212_2312','2020-02-12 23:13:10.729115'),(18,'alcpt','0003_testpaper_is_used','2020-02-12 23:32:05.156396'),(19,'alcpt','0004_auto_20200214_0950','2020-02-14 09:50:44.665963'),(20,'alcpt','0005_auto_20200216_0016','2020-02-18 11:44:28.056102'),(21,'alcpt','0006_remove_question_used_freq','2020-02-18 11:44:28.218210'),(22,'alcpt','0007_auto_20200219_0102','2020-02-19 01:02:20.889312'),(23,'alcpt','0008_auto_20200220_0855','2020-02-20 08:55:12.109729'),(24,'alcpt','0009_auto_20200223_0054','2020-02-23 00:54:56.335952'),(25,'alcpt','0010_user_introduction','2020-02-24 01:48:36.068849'),(26,'alcpt','0011_auto_20200228_0224','2020-02-28 02:24:43.896742'),(27,'alcpt','0012_user_photo','2020-03-02 11:23:51.184589'),(28,'admin','0003_logentry_add_action_flag_choices','2020-03-06 00:28:02.820436'),(29,'auth','0009_alter_user_last_name_max_length','2020-03-06 00:28:02.858645'),(30,'auth','0010_alter_group_name_max_length','2020-03-06 00:28:02.935353'),(31,'auth','0011_update_proxy_permissions','2020-03-06 00:28:02.962196'),(32,'alcpt','0013_exam_testeelist','2020-03-12 00:41:54.833163'),(33,'alcpt','0014_delete_testeelist','2020-03-12 00:41:54.982885'),(34,'alcpt','0015_notification','2020-03-17 19:04:42.665041'),(35,'alcpt','0015_auto_20200318_0845','2020-03-18 08:45:45.492761'),(36,'alcpt','0016_auto_20200318_1708','2020-03-19 01:08:23.122393'),(37,'alcpt','0017_auto_20200319_0108','2020-03-19 01:08:23.212788'),(38,'auth','0012_alter_user_first_name_max_length','2020-09-24 11:36:35.280240'),(39,'django_plotly_dash','0001_initial','2020-09-24 11:36:35.324549'),(40,'django_plotly_dash','0002_add_examples','2020-09-24 11:36:35.344285'),(41,'alcpt','0002_auto_20200924_1137','2020-09-24 11:37:25.837784'),(42,'alcpt','0002_answersheet_is_tested','2020-09-28 23:32:35.553236'),(43,'alcpt','0002_auto_20201211_0821','2020-12-11 08:21:39.621639'),(44,'alcpt','0002_achievement_userachievement','2020-12-11 08:26:01.179550'),(45,'alcpt','0002_auto_20201214_0834','2020-12-14 08:34:19.266685'),(46,'alcpt','0003_proclamation_exam_id','2020-12-14 11:21:45.959679'),(47,'alcpt','0002_proclamation_report_id','2020-12-15 16:09:38.589890'),(48,'alcpt','0003_achievement_trophy','2020-12-17 09:10:42.351977'),(49,'alcpt','0004_auto_20210125_1035','2021-01-25 10:35:55.315077'),(50,'alcpt','0005_exam_remaining_time','2021-07-23 13:17:52.524961'),(51,'alcpt','0006_auto_20210315_1529','2021-07-23 13:17:52.570603'),(52,'alcpt','0007_remove_exam_remaining_time','2021-07-23 13:17:52.592347'),(53,'alcpt','0008_exam_remaining_time','2021-07-23 13:17:52.607601'),(54,'alcpt','0009_user_browser','2021-07-23 13:17:52.637824'),(55,'alcpt','0010_exam_is_started','2021-07-23 13:17:52.661153'),(56,'alcpt','0011_auto_20211220_1648','2021-12-20 16:48:51.657452'),(57,'alcpt','0012_auto_20220221_2316','2022-02-21 23:16:41.316134'),(58,'alcpt','0013_question_in_forum','2022-02-28 22:23:11.615809'),(59,'alcpt','0014_auto_20220303_2319','2022-03-03 23:19:34.350964'),(60,'alcpt','0015_auto_20220305_1653','2022-03-05 16:53:36.448418'),(61,'alcpt','0016_auto_20220329_1404','2022-03-29 14:04:41.002520'),(62,'alcpt','0002_auto_20221227_2011','2022-12-27 20:21:06.025761'),(63,'alcpt','0003_rename_word_words','2022-12-27 20:21:06.031447'),(64,'alcpt','0004_auto_20221227_2018','2022-12-27 20:21:06.036830'),(65,'captcha','0002_alter_captchastore_id','2022-12-27 20:21:06.043087'),(66,'django_plotly_dash','0003_auto_20221226_1053','2022-12-27 20:21:06.047557'),(67,'alcpt','0002_word_exam','2022-12-27 20:24:41.641320'),(68,'alcpt','0003_auto_20221229_1137','2022-12-29 14:35:54.278414'),(69,'alcpt','0003_auto_20230103_2022','2023-01-03 20:27:36.510301'),(70,'alcpt','0004_alter_word_library_translations','2023-03-25 09:09:29.597944'),(71,'alcpt','0005_auto_20230214_1951','2023-03-25 09:09:29.628004'),(72,'alcpt','0006_alter_word_library_words','2023-03-25 09:09:29.640540');
/*!40000 ALTER TABLE `django_migrations` ENABLE KEYS */;
UNLOCK TABLES;

--
-- Table structure for table `django_plotly_dash_dashapp`
--

DROP TABLE IF EXISTS `django_plotly_dash_dashapp`;
/*!40101 SET @saved_cs_client     = @@character_set_client */;
/*!50503 SET character_set_client = utf8mb4 */;
CREATE TABLE `django_plotly_dash_dashapp` (
  `id` int NOT NULL AUTO_INCREMENT,
  `instance_name` varchar(100) NOT NULL,
  `slug` varchar(110) NOT NULL,
  `base_state` longtext NOT NULL,
  `creation` datetime(6) NOT NULL,
  `update` datetime(6) NOT NULL,
  `save_on_change` tinyint(1) NOT NULL,
  `stateless_app_id` int NOT NULL,
  PRIMARY KEY (`id`),
  UNIQUE KEY `instance_name` (`instance_name`),
  UNIQUE KEY `slug` (`slug`),
  KEY `django_plotly_dash_d_stateless_app_id_220444de_fk_django_pl` (`stateless_app_id`),
  CONSTRAINT `django_plotly_dash_d_stateless_app_id_220444de_fk_django_pl` FOREIGN KEY (`stateless_app_id`) REFERENCES `django_plotly_dash_statelessapp` (`id`)
) ENGINE=InnoDB DEFAULT CHARSET=utf8mb4 COLLATE=utf8mb4_0900_ai_ci;
/*!40101 SET character_set_client = @saved_cs_client */;

--
-- Dumping data for table `django_plotly_dash_dashapp`
--

LOCK TABLES `django_plotly_dash_dashapp` WRITE;
/*!40000 ALTER TABLE `django_plotly_dash_dashapp` DISABLE KEYS */;
/*!40000 ALTER TABLE `django_plotly_dash_dashapp` ENABLE KEYS */;
UNLOCK TABLES;

--
-- Table structure for table `django_plotly_dash_statelessapp`
--

DROP TABLE IF EXISTS `django_plotly_dash_statelessapp`;
/*!40101 SET @saved_cs_client     = @@character_set_client */;
/*!50503 SET character_set_client = utf8mb4 */;
CREATE TABLE `django_plotly_dash_statelessapp` (
  `id` int NOT NULL AUTO_INCREMENT,
  `app_name` varchar(100) NOT NULL,
  `slug` varchar(110) NOT NULL,
  PRIMARY KEY (`id`),
  UNIQUE KEY `app_name` (`app_name`),
  UNIQUE KEY `slug` (`slug`)
) ENGINE=InnoDB DEFAULT CHARSET=utf8mb4 COLLATE=utf8mb4_0900_ai_ci;
/*!40101 SET character_set_client = @saved_cs_client */;

--
-- Dumping data for table `django_plotly_dash_statelessapp`
--

LOCK TABLES `django_plotly_dash_statelessapp` WRITE;
/*!40000 ALTER TABLE `django_plotly_dash_statelessapp` DISABLE KEYS */;
/*!40000 ALTER TABLE `django_plotly_dash_statelessapp` ENABLE KEYS */;
UNLOCK TABLES;

--
-- Table structure for table `django_session`
--

DROP TABLE IF EXISTS `django_session`;
/*!40101 SET @saved_cs_client     = @@character_set_client */;
/*!50503 SET character_set_client = utf8mb4 */;
CREATE TABLE `django_session` (
  `session_key` varchar(40) NOT NULL,
  `session_data` longtext NOT NULL,
  `expire_date` datetime(6) NOT NULL,
  PRIMARY KEY (`session_key`),
  KEY `django_session_expire_date_a5c62663` (`expire_date`)
) ENGINE=InnoDB DEFAULT CHARSET=utf8mb3;
/*!40101 SET character_set_client = @saved_cs_client */;

--
-- Dumping data for table `django_session`
--

LOCK TABLES `django_session` WRITE;
/*!40000 ALTER TABLE `django_session` DISABLE KEYS */;
INSERT INTO `django_session` VALUES ('00be7hpe2kbt6ou9tooaep5vxc6m9hna','NjRiMzliZGY5YTg2ZDI3ZTE4YTFkODViMGRhMzE0ZDhjODRkNTRmOTp7Il9hdXRoX3VzZXJfaWQiOiIxIiwiX2F1dGhfdXNlcl9iYWNrZW5kIjoiZGphbmdvLmNvbnRyaWIuYXV0aC5iYWNrZW5kcy5Nb2RlbEJhY2tlbmQiLCJfYXV0aF91c2VyX2hhc2giOiIyN2MzNWRlNzNjMzZhODcxNzQ4OWNhMzlmZGQ5M2Y1ZGQyNDEzNTFmIn0=','2020-04-01 16:20:28.787148'),('0adpgaqnxbbchc3xmbjfeg18blomphio','.eJxVjMsOgjAQRf-la9O0HTqIS_d8Q3OnD0ENJBRWxn9XEha6veec-1IB2zqEreYljEldlGVWp99VEB952lG6Y7rNOs7Tuoyid0UftOp-Tvl5Pdy_gwF1-NZ0dkWswMCDIHDiu9g5KiQQYlO4GO8biG25aRnRMzlrkGzbZCdQ7w9AWDhs:1pn6sp:z2vSoVQikstEw9TbPH8_bBEYdCnq7Uq7dEV65L0kxcI','2023-04-28 08:01:43.785076'),('0k13tzrw24accqvha1sfhtn76071ww84','YzRjMWQ0MzY2OWI1MzMyZGQ5Mjc5MGQ5N2Y4MzUyZWVkMDhiN2YzMjp7Il9hdXRoX3VzZXJfaWQiOiIxNiIsIl9hdXRoX3VzZXJfYmFja2VuZCI6ImRqYW5nby5jb250cmliLmF1dGguYmFja2VuZHMuTW9kZWxCYWNrZW5kIiwiX2F1dGhfdXNlcl9oYXNoIjoiMjdhODE1NDdhZDFmNzIxMzU1NjJkOGRiNDFlYjA5Y2Y1MDUxZTU5MSJ9','2020-04-28 11:08:17.700032'),('0p1c7nne9do3hum54yghidafsdsz97y8','.eJxVjDsOwjAQBe_iGln-rhxKes5grb0bHEC2FCcV4u4QKUXSvpl5HxFxXUpcO89xInEVGry4HNeE-cV1Q_TE-mgyt7rMU5KbInfa5b0Rv2-7ezoo2Mu_HkygIaBxXjOwIoM5K-AxmOBAJ-8cKmb2igATsc3EiGQtOq0A7Ci-PzkPOOg:1pn6xw:Va90nFCssvrBpOtBNUNyrKuTVngwNOXCV_CPLW21PyU','2023-04-28 08:07:00.195962'),('0pgu8q4ybvazj9dve8c5vyiokwt3py2t','.eJxVjEEOwiAQRe_C2pDO0NLi0r1nIDMwSNVAUtqV8e7apAvd_vfefylP25r91mTxc1RnZaw6_Y5M4SFlJ_FO5VZ1qGVdZta7og_a9LVGeV4O9-8gU8vfmvpExo5I0TAHGACmaF0_GRehQ5LJCUjqAo4GHKKz3ZBGYYQhMWMI6v0BBLw3-w:1mnY7E:9obHIberfynccrnxTOEgZ-u-_3FVQoHr2jhAn5_sT84','2021-12-02 11:29:36.757973'),('0xxern4lu45f75ta06ldxrf7j72ou1ba','.eJxVjMEOwiAQRP-FsyFLKMJ69O43kAUWqRpISnsy_rs06UEPk0zmzcxbeNrW4rfOi5-TuAgjTr9ZoPjkuoP0oHpvMra6LnOQe0UetMtbS_y6Ht2_g0K9jHWEM2sAZM7oMiNaIONIZ4cMIdnIwzqDaihpZ3SYGLIzGVXQVk3i8wXrTzen:1kLI5w:WKTtIy0YIw3Iowy4TJ53Nrob0THYaqXEM2f-6_blFO0','2020-10-08 11:38:56.867290'),('10mp5574oxf8eq4egr1wvoqwpsgwfl54','NjZiYTM5NzNiNDUwNzk4NDgyMWRjZTBhNzliZDQ3N2RlZmU4ZTViNDp7Il9hdXRoX3VzZXJfaWQiOiIxIiwiX2F1dGhfdXNlcl9iYWNrZW5kIjoiZGphbmdvLmNvbnRyaWIuYXV0aC5iYWNrZW5kcy5Nb2RlbEJhY2tlbmQiLCJfYXV0aF91c2VyX2hhc2giOiJmY2RiNzE3NTNiZmE1OGEyYTVjYjBlYTZkMWIzYmE4NjM5ODgxNjMxIn0=','2020-03-18 19:58:36.227155'),('11ci5stvli9phgp8zdm96piwf8pssw95','.eJxVjMsOwiAQRf-FtSHAAAMu3fcbyPBQqgaS0q6M_65NutDtPefcFwu0rTVsoyxhzuzMPDv9bpHSo7Qd5Du1W-ept3WZI98VftDBp57L83K4fweVRv3WBTxeISshgSCTAacLoTXCGO2UBeEiCTQCU0bri3YYo_MgjfYyodLs_QG9azZl:1pgzai:dP6Wc0sRSkpRsk6NGjhOfPEm0SGjwVLFMFpSDQIhiBo','2023-04-11 11:01:44.021623'),('25diqoohdtt4s45n9lr4zfimufv38sgf','.eJxVjDsOwjAQBe_iGllJ7PWHkp4zWOv1LgmgWIqTCnF3iJQC2jcz76USbuuYtsZLmoo6K2vV6XfMSA-ed1LuON-qpjqvy5T1ruiDNn2thZ-Xw_07GLGN39px8C7C4DofIwRPQXrmQUj6AQ3ajpnAUwbI0fUMZEQicrBFJAMb9f4AAtk4wA:1pi2GJ:GOUfmc5OuNsMzL4pppMmKvEA-GbfE3iKfdcGre4LuxM','2023-04-14 08:04:59.019850'),('2ftcm7ggqx2sayp96z37jurj51esj646','.eJxVjEEOwiAQRe_C2hCBAaxL956hGWYGqRpISrsy3l2bdKHb_977LzXiupRx7TKPE6uzgkEdfseE9JC6Eb5jvTVNrS7zlPSm6J12fW0sz8vu_h0U7OVbRyZI7IGO-ZQCD9YaH6MEdBGysOfoICAgQTCZnPNCOQaRbIyAlazeHx9qONk:1pmmoU:vedNEwA5Z5CgN1XyTv6oV_--LkUwbxx8ioGtOpLYrRM','2023-04-27 10:35:54.670057'),('2hrzoceuayiuqgim8x4zt4jqcasyptc8','.eJxVjEEOwiAQRe_C2pDO0NLi0r1nIDMwSNVAUtqV8e7apAvd_vfefylP25r91mTxc1RnZaw6_Y5M4SFlJ_FO5VZ1qGVdZta7og_a9LVGeV4O9-8gU8vfmvpExo5I0TAHGACmaF0_GRehQ5LJCUjqAo4GHKKz3ZBGYYQhMWMI6v0BBLw3-w:1mNUKZ:Jcc0FreZVFtPSRC_WcQjvCjpVjNSlFxhcBa2k8AV4NM','2021-09-21 14:11:39.715834'),('2stzviqbmsosxnu9uzw7n6kfaz9t6mop','ZTIyY2QxNDIzNjcxMzVhYTNkMGRlMmJmZGY1YTI3OTFmMjNmNmMzYTp7Il9hdXRoX3VzZXJfaWQiOiIxIiwiX2F1dGhfdXNlcl9iYWNrZW5kIjoiZGphbmdvLmNvbnRyaWIuYXV0aC5iYWNrZW5kcy5Nb2RlbEJhY2tlbmQiLCJfYXV0aF91c2VyX2hhc2giOiIzMWQ4MzMxOGM2ZDlkODM2YzE1NTVmYmU5ZWJiZWIwODdmYTI3OWUzIn0=','2020-02-27 16:35:15.282861'),('2x271okk5my4357f9tc5snn2h6xrlrj1','.eJxVjMsOwiAQRf-FtSEzHaTUpft-AxlgkKqBpI-V8d-1SRe6veec-1Ket7X4bZHZT0ldFFqjTr9r4PiQuqN053prOra6zlPQu6IPuuixJXleD_fvoPBSvvWAjhgogHOZ-94B5s5QnyRKALRgCM-BkgObrZAw2oymM4wmggwU1fsDDlk3kw:1pn6m1:bSpsLnNEBzTWhq9TGaNS0E7czZsRPQpmklypWvJmAY0','2023-04-28 07:54:41.502232'),('3b2km17qdz88s7x6cg8usnfl55xlided','.eJxVjEEOwiAQRe_C2pDO0NLi0r1nIDMwSNVAUtqV8e7apAvd_vfefylP25r91mTxc1RnZaw6_Y5M4SFlJ_FO5VZ1qGVdZta7og_a9LVGeV4O9-8gU8vfmvpExo5I0TAHGACmaF0_GRehQ5LJCUjqAo4GHKKz3ZBGYYQhMWMI6v0BBLw3-w:1mXf5h:xruQZN0hk6pDQADQIEb-SaR7nlxVXgbQ14-Ss7wIsiI','2021-10-19 15:42:21.620694'),('3qz82mhdhubtxzjwr7zdora18509dunc','.eJxVjMsOwiAQRf-FtSEgb5fu-w1kGAapGkhKuzL-uzbpQrf3nHNfLMK21rgNWuKc2YVJo9jpd02AD2o7yndot86xt3WZE98VftDBp57peT3cv4MKo37rc_YoSQPZjFB0EAm8cEE4idbbYq1QEsGidCDBayWML4WQDOSELgX2_gA-sTj1:1pn6vR:-Zc2Ar41KvtpbQECuITZVz_j8AkKWcPwCOfYR9FBJtQ','2023-04-28 08:04:25.906316'),('3w3wpnutd9yg0jjvxjf48tr0bx5w7kwx','.eJxVjEEOwiAQRe_C2pCh1MK4dN8zNDMMSNVAUtqV8e7apAvd_vfef6mJtjVPW4vLNIu6qLNVp9-RKTxi2YncqdyqDrWsy8x6V_RBmx6rxOf1cP8OMrX8rcHKwMDOWUswQGesIUxGEEh8koSEjF0_eCaBThL54EIE7IWTC4Dq_QEFADiO:1pkFFm:Z5uCMZQ81S-W_RoLTaDzYYQkPeIGZnUx8gkdlUbu4DA','2023-04-20 10:21:34.663226'),('4bcxqh7ed5x1nn7byejk0lskjd508vfg','.eJxVjEEOwiAQRe_C2hBgpoW6dO8ZyAyMUjU0Ke3KeHfbpAvdvvf-f6tI61Li2mSOY1ZnZdGp0y9lSk-pu8oPqvdJp6ku88h6T_Rhm75OWV6Xo_07KNTKtnYdMlvsU2DMhgQZhW5sUzJgPIg3BJCA_IYNuSC5g2EA6T3aADarzxc8QThH:1pn6tn:D2OSBvaaSpeGeH-E-Ft9Ini0adGX3Hfd0XiQUUPw2NU','2023-04-28 08:02:43.735566'),('4tmw6r9ziyzln7ofu70o1k0433h9xjq4','ZWY5NTQ4NDgyNWZiMDYwNDBhMmJlMjlhOGZjZGE3MDA4YTc5OWMyMDp7Il9hdXRoX3VzZXJfaWQiOiI2IiwiX2F1dGhfdXNlcl9iYWNrZW5kIjoiZGphbmdvLmNvbnRyaWIuYXV0aC5iYWNrZW5kcy5Nb2RlbEJhY2tlbmQiLCJfYXV0aF91c2VyX2hhc2giOiI3ZjNlYzc0YWY1MWRjNWRjZmFmZTJiMjFkMzYwZGE2Y2Q2YWE1ZTIwIn0=','2020-04-12 23:58:49.739580'),('55rgf0q2jxl9qauehuztwuya7jmc6k31','.eJxVjDsOwjAQBe_iGlnZ-LM2JT1niHa9NgkgR4qTCnF3iJQC2jcz76UG2tZx2FpehknUWQGCOv2uTOmR647kTvU26zTXdZlY74o-aNPXWfLzcrh_ByO18Vt7Q73EzIDOOcAg4DzbrsQoASxnoIgUbOHQGYtsTOelUF9iCux79Or9ARcRN7s:1pn6oh:jdj3XLsBoEdrPgZbjlMaE5XREKaKLYvaKbsMNZ-WWLw','2023-04-28 07:57:27.119909'),('5rncgh83wwzbl8odu809st5x3lo7q0ny','.eJxVjDsOwjAQBe_iGlneNY69lPQ5g7X-4QBypDipEHeHSCmgfTPzXsLztla_9bz4KYmLOBtx-h0Dx0duO0l3brdZxrmtyxTkrsiDdjnOKT-vh_t3ULnXb01UIsRAOSgI2kZSVjt2wJoyJGURDRbEDHEwQ8FEBRKAK440kzNGvD8FcjeI:1pkBeZ:EQKBHYXVON-EUEmE9KbLZ_d7YOkbahr-4XI3E1uhYzM','2023-04-20 06:30:55.211048'),('69u2ohvks8jyt5gzym2zoy2vkivdp24j','.eJxVjMEOwiAQRP-FsyFLKMJ69O43kAUWqRpISnsy_rs06UEPk0zmzcxbeNrW4rfOi5-TuAgjTr9ZoPjkuoP0oHpvMra6LnOQe0UetMtbS_y6Ht2_g0K9jHWEM2sAZM7oMiNaIONIZ4cMIdnIwzqDaihpZ3SYGLIzGVXQVk3i8wXrTzen:1kto0g:w0-qBgTvJf1CV2rVkHqLUidDOuEYiGwB6CJ4n2dIeFk','2021-01-11 16:36:10.179780'),('6nfyisopsgfk7ye2h73y0ekg5oqf6dji','.eJxVjMsOwiAQRf-FtSHAAAMu3fcbyPBQqgaS0q6M_65NutDtPefcFwu0rTVsoyxhzuzMPDv9bpHSo7Qd5Du1W-ept3WZI98VftDBp57L83K4fweVRv3WBTxeISshgSCTAacLoTXCGO2UBeEiCTQCU0bri3YYo_MgjfYyodLs_QG9azZl:1pKwYA:bhX93D9EafLkDqH5gk66iaduWGVLjl6V1-ZAD8Sxcrw','2023-02-09 15:19:58.232621'),('6sjqaydx3v358r5ykqebrrv3dvr4asao','.eJxVjMEOwiAQRP-FsyEgUBeP3vsNZNmlUjWQlPZk_Hdp0oMmkznMm5m3CLitOWwtLWFmcRVenH6ziPRMZQf8wHKvkmpZlznKvSIP2uRYOb1uR_fvIGPLfa2cTV2TAw2kJjZMEQEs6svQXyI6GgyB8hTh7COzMc57ZTR0t8qLzxf29jey:1kjcWf:7PP36KTveG-FVVvSMyaq0UqAWIGCgo7pDiWgqOO9c2M','2020-12-14 14:19:05.945224'),('6umzkspk7u5pwgy7i2m6ar2twb3ngvdb','.eJxVjEsOgjAUAO_StWns50Hr0j1nIH0fLGrahMLKeHclYaHbmcm81Ji2NY9bk2WcWV2Ud-r0CzHRQ8pu-J7KrWqqZV1m1HuiD9v0UFme16P9G-TU8v7tg3gECkbAdgYiOAjOgMOpj574bCfP7C2FIIYFuQOMX5l6IEPSqfcH7ok4GQ:1pk3kS:ESbAWLPv6K6fnz4ZfSnF_VJp6K1G1wDzavyd1KkZ9Bw','2023-04-19 22:04:28.156760'),('6uo2nvpqyzeu37xv0ckezfhjnevgzh9s','.eJxVjDsOwjAQBe_iGllJ7PWHkp4zWOv1LgmgWIqTCnF3iJQC2jcz76USbuuYtsZLmoo6K2vV6XfMSA-ed1LuON-qpjqvy5T1ruiDNn2thZ-Xw_07GLGN39px8C7C4DofIwRPQXrmQUj6AQ3ajpnAUwbI0fUMZEQicrBFJAMb9f4AAtk4wA:1pmyYY:wsygYgPkvBIYnX4RyOjRSTscr4jMgHTCu6n5PwbMfdA','2023-04-27 23:08:14.094269'),('6x1if0b6ps1awwaje7dthv4nz30b9rnl','.eJxVjMsOwiAQRf-FtSEztJTi0r3fQAZmkKqBpI-V8d-1SRe6veec-1KBtrWEbZE5TKzOCh2o0-8aKT2k7ojvVG9Np1bXeYp6V_RBF31tLM_L4f4dFFrKt4YBOEeG3qB4j1GiJUNpQATk0VoUGDNY6Vyf2KJxZIly50wanEdj1PsDJps3tw:1pn6y6:ASmfBWARConEMV5_sRZSk-52OCBldwBjSWcUnpw0-kI','2023-04-28 08:07:10.835063'),('7g5gt377if0wratijhgqstk9p76lhacq','ZjNiZmNiYzAxOWZkNzdhZDk1MmYyOGQzOWQ3ZmJiOWNmZDg0OWQ4Yzp7Il9hdXRoX3VzZXJfaWQiOiIxIiwiX2F1dGhfdXNlcl9iYWNrZW5kIjoiZGphbmdvLmNvbnRyaWIuYXV0aC5iYWNrZW5kcy5Nb2RlbEJhY2tlbmQiLCJfYXV0aF91c2VyX2hhc2giOiIzNmUyY2NmMjJlOTE1MDBkZTdmNmRjY2QyMWM5Y2Q4NTliMjI3YTIwIn0=','2020-03-16 16:39:20.849575'),('7l6x5b5jcdi7l3wfkeio6ilvojaod2g0','.eJxVjEEOwiAQRe_C2pDO0NLi0r1nIDMwSNVAUtqV8e7apAvd_vfefylP25r91mTxc1RnZaw6_Y5M4SFlJ_FO5VZ1qGVdZta7og_a9LVGeV4O9-8gU8vfmvpExo5I0TAHGACmaF0_GRehQ5LJCUjqAo4GHKKz3ZBGYYQhMWMI6v0BBLw3-w:1ndvzR:RBk6uN9G8DeKO80zer70SXZnFa39s-PDQY1_DnDm-ts','2022-04-25 23:30:05.526964'),('7qwhtobte4xnvtflo1qd6267lsa3ww7n','.eJxVjEEOwiAQRe_C2pDO0NLi0r1nIDMwSNVAUtqV8e7apAvd_vfefylP25r91mTxc1RnZaw6_Y5M4SFlJ_FO5VZ1qGVdZta7og_a9LVGeV4O9-8gU8vfmvpExo5I0TAHGACmaF0_GRehQ5LJCUjqAo4GHKKz3ZBGYYQhMWMI6v0BBLw3-w:1mryGs:5NqVVYIKUGHyj7hCbGOd9h0OXkPRZyQ-9kti81whwYI','2021-12-14 16:13:50.077072'),('7ses2poqph60umk26j0wwhb8ltz6y149','.eJxVjMEOwiAQRP-FsyFLKMJ69O43kAUWqRpISnsy_rs06UEPk0zmzcxbeNrW4rfOi5-TuAgjTr9ZoPjkuoP0oHpvMra6LnOQe0UetMtbS_y6Ht2_g0K9jHWEM2sAZM7oMiNaIONIZ4cMIdnIwzqDaihpZ3SYGLIzGVXQVk3i8wXrTzen:1knYTJ:h2dMJ42k7REk6EbESZ2zWJclJYhBKn7DIlEBUGEG-qo','2020-12-25 10:47:53.512166'),('7t7n9khfdywpws4iismt98p4rjfmyc64','.eJxVjDsOwjAQRO_iGlm7jj8xJT1nsHbthQSQI8VJhbg7iZQCminmvZm3SrQuQ1qbzGks6qzQgTr9tkz5KXVH5UH1Puk81WUeWe-KPmjT16nI63K4fwcDtWFbBwogBCE7MNaaIuhvyMDI2HfGl9yhKQQAsRexPTvsgt-SrUQXo6jPFxW8N40:1pn6rv:9NrrR5nVxgSP_SOhiTUTZvuk7XSPwUL-fPHC-tv4nxU','2023-04-28 08:00:47.872771'),('82whcy7685cdd1k8y189bvc1xcetdgy1','.eJxVjMsOwiAQRf-FtSHg8HTpvt9AgBmkaiAp7cr479qkC93ec859sRC3tYZt0BJmZBcmwbPT75piflDbEd5ju3Wee1uXOfFd4QcdfOpIz-vh_h3UOOq3tlYVTaaQ1hC9RA8EgOiEs1gsZZmlIOWt0_6coChIVDwAmGgE5Ezs_QEw8jhZ:1pn6nh:iHej8qYCqxOPsRTAzHi8U7rpnnNBFCRRk45-xB4ffEI','2023-04-28 07:56:25.593534'),('8ct0k56m4otj4kx7s9efo6706hxtgmcq','.eJxVjMEOwiAQRP-FsyFLKMJ69O43kAUWqRpISnsy_rs06UEPk0zmzcxbeNrW4rfOi5-TuAgjTr9ZoPjkuoP0oHpvMra6LnOQe0UetMtbS_y6Ht2_g0K9jHWEM2sAZM7oMiNaIONIZ4cMIdnIwzqDaihpZ3SYGLIzGVXQVk3i8wXrTzen:1lJ5fn:SsrRRXN3k-xmi6waOBCrnUpu_tFIe8tkimmBe6n45gM','2021-03-22 10:31:07.541436'),('92f59ce2fgwft14oxo9ik4gzlwxlvu0y','.eJxVjEEOwiAQRe_C2pDO0NLi0r1nIDMwSNVAUtqV8e7apAvd_vfefylP25r91mTxc1RnZaw6_Y5M4SFlJ_FO5VZ1qGVdZta7og_a9LVGeV4O9-8gU8vfmvpExo5I0TAHGACmaF0_GRehQ5LJCUjqAo4GHKKz3ZBGYYQhMWMI6v0BBLw3-w:1nMAKk:1snvXoGeNiDtJDo0bBZe7wD4KMFhg3CLo4Mfe3LFqwI','2022-03-07 23:10:38.603462'),('9a8iqwhl7ql4f64e4kt2pe9ccw6gp435','.eJxVjMsOwiAQRf-FtSE8BgZcuu83kOGhVA0kpV0Z_12bdKHbe865LxZoW2vYRlnCnNmZSWPY6XeNlB6l7Sjfqd06T72tyxz5rvCDDj71XJ6Xw_07qDTqt9akkMBGE4vFLGOy4IXIV0waACFra1WUElAmB7IIb9FpFAqcA68dsfcHE602wg:1pmyyy:IrggGIgjxeH3Z2R8UnXg--Hzx9JHVuTYIKrILrc-qzI','2023-04-27 23:35:32.045018'),('9tpon82s22ox0fixeet8lfl05wnewuam','.eJxVjMsOwiAQRf-FtSHAAAMu3fcbyPBQqgaS0q6M_65NutDtPefcFwu0rTVsoyxhzuzMPDv9bpHSo7Qd5Du1W-ept3WZI98VftDBp57L83K4fweVRv3WBTxeISshgSCTAacLoTXCGO2UBeEiCTQCU0bri3YYo_MgjfYyodLs_QG9azZl:1pA9Cj:dfRdAr2U63Hi07zOxvaLnE8KozWwrNdIg2I-17HJq0M','2023-01-10 20:37:13.033129'),('a3ab07snbgrkojpftbnw8klbludsjk3m','.eJxVjMEOwiAQRP-FsyFLKMJ69O43kAUWqRpISnsy_rs06UEPk0zmzcxbeNrW4rfOi5-TuAgjTr9ZoPjkuoP0oHpvMra6LnOQe0UetMtbS_y6Ht2_g0K9jHWEM2sAZM7oMiNaIONIZ4cMIdnIwzqDaihpZ3SYGLIzGVXQVk3i8wXrTzen:1lKzfU:lL8Ma3ESgX9HukLlLViEe8hYPrvSMUZZAxHvLu0Ui2k','2021-03-27 16:30:40.637187'),('a3d2ulqe9nfz1i8zsxt02o13gebszblt','ZjNiZmNiYzAxOWZkNzdhZDk1MmYyOGQzOWQ3ZmJiOWNmZDg0OWQ4Yzp7Il9hdXRoX3VzZXJfaWQiOiIxIiwiX2F1dGhfdXNlcl9iYWNrZW5kIjoiZGphbmdvLmNvbnRyaWIuYXV0aC5iYWNrZW5kcy5Nb2RlbEJhY2tlbmQiLCJfYXV0aF91c2VyX2hhc2giOiIzNmUyY2NmMjJlOTE1MDBkZTdmNmRjY2QyMWM5Y2Q4NTliMjI3YTIwIn0=','2020-03-16 10:26:33.142668'),('aank85e5rogr0xd4zzz5udn6bw81ij5l','OTEwOTA3ODQzOWFiM2QwZGRkMDUwN2Q0YWMwNjM5NTU0MDkyZTExYzp7Il9hdXRoX3VzZXJfaWQiOiIxIiwiX2F1dGhfdXNlcl9iYWNrZW5kIjoiZGphbmdvLmNvbnRyaWIuYXV0aC5iYWNrZW5kcy5Nb2RlbEJhY2tlbmQiLCJfYXV0aF91c2VyX2hhc2giOiIwYjU1ZGY4ZjdlMzhiNjRkMDVkM2M4MTMyZDZlODRiZTVkMTAyYWFmIn0=','2020-05-11 10:21:05.558514'),('ae241q5zpfbp6qh7wvt6enz763k1g9zl','.eJxVjEEOwiAQRe_C2pDO0NLi0r1nIDMwSNVAUtqV8e7apAvd_vfefylP25r91mTxc1RnZaw6_Y5M4SFlJ_FO5VZ1qGVdZta7og_a9LVGeV4O9-8gU8vfmvpExo5I0TAHGACmaF0_GRehQ5LJCUjqAo4GHKKz3ZBGYYQhMWMI6v0BBLw3-w:1n2b7D:t9pXUvz6DdJzr3tRGYr528a-MF17QidFJkf9iu1IKVQ','2022-01-12 23:43:47.707674'),('ak8pqg9vtobk54gvud675u8btcdfwf0r','.eJxVjMsOwiAQRf-FtSFDebt07zeQgQGpGkhKuzL-uzbpQrf3nHNfLOC21rCNvISZ2Jkpy06_Y8T0yG0ndMd26zz1ti5z5LvCDzr4tVN-Xg7376DiqN8arSVRDBgHWjlhnKcCMkfjnYNERRQ05ImkV1oaFRXqIiaIfgKyGQp7fwD31De7:1pkEhe:Lxugmq7a1_p6d89YrxVfSN0DIEV-4EnZ1ddZMshXajU','2023-04-20 09:46:18.299905'),('asnbau72k5gksxi0ojvc78djaa6l3yvn','.eJxVjDsOwjAQRO_iGlnxB-OlpM8ZrLW9iwPIluKkQtydREoBxTTz3sxbBFyXEtZOc5iyuAoF4vRbRkxPqjvJD6z3JlOryzxFuSvyoF2OLdPrdrh_BwV72dYYNUf2DHYAbzNbgIEVkXfWXJT2OiV39rAlEyk0lMBlp7WKyIbZis8XE7E4XQ:1l3sb2:nQiMZEOyhYmBG4zlonmbC2x-O-32kn8OK0wSUMI1eMs','2021-02-08 11:31:20.514509'),('ay3uaw32ykl7tku0x0yhxvlr5fgajx2e','.eJxVjDsOwjAQBe_iGlnxdy1Kes5grb1rHEC2FCcV4u4QKQW0b2beS0Tc1hq3wUucSZyFC-L0OybMD247oTu2W5e5t3WZk9wVedAhr534eTncv4OKo37rBKkAeuBiOaSSKdkJgtLOEoOBCbTSxZnsjS_s0SpPIbCCjAxYIIv3ByVoOLA:1pkOjz:rQE53NzGcD7LBEkuhXNzgWC009bGuBAHhMjVXKqg6II','2023-04-20 20:29:23.180912'),('byxlzsqls9uev2hia0nqmuloofu0qeut','.eJxVjEEOwiAQRe_C2pDO0NLi0r1nIDMwSNVAUtqV8e7apAvd_vfefylP25r91mTxc1RnZaw6_Y5M4SFlJ_FO5VZ1qGVdZta7og_a9LVGeV4O9-8gU8vfmvpExo5I0TAHGACmaF0_GRehQ5LJCUjqAo4GHKKz3ZBGYYQhMWMI6v0BBLw3-w:1mfvqv:bZFUzwG8k2iuyuN3T-_uG1Fed1_y0QxEST9ZaN2FihM','2021-11-11 11:13:17.565103'),('c2r5bg5evljsk8emmjkfvegk7jauiwu2','.eJxVjDsOgzAQRO_iOrL8WWyTMj1nsLzeJZBEtoShinL3gESRdKN5b-YtYtrWKW6NlziTuAptg7j8tpjyk8uB6JHKvcpcy7rMKA9FnrTJoRK_bqf7dzClNu1rgJCYRnBM2gJgrzBbyOh9sL7rSZlMaBJm7rRjv0fjjGOlkW3PMIrPFz9SOMI:1pn6oz:_Poviapz0n4XZOEFQi5yp1URiBGe2AViVZtwi1SPSmw','2023-04-28 07:57:45.913525'),('cbgvfdy6mwvtqd78m5tfzu6r8kt4avrc','.eJxVjEEOwiAQAP_C2ZBSoVs8eu8bml12kaqBpLQn49-VpAe9zkzmpWbctzTvVdZ5YXVRzqrTLyQMD8nN8B3zrehQ8rYupFuiD1v1VFie16P9GySsqX29CAcEiWwhWkLDxpAPYwfeBXI4QDhHYumZ7IhfGn03kEAPMSKhen8ASAM5xQ:1pkFiY:QfXvSiz0x8eP3IeIwnoqxBNt-uC7bBB2UcQm7_p1g1o','2023-04-20 10:51:18.480389'),('ccjik0l5p3ti726k35u2vkxeqxqttw53','.eJxVjDsOwjAQBe_iGllJ7PWHkp4zWOv1LgmgWIqTCnF3iJQC2jcz76USbuuYtsZLmoo6K2vV6XfMSA-ed1LuON-qpjqvy5T1ruiDNn2thZ-Xw_07GLGN39px8C7C4DofIwRPQXrmQUj6AQ3ajpnAUwbI0fUMZEQicrBFJAMb9f4AAtk4wA:1pk3yx:OY5dajLctvWtj4EIpYMdL6C0Y_YKOOTaImNCNkkIcRs','2023-04-19 22:19:27.040325'),('cxvn7gyxsu80agryf0k2hyi4js62nuqr','OTEwOTA3ODQzOWFiM2QwZGRkMDUwN2Q0YWMwNjM5NTU0MDkyZTExYzp7Il9hdXRoX3VzZXJfaWQiOiIxIiwiX2F1dGhfdXNlcl9iYWNrZW5kIjoiZGphbmdvLmNvbnRyaWIuYXV0aC5iYWNrZW5kcy5Nb2RlbEJhY2tlbmQiLCJfYXV0aF91c2VyX2hhc2giOiIwYjU1ZGY4ZjdlMzhiNjRkMDVkM2M4MTMyZDZlODRiZTVkMTAyYWFmIn0=','2020-04-30 09:57:36.865305'),('d7u4phph0alohnbemkw22ogyv0336l8q','.eJxVjEEOwiAQRe_C2pDO0NLi0r1nIDMwSNVAUtqV8e7apAvd_vfefylP25r91mTxc1RnZaw6_Y5M4SFlJ_FO5VZ1qGVdZta7og_a9LVGeV4O9-8gU8vfmvpExo5I0TAHGACmaF0_GRehQ5LJCUjqAo4GHKKz3ZBGYYQhMWMI6v0BBLw3-w:1mxWAi:1f9ILfacrAuLAtR8rjPnx0e02NCki-OTJ798ZzHQ-cY','2021-12-29 23:26:24.798631'),('da8qatewgj3o7iz7umr7xogrcpx4w5dd','OTEwOTA3ODQzOWFiM2QwZGRkMDUwN2Q0YWMwNjM5NTU0MDkyZTExYzp7Il9hdXRoX3VzZXJfaWQiOiIxIiwiX2F1dGhfdXNlcl9iYWNrZW5kIjoiZGphbmdvLmNvbnRyaWIuYXV0aC5iYWNrZW5kcy5Nb2RlbEJhY2tlbmQiLCJfYXV0aF91c2VyX2hhc2giOiIwYjU1ZGY4ZjdlMzhiNjRkMDVkM2M4MTMyZDZlODRiZTVkMTAyYWFmIn0=','2020-04-02 01:10:37.935014'),('ddh7slsouqjwi79luen2ialoaq28ao4l','.eJxVjDsOwjAQBe_iGlm2s_5R0nMGa9cfHEC2FCcV4u4QKQW0b2beiwXc1hq2kZcwJ3ZmEiw7_a6E8ZHbjtId263z2Nu6zMR3hR908GtP-Xk53L-DiqN-ayGRkBJ5P5FThoSW4ExBGa0gSgpAR0HgvdEFnJ3QZQJrksi5KKs9e38ANTY4PQ:1pn6nc:xXjvVk9ojO3JKDhbWkTGn65X6sO9rAc6_MphB7Z6htI','2023-04-28 07:56:20.787246'),('dj4u6lnmzr2u1osx9hikoy91kyhk2wj3','.eJxVjMEOwiAQRP-FsyFLKMJ69O43kAUWqRpISnsy_rs06UEPk0zmzcxbeNrW4rfOi5-TuAgjTr9ZoPjkuoP0oHpvMra6LnOQe0UetMtbS_y6Ht2_g0K9jHWEM2sAZM7oMiNaIONIZ4cMIdnIwzqDaihpZ3SYGLIzGVXQVk3i8wXrTzen:1km621:ANDv-dw1ZQIw8ErGAcB7Nla68qiwJEk1rdd_9eBHbtI','2020-12-21 10:13:41.949113'),('e4g29i9bcmnw3sqh8oejqhgk4bd7lkd5','ZjdiYzQ2MWZhNzIyMTU1YjE1MTFlYTJiYTZmN2VkMjk1MWFjYmQxMDp7Il9hdXRoX3VzZXJfaWQiOiI0IiwiX2F1dGhfdXNlcl9iYWNrZW5kIjoiZGphbmdvLmNvbnRyaWIuYXV0aC5iYWNrZW5kcy5Nb2RlbEJhY2tlbmQiLCJfYXV0aF91c2VyX2hhc2giOiJmNTAzYjQyNzdmMTc2NjMzZjg5Nzk0YTRmNWY4N2VlMTgzOGRjMWE1In0=','2020-04-20 22:31:42.278008'),('e7gq55yof79112q97yaongp1zvavhqpn','.eJxVjDEOAiEQRe9CbcgAyoClvWcgAwOyaiBZdivj3XWTLbT9773_EoHWpYZ15DlMLM5CWRSH3zVSeuS2Ib5Tu3WZelvmKcpNkTsd8to5Py-7-3dQadRvXVChxZQpW03qFItFJtCgUKNnE42DUsAmw2TJY1IILpXswTnNR47i_QE0Gzhx:1pn7aj:VYulWtCsnU8BtdYIAdPzZecnDhoaLRlF1fIhqugJtpo','2023-04-28 08:47:05.152911'),('ex3ov52ab4mydar7r9szvqic100ez2iu','.eJxVjEEOwiAQRe_C2pDO0NLi0r1nIDMwSNVAUtqV8e7apAvd_vfefylP25r91mTxc1RnZaw6_Y5M4SFlJ_FO5VZ1qGVdZta7og_a9LVGeV4O9-8gU8vfmvpExo5I0TAHGACmaF0_GRehQ5LJCUjqAo4GHKKz3ZBGYYQhMWMI6v0BBLw3-w:1mGwc9:JCrgDWdKHo2ehGJheuS6_IRxUqLumS4aH0gLyVYks2w','2021-09-03 12:58:45.358231'),('eylcdq9ucwcvo2rkhf8kp9wq5bmuol64','.eJxVjMsOwiAQRf-FtSHAAAMu3fcbyPBQqgaS0q6M_65NutDtPefcFwu0rTVsoyxhzuzMPDv9bpHSo7Qd5Du1W-ept3WZI98VftDBp57L83K4fweVRv3WBTxeISshgSCTAacLoTXCGO2UBeEiCTQCU0bri3YYo_MgjfYyodLs_QG9azZl:1pfsQ1:qEvMMZ7JG_FWGfzU7jR89i0ReOmm29qtvWPlXKX80XQ','2023-04-08 09:10:05.327444'),('fgadrhte8gn6r3psvpypjgpsmb2lqxhm','.eJxVjDsOwyAQBe9CHSG-C6RM7zMgYNfBSYQlY1dR7h5bcpG0b2bem8W0rTVunZY4IbsyA-zyO-ZUntQOgo_U7jMvc1uXKfND4SftfJiRXrfT_Tuoqde9Fn60IYegsyEgkgBCOCnRajTC66RcGqUhp1E5CUU5dAFg10tAEt6yzxfpzTcu:1pkD9r:Bb1N4Qv3lhYxlboTgLpNMR_6wZL9tKfhtDa0Lbe_JOs','2023-04-20 08:07:19.779126'),('flibkl1869ftlhzdtdvzfgg7og1exp02','ZTIyY2QxNDIzNjcxMzVhYTNkMGRlMmJmZGY1YTI3OTFmMjNmNmMzYTp7Il9hdXRoX3VzZXJfaWQiOiIxIiwiX2F1dGhfdXNlcl9iYWNrZW5kIjoiZGphbmdvLmNvbnRyaWIuYXV0aC5iYWNrZW5kcy5Nb2RlbEJhY2tlbmQiLCJfYXV0aF91c2VyX2hhc2giOiIzMWQ4MzMxOGM2ZDlkODM2YzE1NTVmYmU5ZWJiZWIwODdmYTI3OWUzIn0=','2020-03-09 10:03:41.905289'),('gfv0qkfryrgiktsitgbpvhj6kjefwpjh','.eJxVjEEOwiAQRe_C2hCBAaxL956hGWYGqRpISrsy3l2bdKHb_977LzXiupRx7TKPE6uzgkEdfseE9JC6Eb5jvTVNrS7zlPSm6J12fW0sz8vu_h0U7OVbRyZI7IGO-ZQCD9YaH6MEdBGysOfoICAgQTCZnPNCOQaRbIyAlazeHx9qONk:1pn6by:zHQ_ZcffHnZM12lNIbd6BHQLPupxbjYG49uy3WJTyrU','2023-04-28 07:44:18.832365'),('gnt1lppycz8z2v0p6ch1tttq94iborq2','MmMzMzBlMDA2MjE5MmRiZGJjNzIyMWNjZTBjY2RlMmVlNWMyYzYzODp7Il9hdXRoX3VzZXJfaWQiOiIzIiwiX2F1dGhfdXNlcl9iYWNrZW5kIjoiZGphbmdvLmNvbnRyaWIuYXV0aC5iYWNrZW5kcy5Nb2RlbEJhY2tlbmQiLCJfYXV0aF91c2VyX2hhc2giOiJmMmVkNjlmMzdlOGQwYmRlYjk1MWI0ZGYwZWVkYjc5OTkxYTlhMjljIn0=','2020-02-26 00:55:55.517976'),('i4gniur0azepsszo79h8nonx2h4vaqcn','.eJxVjEEOwiAQRe_C2pDO0NLi0r1nIDMwSNVAUtqV8e7apAvd_vfefylP25r91mTxc1RnZaw6_Y5M4SFlJ_FO5VZ1qGVdZta7og_a9LVGeV4O9-8gU8vfmvpExo5I0TAHGACmaF0_GRehQ5LJCUjqAo4GHKKz3ZBGYYQhMWMI6v0BBLw3-w:1oOsPh:gIOlrK-xefhWhiiTuraPzmFUuNp8w49suA_ZrFfBct0','2022-09-02 11:11:13.382370'),('iro5njlf98vd5x6l9bg68tka2kuwm9zf','.eJxVjDsOwjAQBe_iGln-sd5Q0ucM1sZe4wCypXwqxN3BUgpo38y8lwi0byXsKy9hTuIitLPi9LtOFB9cO0p3qrcmY6vbMk-yK_Kgqxxb4uf1cP8OCq3lW1sw2huLkbyzlCJP7BEtQjZnDYOCAQFBKaM1aM8xI-VueXZWISbx_gAFuTeO:1pn6yW:eSi30kfzGk7IDbrg15Tvw7uKflOwh-3bHKlnnEHWzM8','2023-04-28 08:07:36.572455'),('iyohb31q4dfgvg5pdv4lnjrjfm12606u','.eJxVjEEOwiAQAP_C2ZBSoVs8eu8bml12kaqBpLQn49-VpAe9zkzmpWbctzTvVdZ5YXVRzqrTLyQMD8nN8B3zrehQ8rYupFuiD1v1VFie16P9GySsqX29CAcEiWwhWkLDxpAPYwfeBXI4QDhHYumZ7IhfGn03kEAPMSKhen8ASAM5xQ:1pn6yl:LXFKEdBud5LdqxG2DTcFbrc8pAy-rjaz4H0TpIL6wqo','2023-04-28 08:07:51.101860'),('j1d0um7489keat0wn42pb4ore19fpw7x','ZWY5NTQ4NDgyNWZiMDYwNDBhMmJlMjlhOGZjZGE3MDA4YTc5OWMyMDp7Il9hdXRoX3VzZXJfaWQiOiI2IiwiX2F1dGhfdXNlcl9iYWNrZW5kIjoiZGphbmdvLmNvbnRyaWIuYXV0aC5iYWNrZW5kcy5Nb2RlbEJhY2tlbmQiLCJfYXV0aF91c2VyX2hhc2giOiI3ZjNlYzc0YWY1MWRjNWRjZmFmZTJiMjFkMzYwZGE2Y2Q2YWE1ZTIwIn0=','2020-04-29 22:15:15.486029'),('j5s81j0nk32ye6g974ap7683ki39ppex','.eJxVjMsOwiAQRf-FtSFIB4a6dN9vIDxmpGogKe3K-O_apAvd3nPOfQkftrX4rdPi5ywuApw4_Y4xpAfVneR7qLcmU6vrMke5K_KgXU4t0_N6uH8HJfTyrZM961FFZMMKUGurOGRG5AEdjRC0U6QdDZEs0ECsTTIWTaSUExgF4v0BAvU4Gg:1pkEpD:CAokCEKjYgJc80IRr6lAYMglTcl0vaQzd6igNYmp1Ac','2023-04-20 09:54:07.627180'),('jifzqmg36f99478qd33lq2c1c3s9xahe','.eJxVjM0OwiAQhN-FsyGwtvx49O4zkGUXpGogKe3J-O62SQ96m8z3zbxFwHUpYe1pDhOLi9BGidNvG5Geqe6IH1jvTVKryzxFuSvyoF3eGqfX9XD_Dgr2sq29HjwxZLZovCOlSY95i-CNYmB0FsDZUQ3ROY8526yNP5OhaNkxgvh8ASCKOCY:1pn6rQ:gsBhsccd5-sYcSEHBM3kU_kGVUFo40YWcUXfM83lXXg','2023-04-28 08:00:16.339803'),('jv2xcfmu43hzfw5rqix275gn6bqjamtf','.eJxVjEsOwjAMBe-SNYqSOG4DS_acobJjhxRQK_WzQtydVuoCtm9m3tt0tC61W2edul7MxXj05vS7MuWnDjuSBw330eZxWKae7a7Yg872Noq-rof7d1BprlvtWAO0BTArJIiRgH2GVNCxC774lBoR77ApDFhKPFMUDIrcyhYKmc8XIhU4Vw:1pn6vM:4fZeOL6sMbdcgkUsDrIF28d3r6CBMB-PlR8HkFb_2RE','2023-04-28 08:04:20.724560'),('jwlqhd07yvkr6kuchrddonk3s4kejh5e','.eJxVjMEOwiAQRP-FsyEgUBeP3vsNZNmlUjWQlPZk_Hdp0oMmkznMm5m3CLitOWwtLWFmcRVenH6ziPRMZQf8wHKvkmpZlznKvSIP2uRYOb1uR_fvIGPLfa2cTV2TAw2kJjZMEQEs6svQXyI6GgyB8hTh7COzMc57ZTR0t8qLzxf29jey:1kwFSh:qhIaDlntDbA_ui1JsmdDUBra2JvXY0yxZam2rkBhw14','2021-01-18 10:19:11.567088'),('l30a01whahroqjpo077g8bta5umtcf96','.eJxVjMsOwiAQRf-FtSE8ChSX7v0GMjMMUjU0Ke3K-O_apAvd3nPOfYkE21rT1nlJUxZn4bU4_Y4I9OC2k3yHdpslzW1dJpS7Ig_a5XXO_Lwc7t9BhV6_NQzOgXMRYFDGBibONkCJxEiWbUTlVAxlLEQeWLExEDX60WkTMFor3h8gtzhl:1pn6jT:wJpJzZ_cgIN6jUowJms89RhDQiC1xQRpxIfBeKvUGhU','2023-04-28 07:52:03.610572'),('lfnw7yc77c51rtvwbw5xb8tf1qvqc348','.eJxVjMEOwiAQRP-FsyEgUBeP3vsNZNmlUjWQlPZk_Hdp0oMmkznMm5m3CLitOWwtLWFmcRVenH6ziPRMZQf8wHKvkmpZlznKvSIP2uRYOb1uR_fvIGPLfa2cTV2TAw2kJjZMEQEs6svQXyI6GgyB8hTh7COzMc57ZTR0t8qLzxf29jey:1m7fyr:vW25_lsmSoyqZmpZ9qobCjpBV3DhF356HvT_KqvgxgM','2021-08-08 23:23:53.002296'),('ljefsq4yrz0jozxm5xdnnwmrn5xq1ylg','.eJxVjMsOwiAQRf-FtSEDlGlx6d5vIDM8pGogKe3K-O_apAvd3nPOfQlP21r81tPi5yjOwqI4_Y5M4ZHqTuKd6q3J0Oq6zCx3RR60y2uL6Xk53L-DQr1866wtERntEFENeXRsQrJmIsiojVYRlbPIZjIRWLFL7GAkgEBBDTaBeH8A9-Q3kw:1pmnaJ:bUxjylx_I_-37oGhM_8zjOGjpSdFQWZg5dhPcVxUe-M','2023-04-27 11:25:19.241625'),('lvhsclfyaf5w0hqmf8trw5rw7u9bfx2m','.eJxVjMsOwiAUBf-FtSFQyqMu3fsNhPtAqgaS0q6M_65NutDtmZnzEjFta4lb5yXOJM5Cj5M4_a6Q8MF1R3RP9dYktrouM8hdkQft8tqIn5fD_TsoqZdvDTZwMtZ671C5YRy0DoDgc86ULQZjPHBmYmSvmbRhIEeo2E2gLGfx_gBNFTnI:1pn7B7:IUNR6aL4YwdsCXyPtL9uyOybMyNuH0prXabVL4sae3A','2023-04-28 08:20:37.826828'),('mb43m678gya5be2qiovq7gozzry16b2p','ZjNiZmNiYzAxOWZkNzdhZDk1MmYyOGQzOWQ3ZmJiOWNmZDg0OWQ4Yzp7Il9hdXRoX3VzZXJfaWQiOiIxIiwiX2F1dGhfdXNlcl9iYWNrZW5kIjoiZGphbmdvLmNvbnRyaWIuYXV0aC5iYWNrZW5kcy5Nb2RlbEJhY2tlbmQiLCJfYXV0aF91c2VyX2hhc2giOiIzNmUyY2NmMjJlOTE1MDBkZTdmNmRjY2QyMWM5Y2Q4NTliMjI3YTIwIn0=','2020-03-16 16:18:44.410010'),('mdtrzyamumy1o2bvl5zlb16qiijy98pg','.eJxVjMsOwiAQRf-FtSHyZly67zeQYQCpGkhKuzL-uzbpQrf3nHNfLOC21rCNvIQ5sQsTWrPT7xqRHrntKN2x3Tqn3tZljnxX-EEHn3rKz-vh_h1UHPVbmxSdJ_JFgoaCzkDEdDZE2QtyVoABTzpaUEkh5egRnAQoIC2Qcoa9P0RTOHM:1pn6zl:cSkLONkzb66gBGyAV6uC0VNV0l7il9GRTDCuXeW937w','2023-04-28 08:08:53.866541'),('mggmzfjyy58cm334ch9ubs34xl7prbio','NjZiYTM5NzNiNDUwNzk4NDgyMWRjZTBhNzliZDQ3N2RlZmU4ZTViNDp7Il9hdXRoX3VzZXJfaWQiOiIxIiwiX2F1dGhfdXNlcl9iYWNrZW5kIjoiZGphbmdvLmNvbnRyaWIuYXV0aC5iYWNrZW5kcy5Nb2RlbEJhY2tlbmQiLCJfYXV0aF91c2VyX2hhc2giOiJmY2RiNzE3NTNiZmE1OGEyYTVjYjBlYTZkMWIzYmE4NjM5ODgxNjMxIn0=','2020-03-18 20:24:33.063765'),('mxtihxqyg0bk9i4palthqqqh21iutepd','.eJxVjEEOwiAQRe_C2pDO0NLi0r1nIDMwSNVAUtqV8e7apAvd_vfefylP25r91mTxc1RnZaw6_Y5M4SFlJ_FO5VZ1qGVdZta7og_a9LVGeV4O9-8gU8vfmvpExo5I0TAHGACmaF0_GRehQ5LJCUjqAo4GHKKz3ZBGYYQhMWMI6v0BBLw3-w:1nH5Qv:3ZRk0Ngcuyzj6bV5M8T8b2Ba-esQnLGJ7uWLFWybCwA','2022-02-21 22:56:01.359598'),('n0y4i7e15tbz8xplh4a5g56llhhnl00m','.eJxVjMEOwiAQRP-FsyFLKMJ69O43kAUWqRpISnsy_rs06UEPk0zmzcxbeNrW4rfOi5-TuAgjTr9ZoPjkuoP0oHpvMra6LnOQe0UetMtbS_y6Ht2_g0K9jHWEM2sAZM7oMiNaIONIZ4cMIdnIwzqDaihpZ3SYGLIzGVXQVk3i8wXrTzen:1kzKsp:_89Na2sp1QZSfZ5t4e9JIFBPH1UFlMre163wfeoY12E','2021-01-26 22:42:55.129833'),('nabun9yq5v1b14pb8c7lsofkfk7100eg','ZjNiZmNiYzAxOWZkNzdhZDk1MmYyOGQzOWQ3ZmJiOWNmZDg0OWQ4Yzp7Il9hdXRoX3VzZXJfaWQiOiIxIiwiX2F1dGhfdXNlcl9iYWNrZW5kIjoiZGphbmdvLmNvbnRyaWIuYXV0aC5iYWNrZW5kcy5Nb2RlbEJhY2tlbmQiLCJfYXV0aF91c2VyX2hhc2giOiIzNmUyY2NmMjJlOTE1MDBkZTdmNmRjY2QyMWM5Y2Q4NTliMjI3YTIwIn0=','2020-03-17 20:36:56.194636'),('nq3g2piriyat3nk9y6c2j8uga8yfc7fg','.eJxVjEEOwiAQRe_C2hCgTGlduvcMzcwwSNVAUtqV8e7apAvd_vfef6kJtzVPW5NlmqM6KxucOv2uhPyQsqN4x3KrmmtZl5n0ruiDNn2tUZ6Xw_07yNjyt-6JIXUdowvG2JgChsEQ-ig-MRocEAWBINHoE7hALozWgIDnxNKLen8AVhE5eQ:1pn6vL:U8nhYWgnPWSfvuZ3MeE7n86BUmbxs3vpGDTUy65TsEQ','2023-04-28 08:04:19.927182'),('ntcnnylfyvp3bzj5ydcg1y2g4e2br5dr','.eJxVjEsOgjAUAO_StWns50Hr0j1nIH0fLGrahMLKeHclYaHbmcm81Ji2NY9bk2WcWV2Ud-r0CzHRQ8pu-J7KrWqqZV1m1HuiD9v0UFme16P9G-TU8v7tg3gECkbAdgYiOAjOgMOpj574bCfP7C2FIIYFuQOMX5l6IEPSqfcH7ok4GQ:1phtyX:vHXK28Agmbn-f0kI4nV5LX05ynn5m094vvGpk3o4iMk','2023-04-13 23:14:05.017938'),('o3q102pbgi2ftp8s8piqvih8a215xcx7','.eJxVjMsOwiAQRf-FtSEMj0JduvcbmmEGpGogKe3K-O_apAvd3nPOfYkJt7VMW0_LNLM4CxiCOP2uEemR6o74jvXWJLW6LnOUuyIP2uW1cXpeDvfvoGAv3zpRGC3lEY3RpC3A4B1oT155UIjODDFxiuxcRJttVCZksMYRZG8Vs3h_ACaaOCo:1pmyrD:4QuR2pJuUx8ggwhOogNp3a6yI1aU_02-BlPxkz1-bwU','2023-04-27 23:27:31.403196'),('oehzrfe12nddpecnng35jixxaynbn6nq','.eJxVjEEOwiAQRe_C2pDO0NLi0r1nIDMwSNVAUtqV8e7apAvd_vfefylP25r91mTxc1RnZaw6_Y5M4SFlJ_FO5VZ1qGVdZta7og_a9LVGeV4O9-8gU8vfmvpExo5I0TAHGACmaF0_GRehQ5LJCUjqAo4GHKKz3ZBGYYQhMWMI6v0BBLw3-w:1nY99V:b0JA9B6f3Pa-PLKMBwdT8qW2cKPmOOSXGe8i_iNkiik','2022-04-10 00:20:33.308208'),('q08qu2sogktht9fb4wg0jnlwozav8ul2','.eJxVjMEOwiAQRP-FsyFLKMJ69O43kAUWqRpISnsy_rs06UEPk0zmzcxbeNrW4rfOi5-TuAgjTr9ZoPjkuoP0oHpvMra6LnOQe0UetMtbS_y6Ht2_g0K9jHWEM2sAZM7oMiNaIONIZ4cMIdnIwzqDaihpZ3SYGLIzGVXQVk3i8wXrTzen:1l6QK7:K5xwM94dthWy2p7Pu-YxYuIsHea1mPcTE7J5QgyNE0I','2021-02-15 11:56:23.174543'),('q4pcjghohotjfli31pb9h8k728dp6adl','.eJxVjMEOwiAQRP-FsyFLKMJ69O43kAUWqRpISnsy_rs06UEPk0zmzcxbeNrW4rfOi5-TuAgjTr9ZoPjkuoP0oHpvMra6LnOQe0UetMtbS_y6Ht2_g0K9jHWEM2sAZM7oMiNaIONIZ4cMIdnIwzqDaihpZ3SYGLIzGVXQVk3i8wXrTzen:1lE17X:NBwqsf28PwI3FW3K-eqxgM8glCVZKEPVZVBdCW82kUQ','2021-03-08 10:38:47.763456'),('qd8ir1ggzn0gsviulku0ja6fhun4ruz0','NjZiYTM5NzNiNDUwNzk4NDgyMWRjZTBhNzliZDQ3N2RlZmU4ZTViNDp7Il9hdXRoX3VzZXJfaWQiOiIxIiwiX2F1dGhfdXNlcl9iYWNrZW5kIjoiZGphbmdvLmNvbnRyaWIuYXV0aC5iYWNrZW5kcy5Nb2RlbEJhY2tlbmQiLCJfYXV0aF91c2VyX2hhc2giOiJmY2RiNzE3NTNiZmE1OGEyYTVjYjBlYTZkMWIzYmE4NjM5ODgxNjMxIn0=','2020-03-18 20:13:43.094693'),('qkmzn0yze2h929ui10n6e1hp4url7o0x','.eJxVjMEOwiAQRP-FsyFLKMJ69O43kAUWqRpISnsy_rs06UEPk0zmzcxbeNrW4rfOi5-TuAgjTr9ZoPjkuoP0oHpvMra6LnOQe0UetMtbS_y6Ht2_g0K9jHWEM2sAZM7oMiNaIONIZ4cMIdnIwzqDaihpZ3SYGLIzGVXQVk3i8wXrTzen:1lE4Y8:BdIN9fD7wFEx1d6xRxKwCah15TNUJMET0euuw6iqIWo','2021-03-08 14:18:28.753648'),('qm9jdxcq2zazh2js7dhewu5lat4zomfw','.eJxVjMsOwiAQRf-FtSHlDS7d-w1kYBipGkhKuzL-uzbpQrf3nHNfLMK21riNssQZ2ZkZyU6_Y4L8KG0neId26zz3ti5z4rvCDzr4tWN5Xg7376DCqN-anJPKToS-TDZJnTQiEQStrRRCuZxJFuGsSBIdeBEskSnWGSVMguDZ-wMI1Dfm:1pkF2v:igD_7RyY0Oo34GQpz979HKGQXUPdSCsUzQl3HxPw4IA','2023-04-20 10:08:17.360761'),('qynka526pfxueztffw94niyc4t8c7ue7','.eJxVjDsOwjAQBe_iGllx_FtT0nMGa9f24gBypDipEHeHSCmgfTPzXiLitta49bLEKYuzsEqcfkfC9ChtJ_mO7TbLNLd1mUjuijxol9c5l-flcP8OKvb6rR17T6MGZVL2QEGrUiDlIbF1HNB4CgYDKHCs0WtLgx0psGFmBMtavD8L5Thd:1pkF0M:LLJV91O9_G5123BOkIjUULYu5yR-R-rNxyfffGM5kEw','2023-04-20 10:05:38.530838'),('ravwtqymw5g4c7fskr331a86ked5dgl9','.eJxVjEEOwiAQRe_C2pDO0NLi0r1nIDMwSNVAUtqV8e7apAvd_vfefylP25r91mTxc1RnZaw6_Y5M4SFlJ_FO5VZ1qGVdZta7og_a9LVGeV4O9-8gU8vfmvpExo5I0TAHGACmaF0_GRehQ5LJCUjqAo4GHKKz3ZBGYYQhMWMI6v0BBLw3-w:1miSrN:_IGNDyq_2jOyJz_O9uynPY7b-hEfwd4JjGraJDPj_MQ','2021-11-18 10:52:13.531641'),('rbal6psg5qatn4blsakknlev5bji25b7','.eJxVjMEOwiAQRP-FsyFLKMJ69O43kAUWqRpISnsy_rs06UEPk0zmzcxbeNrW4rfOi5-TuAgjTr9ZoPjkuoP0oHpvMra6LnOQe0UetMtbS_y6Ht2_g0K9jHWEM2sAZM7oMiNaIONIZ4cMIdnIwzqDaihpZ3SYGLIzGVXQVk3i8wXrTzen:1l1Kt4:FjBpsrLCDBG67jp21z5ZIAhQwFfLckQOQqdwBF6iqV4','2021-02-01 11:07:26.585141'),('ro9wsvqvv5uw4rzt757n0na3rgfnx39n','.eJxVjMEOwiAQRP-FsyFLKMJ69O43kAUWqRpISnsy_rs06UEPk0zmzcxbeNrW4rfOi5-TuAgjTr9ZoPjkuoP0oHpvMra6LnOQe0UetMtbS_y6Ht2_g0K9jHWEM2sAZM7oMiNaIONIZ4cMIdnIwzqDaihpZ3SYGLIzGVXQVk3i8wXrTzen:1ku9oD:tDPZ48udTwGyhs7kr--elTc5Mm9vyTXyqVNjCizPMr8','2021-01-12 15:52:45.519477'),('s6ryxcwma6xjnzc53u8y6y9uah3gnzij','.eJxVjDsOwyAQRO9CHSG-2iVl-pwBAQvBSYQlY1dW7h4suUiKad68mZ35sK3Vbz0vfiJ2Zdaxyy-MIb1yOxp6hvaYeZrbukyRHwo_287vM-X37XT_DmrodawjpGTIkjAyQ9AIDgdyygLpgo5EztpaxBGRjNBKQFGyGBnl4IDs8wUBNDcD:1pmy3T:9o3g5nzmK94RP2-WhGxiLGXaSLUV9PgvOfF1VvYz-m8','2023-04-27 22:36:07.572869'),('sqm4x04qau4aks7hnkgyu5kq5warkp11','.eJxVjL0OwyAQg9-FuUIRP-HSsXufAd1xUNJWIIVkivruDVKGVl4sf7Z34XFbs99aXPzM4ipGJS6_IWF4xdIJP7E8qgy1rMtMslfkSZu8V47v29n9O8jY8rHWRCk5NTiARGy0MsGBPpxiZ3EKNmidYDJIJvaMQAemLguDgVF8vhxXOKU:1pmEuA:MKQ4cMjZPGmRaYBYG1vlKPCKwl3f59HrRNIPLsLLlPw','2023-04-25 22:23:30.634346'),('sv76jz2d1x2miehd524x0w6gik36ftq1','.eJxVjMEOwiAQRP-FsyFLKMJ69O43kAUWqRpISnsy_rs06UEPk0zmzcxbeNrW4rfOi5-TuAgjTr9ZoPjkuoP0oHpvMra6LnOQe0UetMtbS_y6Ht2_g0K9jHWEM2sAZM7oMiNaIONIZ4cMIdnIwzqDaihpZ3SYGLIzGVXQVk3i8wXrTzen:1kVEAM:L6XrGV6xNih2gzib5T-gCgQkd-VeHKXX2wfyEPHUuhQ','2020-11-04 21:28:34.013310'),('t2amw8ne9y6ezponpr05rfj4zofxvwhn','.eJxVjMsOwiAQRf-FtSHyZly67zeQYQCpGkhKuzL-uzbpQrf3nHNfLOC21rCNvIQ5sQsTWrPT7xqRHrntKN2x3Tqn3tZljnxX-EEHn3rKz-vh_h1UHPVbmxSdJ_JFgoaCzkDEdDZE2QtyVoABTzpaUEkh5egRnAQoIC2Qcoa9P0RTOHM:1pmyha:_DBJ_P3qYSfU-pLapcCgvCGJUduXHCTikaekh4a8J6g','2023-04-27 23:17:34.968016'),('tb7o27ebvd327ava1hlzj9decv9a4bem','.eJxVjDsOwjAQBe_iGlnrT_yhpM8ZrPXawQFkS3FSIe5OIqWAdmbee7OA21rC1vMS5sSuTGjBLr80Ij1zPVR6YL03Tq2uyxz5kfDTdj62lF-3s_07KNjLvrYughE-TeRdAhwAMgHIaDSRVtPgVZQOwO4kG-1lktoJq0ChAEvGss8XEww3BQ:1pn6wP:qp_55AtxM2eFZ8wAHNMqGunHqU4tnMQqpe6bZO6l9dA','2023-04-28 08:05:25.337530'),('tcvqk2gx6h4hem5e9zvetchi5s5r8lrc','OTEwOTA3ODQzOWFiM2QwZGRkMDUwN2Q0YWMwNjM5NTU0MDkyZTExYzp7Il9hdXRoX3VzZXJfaWQiOiIxIiwiX2F1dGhfdXNlcl9iYWNrZW5kIjoiZGphbmdvLmNvbnRyaWIuYXV0aC5iYWNrZW5kcy5Nb2RlbEJhY2tlbmQiLCJfYXV0aF91c2VyX2hhc2giOiIwYjU1ZGY4ZjdlMzhiNjRkMDVkM2M4MTMyZDZlODRiZTVkMTAyYWFmIn0=','2020-04-24 08:12:23.224556'),('tdmp4904rek1sidppitdx7np5khk8jlf','.eJxVjEEOwiAQRe_C2pDO0NLi0r1nIDMwSNVAUtqV8e7apAvd_vfefylP25r91mTxc1RnZaw6_Y5M4SFlJ_FO5VZ1qGVdZta7og_a9LVGeV4O9-8gU8vfmvpExo5I0TAHGACmaF0_GRehQ5LJCUjqAo4GHKKz3ZBGYYQhMWMI6v0BBLw3-w:1nqn9k:OrYi-TuSZFUNdJdfI3XI4rAl-dNUQrXbT2RuOf4WOmo','2022-05-31 10:41:52.107178'),('tu2vzi0t506rltva3xlo9jq7rfmmzfdd','.eJxVjDsOwjAQBe_iGllrJ_5R0nMGa9dr4wBypDipEHeHSCmgfTPzXiLitta49bzEicVZGCdOvyNheuS2E75ju80yzW1dJpK7Ig_a5XXm_Lwc7t9BxV6_NVIxmLW3bAM5XSwkIBh9zqmQURaVAzSF2fowAKgUWBVHRGYYAXQS7w8qnziF:1pmnhO:TI7ATjI4q4V0UZF8rboaxXFEdw5VjeO1e_G1gckRRwE','2023-04-27 11:32:38.546767'),('v829p49eq1fotkzwf19hc7iv411v7el5','OTEwOTA3ODQzOWFiM2QwZGRkMDUwN2Q0YWMwNjM5NTU0MDkyZTExYzp7Il9hdXRoX3VzZXJfaWQiOiIxIiwiX2F1dGhfdXNlcl9iYWNrZW5kIjoiZGphbmdvLmNvbnRyaWIuYXV0aC5iYWNrZW5kcy5Nb2RlbEJhY2tlbmQiLCJfYXV0aF91c2VyX2hhc2giOiIwYjU1ZGY4ZjdlMzhiNjRkMDVkM2M4MTMyZDZlODRiZTVkMTAyYWFmIn0=','2020-05-05 20:57:56.513253'),('vcdltnut7vtqjqg2getb1mu4h21gpwsb','.eJxVjMEOwiAQRP-FsyEgUBeP3vsNZNmlUjWQlPZk_Hdp0oMmkznMm5m3CLitOWwtLWFmcRVenH6ziPRMZQf8wHKvkmpZlznKvSIP2uRYOb1uR_fvIGPLfa2cTV2TAw2kJjZMEQEs6svQXyI6GgyB8hTh7COzMc57ZTR0t8qLzxf29jey:1kjcIS:xgqpb5dZh0I2UMePUMidMfbJDwsMgh5shlcilvmpdI0','2020-12-14 14:04:24.028053'),('vem2uskxx9pq29h9b028274cg3mkrtfp','.eJxVjEEOgjAQRe_StWlmWijUpXvP0Mx0poIaSCisjHdXEha6_e-9_zKJtnVIW9UljWLOxpnT78aUHzrtQO403Wab52ldRra7Yg9a7XUWfV4O9-9goDp8ax9iEyMIopPcspNGfQkK3GPBANlDyz4rSMAukAOKXV8AmJseSUHN-wPMczeF:1kjZyk:6zz_w5VYV7N9IqfHV82Q6e3G-QRynH40ugQDJf6zzLE','2020-12-14 11:35:54.693134'),('vtz5g35mb91qt5851j5uohyp9uysm5um','.eJxVjMsOwiAURP-FtSG8Hy7d9xvIBS5SNZCUdmX8d9ukC91N5pyZNwmwrTVsA5cwZ3IlXDFy-W0jpCe2A-UHtHunqbd1mSM9FHrSQaee8XU73b-DCqPua8OL0CA8i6l4D8Zy5ICKITdKa--d1cYUj-jQRZYl27OSGYy0RaQYyecLHu84Tw:1pn6yD:obD1RTFVHuUAFr6yZNOlHwYBuN7lCLrfjQEyDAw3Vro','2023-04-28 08:07:17.735038'),('vyipd4k8d724uvha8cnp23fxl1echy85','.eJxVjEsOwjAMBe-SNYrq4kQOS_acIbJjlxRQK_Wzqrg7VOoCtm9m3uYyr0vN62xT7tVdHLbu9DsKl6cNO9EHD_fRl3FYpl78rviDzv42qr2uh_t3UHmu37qDlIIpNW2AQBajQiMBAwujJClFqEHppChxiIBEoIQRoIihxbN7fwAJjTg0:1phtc0:0iJop4SuPLhkje27QokYzwOajRV09tBXqiedlOKoQdc','2023-04-13 22:50:48.323538'),('w19dz1y50fbeco5yer33utxkd2t189dl','.eJxVjLsOAiEUBf-F2pAFAuFa2vsN5L6UVQPJPqqN_66bbKHtmZmzmYLrUss661RGMWfjIpjT70rIT207kge2e7fc2zKNZHfFHnS21y76uhzu30HFuX5rJI6eONAgKAE8ZM0uh3wbCEEoC8SkREk5eaeJVBI7Vsg-hgjJmfcHXSA5Cw:1pn78Q:BVsWw8IXXW_pXJmb6vV-qFm2si2fxlSALwyThf0rTe4','2023-04-28 08:17:50.857408'),('w79f4ud438o3ozoc6zvno74jbn2e45mu','.eJxVjEEOwiAQRe_C2pDO0NLi0r1nIDMwSNVAUtqV8e7apAvd_vfefylP25r91mTxc1RnZaw6_Y5M4SFlJ_FO5VZ1qGVdZta7og_a9LVGeV4O9-8gU8vfmvpExo5I0TAHGACmaF0_GRehQ5LJCUjqAo4GHKKz3ZBGYYQhMWMI6v0BBLw3-w:1nlYP2:Q1jfus9XgtmtcyVGyL4n3b5vl2NMSdkv2gfvjUzvAOA','2022-05-16 23:56:00.015274'),('x5uet8k3g4vnjgu5g95uo37s24jaz5uh','.eJxVjDsOAiEUAO9CbcjjD5b2ewYCPJBVA8myWxnvbki20HZmMm_iw7FXf4y8-RXJlSggl18YQ3rmNg0-Qrt3mnrbtzXSmdDTDrp0zK_b2f4Nahh1fqNVKDhDFXQSJWnNDXCJ1soSlHNWSBYVL5BAgIkgDQLLkhknWSmoyecL6Bg3Eg:1pkFmi:lPN4fxdOIEtA8GR-kCHxO5SgEN0wKoraa6UdB_NfqcM','2023-04-20 10:55:36.026927'),('xh4aa1ei62y8dlqt76usgkkkyt6z0ubv','.eJxVjDsOwyAQRO9CHSHWYD4p0_sMCNglOImwZOwqyt2DJRdJN5r3Zt7Mh30rfm-0-hnZlYET7PLbxpCeVA-Ej1DvC09L3dY58kPhJ218WpBet9P9Oyihlb4WCbQGB4NJdqRMCBooDRZNNlFiT-BGIKFCBgExKWGclLYrKElpxT5fICg30w:1pn710:_4Z2hOQb9_DICMJd0zyUmOSDU_f_Tf6_bN0jWeZb1Dk','2023-04-28 08:10:10.946546'),('xla6wid9cvvn9cluh3i1v4b7uwdweveb','.eJxVjDEOAiEQRe9CbQg4KGBp7xnIDAyyaiBZdivj3V2SLfSX_728twi4LiWsnecwJXERGqw4_L6E8cl1oPTAem8ytrrME8mhyJ12eWuJX9fd_QsU7GWEs41ExhmFjlDDyaRjRkpg8zb02pnMpDIyWvCW2QPwmR0ntTG04vMFYgg5mQ:1pn6xF:OhJfLD20NsNMlbfFvn3e-VFqhUQEzgJ-hG4eLCBabSc','2023-04-28 08:06:17.537344'),('xpk7bgwn0hks5qs30zw14p6nqz9mrfwf','.eJxVjMsOwiAQRf-FtSE8ChSX7v0GMjMMUjU0Ke3K-O_apAvd3nPOfYkE21rT1nlJUxZn4bU4_Y4I9OC2k3yHdpslzW1dJpS7Ig_a5XXO_Lwc7t9BhV6_NQzOgXMRYFDGBibONkCJxEiWbUTlVAxlLEQeWLExEDX60WkTMFor3h8gtzhl:1pmQVa:qMXzjCqJVNGwUBevUgpqdYmKNiFuL1MvMvkPpSHRTTk','2023-04-26 10:46:54.823896'),('xx38hv1panmnw8uuqbm1i9egcw9zwv4h','.eJxVjEsOwiAUAO_C2hDKH5fuewbyeDykakpS2pXx7oakC93OTObNIhx7jUenLS6ZXdmkDbv80gT4pHWo_ID13ji2dd-WxEfCT9v53DK9bmf7N6jQ6xgjaS8TBVeUVVNRIDLkUBKCLGEiaQIKAEPGO6BgBWgUAp21vjgpNPt8AUtNOJc:1pn6z8:ctqcs_Ov9_3C3vyAhtBDausRAozqrgZCraokJQfh4XY','2023-04-28 08:08:14.614609'),('yubs6nefayz2wfof5ng1hoat6qge53kz','NjZiYTM5NzNiNDUwNzk4NDgyMWRjZTBhNzliZDQ3N2RlZmU4ZTViNDp7Il9hdXRoX3VzZXJfaWQiOiIxIiwiX2F1dGhfdXNlcl9iYWNrZW5kIjoiZGphbmdvLmNvbnRyaWIuYXV0aC5iYWNrZW5kcy5Nb2RlbEJhY2tlbmQiLCJfYXV0aF91c2VyX2hhc2giOiJmY2RiNzE3NTNiZmE1OGEyYTVjYjBlYTZkMWIzYmE4NjM5ODgxNjMxIn0=','2020-03-18 13:51:42.386922'),('yzzxks6bwx0lwnupvhe9nv5mkmtnu2f1','.eJxVjDsOwjAQBe_iGlnrZP0RJT1nsHbtNQ4gR4qTCnF3iJQC2jcz76UibWuNW5clTlmdlbGoTr8rU3pI21G-U7vNOs1tXSbWu6IP2vV1zvK8HO7fQaVev7XFMoQgPoNzdgyZICQKnkcECwYcOhJEj-K5lFxMCuwNglhxDFwG9f4AFQY4Cg:1pmyqY:wp8HXSAD9ss0Bf9r79GkD3AbD-HBObOnuB-sI_eeF_4','2023-04-27 23:26:50.176178'),('z3elbd8e2233fftjfaen22cyclpc1iu3','ZTIyY2QxNDIzNjcxMzVhYTNkMGRlMmJmZGY1YTI3OTFmMjNmNmMzYTp7Il9hdXRoX3VzZXJfaWQiOiIxIiwiX2F1dGhfdXNlcl9iYWNrZW5kIjoiZGphbmdvLmNvbnRyaWIuYXV0aC5iYWNrZW5kcy5Nb2RlbEJhY2tlbmQiLCJfYXV0aF91c2VyX2hhc2giOiIzMWQ4MzMxOGM2ZDlkODM2YzE1NTVmYmU5ZWJiZWIwODdmYTI3OWUzIn0=','2020-02-28 13:20:20.652045'),('z7ufvvkh9jn7i70fumz0jmn5j0dwpzex','.eJxVjMsOwiAQRf-FtSG8CoNL934DGRiQqoGktCvjv2uTLnR7zzn3xQJuaw3byEuYiZ2ZBMVOv2vE9MhtR3THdus89bYuc-S7wg86-LVTfl4O9--g4qjfGo1FJbM3eiJDSQIqEJCiKFjIFOfNpLR2WipLUYjiHQkLFrQwAJg0e38AIWc3eQ:1pn6zZ:M5L4-m_74NW5_2PVS9TLINRpOqCiy3FLsbvbTPakqfY','2023-04-28 08:08:41.438226'),('z9mj5fw019x0k7s895cvx4yf3b7ifdwm','.eJxVjEEOwiAQRe_C2hCHodBx6b5naIYySNVAUtqV8e7apAvd_vfef6mRtzWPW5NlnKO6KHCoTr9r4OkhZUfxzuVW9VTLusxB74o-aNNDjfK8Hu7fQeaWvzV7QDA2CkkyvbdiQMgny4CuI_AMFMhh6q1JPiQXEc-BIlpygSx16v0BFYQ3bQ:1pn6s2:U6HAd_shlPrzXPJw_WNyGP0xIhK975FmY-HGsnn2UiI','2023-04-28 08:00:54.302073'),('zyb1lquuto7icig0q8yj6dvdrm0n6i44','.eJxVjMsOwiAQRf-FtSHlDS7d-w1kYBipGkhKuzL-uzbpQrf3nHNfLMK21riNssQZ2ZkZyU6_Y4L8KG0neId26zz3ti5z4rvCDzr4tWN5Xg7376DCqN-anJPKToS-TDZJnTQiEQStrRRCuZxJFuGsSBIdeBEskSnWGSVMguDZ-wMI1Dfm:1pn6eu:fJFZG1UMZPo26o2VKbB3WNEfMNOlEsC9L8Ummjen_po','2023-04-28 07:47:20.184524');
/*!40000 ALTER TABLE `django_session` ENABLE KEYS */;
UNLOCK TABLES;
/*!40103 SET TIME_ZONE=@OLD_TIME_ZONE */;

/*!40101 SET SQL_MODE=@OLD_SQL_MODE */;
/*!40014 SET FOREIGN_KEY_CHECKS=@OLD_FOREIGN_KEY_CHECKS */;
/*!40014 SET UNIQUE_CHECKS=@OLD_UNIQUE_CHECKS */;
/*!40101 SET CHARACTER_SET_CLIENT=@OLD_CHARACTER_SET_CLIENT */;
/*!40101 SET CHARACTER_SET_RESULTS=@OLD_CHARACTER_SET_RESULTS */;
/*!40101 SET COLLATION_CONNECTION=@OLD_COLLATION_CONNECTION */;
/*!40111 SET SQL_NOTES=@OLD_SQL_NOTES */;

-- Dump completed on 2023-04-14  9:05:39
