[{"model": "contenttypes.contenttype", "pk": 1, "fields": {"app_label": "admin", "model": "logentry"}}, {"model": "contenttypes.contenttype", "pk": 2, "fields": {"app_label": "auth", "model": "permission"}}, {"model": "contenttypes.contenttype", "pk": 3, "fields": {"app_label": "auth", "model": "group"}}, {"model": "contenttypes.contenttype", "pk": 4, "fields": {"app_label": "contenttypes", "model": "contenttype"}}, {"model": "contenttypes.contenttype", "pk": 5, "fields": {"app_label": "sessions", "model": "session"}}, {"model": "contenttypes.contenttype", "pk": 6, "fields": {"app_label": "alcpt", "model": "user"}}, {"model": "contenttypes.contenttype", "pk": 7, "fields": {"app_label": "alcpt", "model": "answersheet"}}, {"model": "contenttypes.contenttype", "pk": 8, "fields": {"app_label": "alcpt", "model": "department"}}, {"model": "contenttypes.contenttype", "pk": 9, "fields": {"app_label": "alcpt", "model": "exam"}}, {"model": "contenttypes.contenttype", "pk": 10, "fields": {"app_label": "alcpt", "model": "group"}}, {"model": "contenttypes.contenttype", "pk": 11, "fields": {"app_label": "alcpt", "model": "proclamation"}}, {"model": "contenttypes.contenttype", "pk": 12, "fields": {"app_label": "alcpt", "model": "question"}}, {"model": "contenttypes.contenttype", "pk": 13, "fields": {"app_label": "alcpt", "model": "squadron"}}, {"model": "contenttypes.contenttype", "pk": 14, "fields": {"app_label": "alcpt", "model": "student"}}, {"model": "contenttypes.contenttype", "pk": 15, "fields": {"app_label": "alcpt", "model": "testpaper"}}, {"model": "sessions.session", "pk": "3yzmrl3s5mncb5i29ijd3zf92n05tlqw", "fields": {"session_data": "OTE2MWQwYzBlMWUxZGE5ZDc5OWM3OWIyYzY5NTdkZGYxODY5YzkyODp7Il9hdXRoX3VzZXJfaWQiOiIxIiwiX2F1dGhfdXNlcl9iYWNrZW5kIjoiZGphbmdvLmNvbnRyaWIuYXV0aC5iYWNrZW5kcy5Nb2RlbEJhY2tlbmQiLCJfYXV0aF91c2VyX2hhc2giOiIyYTNmZGQ2MGExZmFiNjBlNGYyNGYzNzhmZGMwMDA1MDE1YTZiNWQ5In0=", "expire_date": "2019-10-14T14:25:41.368Z"}}, {"model": "sessions.session", "pk": "4gw5u2f4gxiwgqply3htv8klpvsdfbbx", "fields": {"session_data": "OTE2MWQwYzBlMWUxZGE5ZDc5OWM3OWIyYzY5NTdkZGYxODY5YzkyODp7Il9hdXRoX3VzZXJfaWQiOiIxIiwiX2F1dGhfdXNlcl9iYWNrZW5kIjoiZGphbmdvLmNvbnRyaWIuYXV0aC5iYWNrZW5kcy5Nb2RlbEJhY2tlbmQiLCJfYXV0aF91c2VyX2hhc2giOiIyYTNmZGQ2MGExZmFiNjBlNGYyNGYzNzhmZGMwMDA1MDE1YTZiNWQ5In0=", "expire_date": "2019-10-22T03:36:15.395Z"}}, {"model": "sessions.session", "pk": "4o3vx4yni3kftfcewz504dfxehyk1pb3", "fields": {"session_data": "OTE2MWQwYzBlMWUxZGE5ZDc5OWM3OWIyYzY5NTdkZGYxODY5YzkyODp7Il9hdXRoX3VzZXJfaWQiOiIxIiwiX2F1dGhfdXNlcl9iYWNrZW5kIjoiZGphbmdvLmNvbnRyaWIuYXV0aC5iYWNrZW5kcy5Nb2RlbEJhY2tlbmQiLCJfYXV0aF91c2VyX2hhc2giOiIyYTNmZGQ2MGExZmFiNjBlNGYyNGYzNzhmZGMwMDA1MDE1YTZiNWQ5In0=", "expire_date": "2019-10-29T12:45:07.656Z"}}, {"model": "sessions.session", "pk": "75o7gadxl5zf473l8nbeiu32znd9o68b", "fields": {"session_data": "OTE2MWQwYzBlMWUxZGE5ZDc5OWM3OWIyYzY5NTdkZGYxODY5YzkyODp7Il9hdXRoX3VzZXJfaWQiOiIxIiwiX2F1dGhfdXNlcl9iYWNrZW5kIjoiZGphbmdvLmNvbnRyaWIuYXV0aC5iYWNrZW5kcy5Nb2RlbEJhY2tlbmQiLCJfYXV0aF91c2VyX2hhc2giOiIyYTNmZGQ2MGExZmFiNjBlNGYyNGYzNzhmZGMwMDA1MDE1YTZiNWQ5In0=", "expire_date": "2019-11-06T15:37:15.534Z"}}, {"model": "sessions.session", "pk": "8eu2bd77gsu03fxjw52aqw7hi88t4cld", "fields": {"session_data": "OTE2MWQwYzBlMWUxZGE5ZDc5OWM3OWIyYzY5NTdkZGYxODY5YzkyODp7Il9hdXRoX3VzZXJfaWQiOiIxIiwiX2F1dGhfdXNlcl9iYWNrZW5kIjoiZGphbmdvLmNvbnRyaWIuYXV0aC5iYWNrZW5kcy5Nb2RlbEJhY2tlbmQiLCJfYXV0aF91c2VyX2hhc2giOiIyYTNmZGQ2MGExZmFiNjBlNGYyNGYzNzhmZGMwMDA1MDE1YTZiNWQ5In0=", "expire_date": "2019-10-30T15:27:56.648Z"}}, {"model": "sessions.session", "pk": "92pzctheyedb1qwb9zys8t54bj615y4r", "fields": {"session_data": "OTE2MWQwYzBlMWUxZGE5ZDc5OWM3OWIyYzY5NTdkZGYxODY5YzkyODp7Il9hdXRoX3VzZXJfaWQiOiIxIiwiX2F1dGhfdXNlcl9iYWNrZW5kIjoiZGphbmdvLmNvbnRyaWIuYXV0aC5iYWNrZW5kcy5Nb2RlbEJhY2tlbmQiLCJfYXV0aF91c2VyX2hhc2giOiIyYTNmZGQ2MGExZmFiNjBlNGYyNGYzNzhmZGMwMDA1MDE1YTZiNWQ5In0=", "expire_date": "2019-10-27T08:56:57.143Z"}}, {"model": "sessions.session", "pk": "a67wqw74udtv12fpgafi7ch66cxogxr9", "fields": {"session_data": "OTE2MWQwYzBlMWUxZGE5ZDc5OWM3OWIyYzY5NTdkZGYxODY5YzkyODp7Il9hdXRoX3VzZXJfaWQiOiIxIiwiX2F1dGhfdXNlcl9iYWNrZW5kIjoiZGphbmdvLmNvbnRyaWIuYXV0aC5iYWNrZW5kcy5Nb2RlbEJhY2tlbmQiLCJfYXV0aF91c2VyX2hhc2giOiIyYTNmZGQ2MGExZmFiNjBlNGYyNGYzNzhmZGMwMDA1MDE1YTZiNWQ5In0=", "expire_date": "2019-10-28T15:17:52.359Z"}}, {"model": "sessions.session", "pk": "agjyl61alvsk0m57y9t982jndg8e69dr", "fields": {"session_data": "OTE2MWQwYzBlMWUxZGE5ZDc5OWM3OWIyYzY5NTdkZGYxODY5YzkyODp7Il9hdXRoX3VzZXJfaWQiOiIxIiwiX2F1dGhfdXNlcl9iYWNrZW5kIjoiZGphbmdvLmNvbnRyaWIuYXV0aC5iYWNrZW5kcy5Nb2RlbEJhY2tlbmQiLCJfYXV0aF91c2VyX2hhc2giOiIyYTNmZGQ2MGExZmFiNjBlNGYyNGYzNzhmZGMwMDA1MDE1YTZiNWQ5In0=", "expire_date": "2019-06-03T00:50:48.473Z"}}, {"model": "sessions.session", "pk": "cj9yxh4fei1ka48g9xgzpfru8cwcal7m", "fields": {"session_data": "OTE2MWQwYzBlMWUxZGE5ZDc5OWM3OWIyYzY5NTdkZGYxODY5YzkyODp7Il9hdXRoX3VzZXJfaWQiOiIxIiwiX2F1dGhfdXNlcl9iYWNrZW5kIjoiZGphbmdvLmNvbnRyaWIuYXV0aC5iYWNrZW5kcy5Nb2RlbEJhY2tlbmQiLCJfYXV0aF91c2VyX2hhc2giOiIyYTNmZGQ2MGExZmFiNjBlNGYyNGYzNzhmZGMwMDA1MDE1YTZiNWQ5In0=", "expire_date": "2019-06-03T01:58:17.383Z"}}, {"model": "sessions.session", "pk": "d12rle9u7g8aqt2h49ta1knoky3zn1fy", "fields": {"session_data": "OTE2MWQwYzBlMWUxZGE5ZDc5OWM3OWIyYzY5NTdkZGYxODY5YzkyODp7Il9hdXRoX3VzZXJfaWQiOiIxIiwiX2F1dGhfdXNlcl9iYWNrZW5kIjoiZGphbmdvLmNvbnRyaWIuYXV0aC5iYWNrZW5kcy5Nb2RlbEJhY2tlbmQiLCJfYXV0aF91c2VyX2hhc2giOiIyYTNmZGQ2MGExZmFiNjBlNGYyNGYzNzhmZGMwMDA1MDE1YTZiNWQ5In0=", "expire_date": "2019-10-16T15:37:42.952Z"}}, {"model": "sessions.session", "pk": "d2o6hzhddhtre0ui7nippn0reha9qd77", "fields": {"session_data": "OTE2MWQwYzBlMWUxZGE5ZDc5OWM3OWIyYzY5NTdkZGYxODY5YzkyODp7Il9hdXRoX3VzZXJfaWQiOiIxIiwiX2F1dGhfdXNlcl9iYWNrZW5kIjoiZGphbmdvLmNvbnRyaWIuYXV0aC5iYWNrZW5kcy5Nb2RlbEJhY2tlbmQiLCJfYXV0aF91c2VyX2hhc2giOiIyYTNmZGQ2MGExZmFiNjBlNGYyNGYzNzhmZGMwMDA1MDE1YTZiNWQ5In0=", "expire_date": "2019-10-14T16:30:57.622Z"}}, {"model": "sessions.session", "pk": "decxuih1nqfb6sif37vvt7h2nzbdu79g", "fields": {"session_data": "OTE2MWQwYzBlMWUxZGE5ZDc5OWM3OWIyYzY5NTdkZGYxODY5YzkyODp7Il9hdXRoX3VzZXJfaWQiOiIxIiwiX2F1dGhfdXNlcl9iYWNrZW5kIjoiZGphbmdvLmNvbnRyaWIuYXV0aC5iYWNrZW5kcy5Nb2RlbEJhY2tlbmQiLCJfYXV0aF91c2VyX2hhc2giOiIyYTNmZGQ2MGExZmFiNjBlNGYyNGYzNzhmZGMwMDA1MDE1YTZiNWQ5In0=", "expire_date": "2019-11-07T02:33:29.310Z"}}, {"model": "sessions.session", "pk": "ishaodik4vf3ctrjzic7l74ioa7au41a", "fields": {"session_data": "MTVlN2NhMmQ2MWY1MTVmODgyMTA4YTU5ODgwNjM2YjNjOTViMjMyYjp7Il9hdXRoX3VzZXJfaWQiOiI2IiwiX2F1dGhfdXNlcl9iYWNrZW5kIjoiZGphbmdvLmNvbnRyaWIuYXV0aC5iYWNrZW5kcy5Nb2RlbEJhY2tlbmQiLCJfYXV0aF91c2VyX2hhc2giOiJmMmQ2NTlhZTRhNWI0N2M2MGVlNmE5YTE4YmYxNjQ2ZTQyOTI1NjI4In0=", "expire_date": "2019-06-03T01:12:10.093Z"}}, {"model": "sessions.session", "pk": "l1edmm249xlmfcseh6by3uarqtxdpnre", "fields": {"session_data": "OTE2MWQwYzBlMWUxZGE5ZDc5OWM3OWIyYzY5NTdkZGYxODY5YzkyODp7Il9hdXRoX3VzZXJfaWQiOiIxIiwiX2F1dGhfdXNlcl9iYWNrZW5kIjoiZGphbmdvLmNvbnRyaWIuYXV0aC5iYWNrZW5kcy5Nb2RlbEJhY2tlbmQiLCJfYXV0aF91c2VyX2hhc2giOiIyYTNmZGQ2MGExZmFiNjBlNGYyNGYzNzhmZGMwMDA1MDE1YTZiNWQ5In0=", "expire_date": "2019-10-12T04:12:41.442Z"}}, {"model": "sessions.session", "pk": "nusytmdtlj8a42a06nbcujzqu10ukrha", "fields": {"session_data": "OTE2MWQwYzBlMWUxZGE5ZDc5OWM3OWIyYzY5NTdkZGYxODY5YzkyODp7Il9hdXRoX3VzZXJfaWQiOiIxIiwiX2F1dGhfdXNlcl9iYWNrZW5kIjoiZGphbmdvLmNvbnRyaWIuYXV0aC5iYWNrZW5kcy5Nb2RlbEJhY2tlbmQiLCJfYXV0aF91c2VyX2hhc2giOiIyYTNmZGQ2MGExZmFiNjBlNGYyNGYzNzhmZGMwMDA1MDE1YTZiNWQ5In0=", "expire_date": "2019-06-03T01:42:56.568Z"}}, {"model": "sessions.session", "pk": "oi5qxdju1gedx3nzg4cjb8g9nuf9qqrq", "fields": {"session_data": "OTE2MWQwYzBlMWUxZGE5ZDc5OWM3OWIyYzY5NTdkZGYxODY5YzkyODp7Il9hdXRoX3VzZXJfaWQiOiIxIiwiX2F1dGhfdXNlcl9iYWNrZW5kIjoiZGphbmdvLmNvbnRyaWIuYXV0aC5iYWNrZW5kcy5Nb2RlbEJhY2tlbmQiLCJfYXV0aF91c2VyX2hhc2giOiIyYTNmZGQ2MGExZmFiNjBlNGYyNGYzNzhmZGMwMDA1MDE1YTZiNWQ5In0=", "expire_date": "2019-06-03T00:50:48.057Z"}}, {"model": "sessions.session", "pk": "p7s0nf3cp386qmqgw28ym2tlsuwx25eg", "fields": {"session_data": "OTE2MWQwYzBlMWUxZGE5ZDc5OWM3OWIyYzY5NTdkZGYxODY5YzkyODp7Il9hdXRoX3VzZXJfaWQiOiIxIiwiX2F1dGhfdXNlcl9iYWNrZW5kIjoiZGphbmdvLmNvbnRyaWIuYXV0aC5iYWNrZW5kcy5Nb2RlbEJhY2tlbmQiLCJfYXV0aF91c2VyX2hhc2giOiIyYTNmZGQ2MGExZmFiNjBlNGYyNGYzNzhmZGMwMDA1MDE1YTZiNWQ5In0=", "expire_date": "2019-06-02T20:08:46.933Z"}}, {"model": "sessions.session", "pk": "qqjlg9yd365q9l3u6sskrevdzfo445dq", "fields": {"session_data": "ZmYwYjEwNjMyNTdjMGM2NzUxNTdhNjQwNGIyNjc1ZDkzYTkwYWJlZDp7Il9hdXRoX3VzZXJfaWQiOiIxMiIsIl9hdXRoX3VzZXJfYmFja2VuZCI6ImRqYW5nby5jb250cmliLmF1dGguYmFja2VuZHMuTW9kZWxCYWNrZW5kIiwiX2F1dGhfdXNlcl9oYXNoIjoiYzExNTI0MzIwMGYyMjZjMDY3ZGY3NTc5ODY2MGZkMDk2NDg3Njc0NyJ9", "expire_date": "2019-11-07T06:22:02.503Z"}}, {"model": "sessions.session", "pk": "rdyffu7xxl7owt4smazffa8xnjwy2nsi", "fields": {"session_data": "OTE2MWQwYzBlMWUxZGE5ZDc5OWM3OWIyYzY5NTdkZGYxODY5YzkyODp7Il9hdXRoX3VzZXJfaWQiOiIxIiwiX2F1dGhfdXNlcl9iYWNrZW5kIjoiZGphbmdvLmNvbnRyaWIuYXV0aC5iYWNrZW5kcy5Nb2RlbEJhY2tlbmQiLCJfYXV0aF91c2VyX2hhc2giOiIyYTNmZGQ2MGExZmFiNjBlNGYyNGYzNzhmZGMwMDA1MDE1YTZiNWQ5In0=", "expire_date": "2019-06-05T13:06:44.234Z"}}, {"model": "sessions.session", "pk": "tkf6j08lvuhdd21ort7n0lnnpbnixn2s", "fields": {"session_data": "OTE2MWQwYzBlMWUxZGE5ZDc5OWM3OWIyYzY5NTdkZGYxODY5YzkyODp7Il9hdXRoX3VzZXJfaWQiOiIxIiwiX2F1dGhfdXNlcl9iYWNrZW5kIjoiZGphbmdvLmNvbnRyaWIuYXV0aC5iYWNrZW5kcy5Nb2RlbEJhY2tlbmQiLCJfYXV0aF91c2VyX2hhc2giOiIyYTNmZGQ2MGExZmFiNjBlNGYyNGYzNzhmZGMwMDA1MDE1YTZiNWQ5In0=", "expire_date": "2019-10-12T06:20:38.779Z"}}, {"model": "sessions.session", "pk": "tv98943ec3tc5hezagj3qkjx3i8w9kx2", "fields": {"session_data": "OTE2MWQwYzBlMWUxZGE5ZDc5OWM3OWIyYzY5NTdkZGYxODY5YzkyODp7Il9hdXRoX3VzZXJfaWQiOiIxIiwiX2F1dGhfdXNlcl9iYWNrZW5kIjoiZGphbmdvLmNvbnRyaWIuYXV0aC5iYWNrZW5kcy5Nb2RlbEJhY2tlbmQiLCJfYXV0aF91c2VyX2hhc2giOiIyYTNmZGQ2MGExZmFiNjBlNGYyNGYzNzhmZGMwMDA1MDE1YTZiNWQ5In0=", "expire_date": "2019-11-11T12:25:36.869Z"}}, {"model": "alcpt.user", "pk": 1, "fields": {"password": "pbkdf2_sha256$36000$3CdXe9nun0bo$/CdhvLoZcUEOE153Utb3qCNn2H23mVpPkJPUpoSibBU=", "last_login": "2019-10-28T12:25:36.866Z", "serial_number": "1080630206", "name": "\u8a31\u5f65\u5f6c", "gender": 0, "user_type": 63, "create_time": "2019-05-19T15:02:57.619Z", "update_time": "2019-05-19T18:17:09.717Z"}}, {"model": "alcpt.user", "pk": 2, "fields": {"password": "pbkdf2_sha256$36000$jMbqVr27p6dw$AX9ATDIosZbbNQKFrVSBS8FnJn9ZMp6aBXiXLyWH1os=", "last_login": "2019-05-19T19:03:33.119Z", "serial_number": "1080630204", "name": "\u674e\u7dad\u54f2", "gender": 0, "user_type": 15, "create_time": "2019-05-19T16:16:55.674Z", "update_time": "2019-05-19T18:19:15.435Z"}}, {"model": "alcpt.user", "pk": 3, "fields": {"password": "pbkdf2_sha256$36000$pyVLfHCN9PSB$cyUYesdenxc1QY6S96Se7KSHpDMpbBneewAqDkt0i3s=", "last_login": null, "serial_number": "1080630201", "name": "\u738b\u6cd3\u52db", "gender": 0, "user_type": 3, "create_time": "2019-05-19T18:18:12.241Z", "update_time": "2019-05-19T18:18:35.996Z"}}, {"model": "alcpt.user", "pk": 4, "fields": {"password": "pbkdf2_sha256$36000$SVjmLMW1pKAz$zUHB1MjQ59284seh0+nQ4snW+eajfdzGBHnT2Bqfqz8=", "last_login": null, "serial_number": "1080630202", "name": "Marco", "gender": 0, "user_type": 25, "create_time": "2019-05-19T18:18:12.241Z", "update_time": "2019-05-19T18:18:54.156Z"}}, {"model": "alcpt.user", "pk": 5, "fields": {"password": "pbkdf2_sha256$36000$7Dt75nanE7Y5$zcKe4NckS5mxahwXTMElvhCCsp3AYejzJe9xNXOdlRw=", "last_login": null, "serial_number": "1080630203", "name": "\u738b\u5049\u5b78", "gender": 0, "user_type": 1, "create_time": "2019-05-19T18:18:12.241Z", "update_time": "2019-05-19T18:19:07.971Z"}}, {"model": "alcpt.user", "pk": 6, "fields": {"password": "pbkdf2_sha256$36000$TbuY5Jvzih3p$dtNie1Fxnyw4wNdMwz/DWZoPJK/tly/I/kZBtg8eLBU=", "last_login": "2019-05-20T01:54:31.780Z", "serial_number": "1080630205", "name": "\u8a31\u51a0\u6d64", "gender": 0, "user_type": 25, "create_time": "2019-05-19T18:18:12.242Z", "update_time": "2019-05-19T18:19:30.889Z"}}, {"model": "alcpt.user", "pk": 7, "fields": {"password": "pbkdf2_sha256$36000$NfncGfi6kVgc$RJN1pUEPE4DJRKTivnlQo22Jhf4mLCTAZkaEvbpkm0w=", "last_login": null, "serial_number": "1080630207", "name": "\u9ec3\u50ca\u6649", "gender": 0, "user_type": 1, "create_time": "2019-05-19T18:19:57.563Z", "update_time": "2019-05-19T18:20:52.416Z"}}, {"model": "alcpt.user", "pk": 8, "fields": {"password": "pbkdf2_sha256$36000$x1ZGBl6HcLLH$mIbz/qD+y1VBklCvsQtEzCip1uZRs32Z99FsIcLy/6A=", "last_login": null, "serial_number": "1080630208", "name": "\u694a\u6917\u93ae", "gender": 0, "user_type": 1, "create_time": "2019-05-19T18:19:57.563Z", "update_time": "2019-05-19T18:20:24.073Z"}}, {"model": "alcpt.user", "pk": 9, "fields": {"password": "pbkdf2_sha256$36000$K2mqimvn44PQ$uBp7/D1bJQ1iTLXvPdqyma2U1sm7I46Hg2R49/f/0V8=", "last_login": null, "serial_number": "1080630209", "name": "\u5289\u744b\u4e1e", "gender": 0, "user_type": 1, "create_time": "2019-05-19T18:19:57.563Z", "update_time": "2019-05-19T18:21:09.938Z"}}, {"model": "alcpt.user", "pk": 10, "fields": {"password": "pbkdf2_sha256$36000$ON5Egpz8pNev$CMWScLWa/kYiCYw1nX5hTWQ6AUQGdNO+tmbe85aeH1Y=", "last_login": null, "serial_number": "1080630101", "name": "\u66fe\u963f\u6210", "gender": 0, "user_type": 1, "create_time": "2019-05-19T18:21:34.033Z", "update_time": "2019-05-19T18:21:53.916Z"}}, {"model": "alcpt.user", "pk": 11, "fields": {"password": "pbkdf2_sha256$36000$kjp7YKkywXau$YLVarKQZSorZK8cDT7ph6hFybH7u0BRHZneYT6puRwU=", "last_login": null, "serial_number": "1080630102", "name": "\u5433\u8239\u9707", "gender": 0, "user_type": 1, "create_time": "2019-05-19T18:21:34.033Z", "update_time": "2019-05-19T18:23:21.363Z"}}, {"model": "alcpt.user", "pk": 12, "fields": {"password": "pbkdf2_sha256$36000$Il3ZJXTMrgCt$O7Johhnd8iD/cPQNWAkmETyLomU567NhITO6QZEelCg=", "last_login": "2019-10-24T06:22:02.500Z", "serial_number": "1080630103", "name": "\u4f55\u65e5\u96f2", "gender": 0, "user_type": 5, "create_time": "2019-05-19T18:24:01.585Z", "update_time": "2019-10-24T06:21:47.435Z"}}, {"model": "alcpt.user", "pk": 13, "fields": {"password": "pbkdf2_sha256$36000$P7beRAdRkxzP$GQhNpv0Es3y0A8FriF4AL7Vl0XyGV/XTmN7S4mwn4tQ=", "last_login": null, "serial_number": "1080630104", "name": "\u76e7\u8523\u6689", "gender": 0, "user_type": 1, "create_time": "2019-05-19T18:24:01.585Z", "update_time": "2019-05-20T00:39:43.377Z"}}, {"model": "alcpt.user", "pk": 14, "fields": {"password": "pbkdf2_sha256$36000$AH4AN3cigGmk$XQbaZMJqTbIhxonLjYjwMhf02SlYLpH106kraT9DP58=", "last_login": null, "serial_number": "1080630105", "name": "\u5c07\u51a0\u5ef7", "gender": 0, "user_type": 1, "create_time": "2019-05-19T18:24:01.585Z", "update_time": "2019-05-19T18:26:55.439Z"}}, {"model": "alcpt.user", "pk": 15, "fields": {"password": "pbkdf2_sha256$36000$Hxm7voqi5tNo$Dj+Zz8XNeyxj726cc1yzLAkWt5jIUi2MFwIcLrTbfqw=", "last_login": null, "serial_number": "1080630106", "name": "\u5f35\u9ad2\u5510", "gender": 0, "user_type": 1, "create_time": "2019-05-19T18:24:01.585Z", "update_time": "2019-05-19T18:27:25.910Z"}}, {"model": "alcpt.user", "pk": 16, "fields": {"password": "pbkdf2_sha256$36000$rphqZzJbyjIv$ynEMJSQouhkVRWKNOdni5rCi/1e+iDCKDnA9VGbObzU=", "last_login": null, "serial_number": "1090630201", "name": "\u738b\u5a9b\u5a9b", "gender": 0, "user_type": 1, "create_time": "2019-05-19T18:27:53.635Z", "update_time": "2019-05-20T00:39:09.850Z"}}, {"model": "alcpt.user", "pk": 17, "fields": {"password": "pbkdf2_sha256$36000$USQzpOonV8zJ$yqyBHrhQ0BU+dYOyC/i1iEvJF1hlyoHhJ03z5bGOUfw=", "last_login": null, "serial_number": "1090630202", "name": "\u674e\u58fd\u5b50", "gender": 0, "user_type": 1, "create_time": "2019-05-19T18:27:53.635Z", "update_time": "2019-05-19T18:43:30.086Z"}}, {"model": "alcpt.user", "pk": 18, "fields": {"password": "pbkdf2_sha256$36000$CpNflZtCSOGR$ML5reVajFsS3I9hxXJTcQfyEwwKm+dKbqWkdJS4oEfo=", "last_login": null, "serial_number": "1090630203", "name": "\u5f35\u5927\u667a", "gender": 0, "user_type": 1, "create_time": "2019-05-19T18:27:53.635Z", "update_time": "2019-05-20T00:38:48.416Z"}}, {"model": "alcpt.user", "pk": 19, "fields": {"password": "pbkdf2_sha256$36000$c3sqFFSKPiNX$YjyovMokt+8tlHrHxeoak75IIZY4MCUFVvoVai0a0dg=", "last_login": "2019-10-13T03:07:40.935Z", "serial_number": "1090630204", "name": "chichi", "gender": 0, "user_type": 1, "create_time": "2019-05-19T18:27:53.635Z", "update_time": "2019-10-08T03:33:31.628Z"}}, {"model": "alcpt.user", "pk": 20, "fields": {"password": "pbkdf2_sha256$36000$yoX8FUYBKEBE$0SpUdzLVt1A+ipbOutYamo03sVbKui4P3YelCIlialU=", "last_login": "2019-05-19T20:08:08.429Z", "serial_number": "mcndu01", "name": "\u6559\u5e2b", "gender": 0, "user_type": 27, "create_time": "2019-05-19T18:41:47.152Z", "update_time": "2019-05-19T18:42:18.440Z"}}, {"model": "alcpt.user", "pk": 22, "fields": {"password": "pbkdf2_sha256$36000$6UT1BRjl95MY$ujxGaj5xjC7aLgA5UyXFYUGmq6vWQGRyjMmn5S4zODY=", "last_login": "2019-10-16T15:23:24.852Z", "serial_number": "1090630218", "name": "\u8607\u5178\u7152", "gender": 0, "user_type": 1, "create_time": "2019-10-15T12:44:32.551Z", "update_time": "2019-10-16T00:46:43.713Z"}}, {"model": "alcpt.department", "pk": 1, "fields": {"name": "\u6cd5\u5f8b\u7cfb"}}, {"model": "alcpt.department", "pk": 2, "fields": {"name": "\u8cc7\u7ba1\u7cfb"}}, {"model": "alcpt.department", "pk": 3, "fields": {"name": "\u904b\u7c4c\u7cfb"}}, {"model": "alcpt.department", "pk": 4, "fields": {"name": "\u8ca1\u7ba1\u7cfb"}}, {"model": "alcpt.squadron", "pk": 1, "fields": {"name": "\u5b78\u751f\u4e00\u4e2d\u968a"}}, {"model": "alcpt.squadron", "pk": 2, "fields": {"name": "\u5b78\u751f\u4e8c\u4e2d\u968a"}}, {"model": "alcpt.squadron", "pk": 3, "fields": {"name": "\u5b78\u751f\u4e09\u4e2d\u968a"}}, {"model": "alcpt.squadron", "pk": 4, "fields": {"name": "\u5b78\u751f\u56db\u4e2d\u968a"}}, {"model": "alcpt.student", "pk": 1, "fields": {"user": 1, "department": 2, "grade": 108, "squadron": 3}}, {"model": "alcpt.student", "pk": 2, "fields": {"user": 2, "department": 2, "grade": 108, "squadron": 3}}, {"model": "alcpt.student", "pk": 3, "fields": {"user": 4, "department": 2, "grade": 108, "squadron": 3}}, {"model": "alcpt.student", "pk": 4, "fields": {"user": 3, "department": 2, "grade": 108, "squadron": 3}}, {"model": "alcpt.student", "pk": 5, "fields": {"user": 5, "department": 2, "grade": 108, "squadron": 3}}, {"model": "alcpt.student", "pk": 6, "fields": {"user": 6, "department": 2, "grade": 108, "squadron": 3}}, {"model": "alcpt.student", "pk": 7, "fields": {"user": 8, "department": 2, "grade": 108, "squadron": 3}}, {"model": "alcpt.student", "pk": 8, "fields": {"user": 7, "department": 2, "grade": 108, "squadron": 3}}, {"model": "alcpt.student", "pk": 9, "fields": {"user": 9, "department": 2, "grade": 108, "squadron": 3}}, {"model": "alcpt.student", "pk": 10, "fields": {"user": 10, "department": 1, "grade": 108, "squadron": 4}}, {"model": "alcpt.student", "pk": 11, "fields": {"user": 11, "department": 1, "grade": 108, "squadron": 4}}, {"model": "alcpt.student", "pk": 12, "fields": {"user": 12, "department": 2, "grade": 108, "squadron": 3}}, {"model": "alcpt.student", "pk": 13, "fields": {"user": 13, "department": 2, "grade": 108, "squadron": 3}}, {"model": "alcpt.student", "pk": 14, "fields": {"user": 14, "department": 1, "grade": 108, "squadron": 4}}, {"model": "alcpt.student", "pk": 15, "fields": {"user": 15, "department": 1, "grade": 108, "squadron": 4}}, {"model": "alcpt.student", "pk": 16, "fields": {"user": 16, "department": 2, "grade": 108, "squadron": 3}}, {"model": "alcpt.student", "pk": 17, "fields": {"user": 17, "department": 2, "grade": 109, "squadron": 1}}, {"model": "alcpt.student", "pk": 18, "fields": {"user": 18, "department": 2, "grade": 108, "squadron": 3}}, {"model": "alcpt.student", "pk": 19, "fields": {"user": 19, "department": 2, "grade": 108, "squadron": 3}}, {"model": "alcpt.student", "pk": 20, "fields": {"user": 20, "department": 1, "grade": 108, "squadron": 3}}, {"model": "alcpt.student", "pk": 22, "fields": {"user": 22, "department": null, "grade": 108, "squadron": null}}, {"model": "alcpt.testpaper", "pk": 1, "fields": {"name": "109", "create_time": "2019-05-19T20:08:58.486Z", "created_by": 1, "update_time": "2019-05-22T14:08:11.816Z", "enable": false}}, {"model": "alcpt.testpaper", "pk": 2, "fields": {"name": "\u65b0\u984c\u5eab\u6e2c\u8a66", "create_time": "2019-05-22T14:07:21.596Z", "created_by": 1, "update_time": "2019-05-22T14:08:58.441Z", "enable": true}}, {"model": "alcpt.testpaper", "pk": 3, "fields": {"name": "\u6e2c\u8a66\u7528", "create_time": "2019-05-23T02:23:37.950Z", "created_by": 1, "update_time": "2019-05-23T02:23:46.078Z", "enable": true}}, {"model": "alcpt.testpaper", "pk": 5, "fields": {"name": "yang_test", "create_time": "2019-10-08T03:24:10.028Z", "created_by": 1, "update_time": "2019-10-08T03:24:42.515Z", "enable": true}}, {"model": "alcpt.exam", "pk": 1, "fields": {"name": "109\u7b2c\u4e00\u6b21\u6a21\u64ec\u8003", "type": 1, "testpaper": 1, "group": 2, "used_times": 0, "correct_times": 0, "start_time": "2019-05-19T20:14:00Z", "create_time": "2019-05-19T20:14:49.346Z", "duration": 90, "created_by": 1, "update_time": "2019-05-20T00:40:57.180Z", "public": false}}, {"model": "alcpt.exam", "pk": 2, "fields": {"name": "109\u7b2c\u4e00\u6b21\u6a21\u64ec\u8003(\u66f4\u6b63)", "type": 1, "testpaper": 1, "group": 2, "used_times": 0, "correct_times": 0, "start_time": "2019-05-19T20:34:00Z", "create_time": "2019-05-19T20:34:29.356Z", "duration": 90, "created_by": 1, "update_time": "2019-05-19T20:34:31.096Z", "public": true}}, {"model": "alcpt.exam", "pk": 3, "fields": {"name": "109\u7b2c\u4e8c\u6b21\u6a21\u64ec\u8003", "type": 1, "testpaper": 1, "group": 2, "used_times": 0, "correct_times": 0, "start_time": "2019-05-19T21:30:00Z", "create_time": "2019-05-19T21:34:32.894Z", "duration": 90, "created_by": 1, "update_time": "2019-05-19T21:38:08.302Z", "public": true}}, {"model": "alcpt.exam", "pk": 4, "fields": {"name": "\u7b2c\u4e09\u6b21", "type": 1, "testpaper": 1, "group": 2, "used_times": 0, "correct_times": 0, "start_time": "2019-05-19T21:39:00Z", "create_time": "2019-05-19T21:39:29.466Z", "duration": 90, "created_by": 1, "update_time": "2019-05-19T21:39:29.467Z", "public": true}}, {"model": "alcpt.exam", "pk": 5, "fields": {"name": "\u7b2c\u56db\u6b21", "type": 1, "testpaper": 1, "group": 2, "used_times": 0, "correct_times": 0, "start_time": "2019-05-19T21:42:00Z", "create_time": "2019-05-19T21:42:21.513Z", "duration": 90, "created_by": 1, "update_time": "2019-05-19T21:42:21.514Z", "public": true}}, {"model": "alcpt.exam", "pk": 6, "fields": {"name": "\u7b2c\u4e94", "type": 1, "testpaper": 1, "group": 2, "used_times": 0, "correct_times": 0, "start_time": "2019-05-19T21:43:00Z", "create_time": "2019-05-19T21:43:13.950Z", "duration": 90, "created_by": 1, "update_time": "2019-05-19T21:43:16.829Z", "public": true}}, {"model": "alcpt.exam", "pk": 7, "fields": {"name": "\u7b2c\u516d\u6b21", "type": 1, "testpaper": 2, "group": 2, "used_times": 0, "correct_times": 0, "start_time": "2019-05-19T21:53:00Z", "create_time": "2019-05-19T21:53:29.086Z", "duration": 90, "created_by": 1, "update_time": "2019-05-23T02:24:27.303Z", "public": true}}, {"model": "alcpt.exam", "pk": 8, "fields": {"name": "\u95b1\u8b80\u7df4\u7fd2-practice-1080630206-2019-05-20 07:58:16.350226", "type": 4, "testpaper": null, "group": null, "used_times": 0, "correct_times": 0, "start_time": "2019-05-19T23:58:16.350Z", "create_time": "2019-05-19T23:58:16.354Z", "duration": -1, "created_by": 1, "update_time": "2019-05-19T23:58:16.354Z", "public": false}}, {"model": "alcpt.exam", "pk": 9, "fields": {"name": "\u95b1\u8b80\u7df4\u7fd2-practice-1080630206-2019-05-20 07:59:45.113304", "type": 4, "testpaper": null, "group": null, "used_times": 0, "correct_times": 0, "start_time": "2019-05-19T23:59:45.113Z", "create_time": "2019-05-19T23:59:45.119Z", "duration": -1, "created_by": 1, "update_time": "2019-05-19T23:59:45.119Z", "public": false}}, {"model": "alcpt.exam", "pk": 10, "fields": {"name": "\u95b1\u8b80\u7df4\u7fd2-practice-1080630206-2019-05-20 07:59:48.143020", "type": 4, "testpaper": null, "group": null, "used_times": 0, "correct_times": 0, "start_time": "2019-05-19T23:59:48.143Z", "create_time": "2019-05-19T23:59:48.145Z", "duration": -1, "created_by": 1, "update_time": "2019-05-19T23:59:48.145Z", "public": false}}, {"model": "alcpt.exam", "pk": 11, "fields": {"name": "\u95b1\u8b80\u7df4\u7fd2-practice-1080630206-2019-05-20 07:59:51.509292", "type": 4, "testpaper": null, "group": null, "used_times": 0, "correct_times": 0, "start_time": "2019-05-19T23:59:51.509Z", "create_time": "2019-05-19T23:59:51.511Z", "duration": -1, "created_by": 1, "update_time": "2019-05-19T23:59:51.511Z", "public": false}}, {"model": "alcpt.exam", "pk": 12, "fields": {"name": "\u95b1\u8b80\u7df4\u7fd2-practice-1080630206-2019-05-20 08:01:48.653584", "type": 4, "testpaper": null, "group": null, "used_times": 0, "correct_times": 0, "start_time": "2019-05-20T00:01:48.653Z", "create_time": "2019-05-20T00:01:48.657Z", "duration": -1, "created_by": 1, "update_time": "2019-05-20T00:01:48.657Z", "public": false}}, {"model": "alcpt.exam", "pk": 13, "fields": {"name": "\u95b1\u8b80\u7df4\u7fd2-practice-1080630206-2019-05-20 08:02:08.836263", "type": 4, "testpaper": null, "group": null, "used_times": 0, "correct_times": 0, "start_time": "2019-05-20T00:02:08.836Z", "create_time": "2019-05-20T00:02:08.842Z", "duration": -1, "created_by": 1, "update_time": "2019-05-20T00:02:08.842Z", "public": false}}, {"model": "alcpt.exam", "pk": 14, "fields": {"name": "\u95b1\u8b80\u7df4\u7fd2-practice-1080630206-2019-05-20 08:03:34.377112", "type": 4, "testpaper": null, "group": null, "used_times": 0, "correct_times": 0, "start_time": "2019-05-20T00:03:34.377Z", "create_time": "2019-05-20T00:03:34.381Z", "duration": -1, "created_by": 1, "update_time": "2019-05-20T00:03:34.381Z", "public": false}}, {"model": "alcpt.exam", "pk": 15, "fields": {"name": "\u807d\u529b\u7df4\u7fd2-practice-1080630206-2019-05-20 08:32:08.800880", "type": 3, "testpaper": null, "group": null, "used_times": 0, "correct_times": 0, "start_time": "2019-05-20T00:32:08.800Z", "create_time": "2019-05-20T00:32:08.805Z", "duration": -1, "created_by": 1, "update_time": "2019-05-20T00:32:08.805Z", "public": false}}, {"model": "alcpt.exam", "pk": 16, "fields": {"name": "\u95b1\u8b80\u7df4\u7fd2-practice-1080630206-2019-05-20 08:35:58.260549", "type": 4, "testpaper": null, "group": null, "used_times": 0, "correct_times": 0, "start_time": "2019-05-20T00:35:58.260Z", "create_time": "2019-05-20T00:35:58.264Z", "duration": -1, "created_by": 1, "update_time": "2019-05-20T00:35:58.264Z", "public": false}}, {"model": "alcpt.exam", "pk": 17, "fields": {"name": "\u95b1\u8b80\u7df4\u7fd2-practice-1080630206-2019-05-20 08:36:23.924477", "type": 4, "testpaper": null, "group": null, "used_times": 0, "correct_times": 0, "start_time": "2019-05-20T00:36:23.924Z", "create_time": "2019-05-20T00:36:23.929Z", "duration": -1, "created_by": 1, "update_time": "2019-05-20T00:36:23.929Z", "public": false}}, {"model": "alcpt.exam", "pk": 18, "fields": {"name": "\u95b1\u8b80\u7df4\u7fd2-practice-1080630206-2019-05-20 08:37:02.668877", "type": 4, "testpaper": null, "group": null, "used_times": 0, "correct_times": 0, "start_time": "2019-05-20T00:37:02.668Z", "create_time": "2019-05-20T00:37:02.673Z", "duration": -1, "created_by": 1, "update_time": "2019-05-20T00:37:02.673Z", "public": false}}, {"model": "alcpt.exam", "pk": 19, "fields": {"name": "\u95b1\u8b80\u7df4\u7fd2-practice-1080630206-2019-05-20 08:37:26.449442", "type": 4, "testpaper": null, "group": null, "used_times": 0, "correct_times": 0, "start_time": "2019-05-20T00:37:26.449Z", "create_time": "2019-05-20T00:37:26.453Z", "duration": -1, "created_by": 1, "update_time": "2019-05-20T00:37:26.453Z", "public": false}}, {"model": "alcpt.exam", "pk": 20, "fields": {"name": "\u95b1\u8b80\u7df4\u7fd2-practice-1080630206-2019-05-20 08:37:29.301219", "type": 4, "testpaper": null, "group": null, "used_times": 0, "correct_times": 0, "start_time": "2019-05-20T00:37:29.301Z", "create_time": "2019-05-20T00:37:29.304Z", "duration": -1, "created_by": 1, "update_time": "2019-05-20T00:37:29.304Z", "public": false}}, {"model": "alcpt.exam", "pk": 21, "fields": {"name": "\u7b2c\u4e03\u6b21", "type": 1, "testpaper": 3, "group": 2, "used_times": 0, "correct_times": 0, "start_time": "2019-05-23T02:23:00Z", "create_time": "2019-05-23T02:23:59.217Z", "duration": 90, "created_by": 1, "update_time": "2019-10-07T08:53:25.212Z", "public": true}}, {"model": "alcpt.exam", "pk": 22, "fields": {"name": "\u95b1\u8b80\u7df4\u7fd2-practice-1080630206-2019-05-23 10:24:49.897792", "type": 4, "testpaper": null, "group": null, "used_times": 0, "correct_times": 0, "start_time": "2019-05-23T02:24:49.897Z", "create_time": "2019-05-23T02:24:49.899Z", "duration": -1, "created_by": 1, "update_time": "2019-05-23T02:24:49.900Z", "public": false}}, {"model": "alcpt.exam", "pk": 23, "fields": {"name": "\u95b1\u8b80\u7df4\u7fd2-practice-1080630206-2019-05-23 10:25:44.820705", "type": 4, "testpaper": null, "group": null, "used_times": 0, "correct_times": 0, "start_time": "2019-05-23T02:25:44.820Z", "create_time": "2019-05-23T02:25:44.825Z", "duration": -1, "created_by": 1, "update_time": "2019-05-23T02:25:44.825Z", "public": false}}, {"model": "alcpt.exam", "pk": 24, "fields": {"name": "\u95b1\u8b80\u7df4\u7fd2-practice-1080630206-2019-05-23 10:26:41.075130", "type": 4, "testpaper": null, "group": null, "used_times": 0, "correct_times": 0, "start_time": "2019-05-23T02:26:41.075Z", "create_time": "2019-05-23T02:26:41.078Z", "duration": -1, "created_by": 1, "update_time": "2019-05-23T02:26:41.078Z", "public": false}}, {"model": "alcpt.exam", "pk": 25, "fields": {"name": "\u95b1\u8b80\u7df4\u7fd2-practice-1080630206-2019-05-23 11:42:37.417020", "type": 4, "testpaper": null, "group": null, "used_times": 0, "correct_times": 0, "start_time": "2019-05-23T03:42:37.417Z", "create_time": "2019-05-23T03:42:37.420Z", "duration": -1, "created_by": 1, "update_time": "2019-05-23T03:42:37.420Z", "public": false}}, {"model": "alcpt.exam", "pk": 26, "fields": {"name": "Yang_be_test", "type": 1, "testpaper": 5, "group": 3, "used_times": 0, "correct_times": 0, "start_time": "2019-10-08T03:26:00Z", "create_time": "2019-10-08T03:26:56.486Z", "duration": 90, "created_by": 1, "update_time": "2019-10-08T03:26:59.550Z", "public": true}}, {"model": "alcpt.exam", "pk": 27, "fields": {"name": "\u807d\u529b\u7df4\u7fd2-practice-1090630204-2019-10-08 11:36:07.764535", "type": 3, "testpaper": null, "group": null, "used_times": 0, "correct_times": 0, "start_time": "2019-10-08T03:36:07.764Z", "create_time": "2019-10-08T03:36:07.767Z", "duration": -1, "created_by": 19, "update_time": "2019-10-08T03:36:07.767Z", "public": false}}, {"model": "alcpt.exam", "pk": 28, "fields": {"name": "\u95b1\u8b80\u7df4\u7fd2-practice-1080630206-2019-10-08 11:39:34.050793", "type": 4, "testpaper": null, "group": null, "used_times": 0, "correct_times": 0, "start_time": "2019-10-08T03:39:34.050Z", "create_time": "2019-10-08T03:39:34.052Z", "duration": -1, "created_by": 1, "update_time": "2019-10-08T03:39:34.052Z", "public": false}}, {"model": "alcpt.exam", "pk": 29, "fields": {"name": "\u95b1\u8b80\u7df4\u7fd2-practice-1080630206-2019-10-24 10:41:55.099200", "type": 4, "testpaper": null, "group": null, "used_times": 0, "correct_times": 0, "start_time": "2019-10-24T02:41:55.099Z", "create_time": "2019-10-24T02:41:55.442Z", "duration": -1, "created_by": 1, "update_time": "2019-10-24T02:41:55.442Z", "public": false}}, {"model": "alcpt.question", "pk": 162, "fields": {"question_type": 1, "question_file": "/media/documents/question_162.mp3", "question": null, "option": "[\"He will go.\", \"He can\\u2019t go.\", \"He finished his studies.\", \"He likes to study.\"]", "answer": 1, "difficult": 1, "use_time": 0, "correct_time": 0, "create_time": "2019-05-22T13:31:13.384Z", "created_by": 1, "update_time": "2019-10-14T11:51:32.356Z", "last_updated_by": 1, "enable": true, "used_to": [2, 3, 5]}}, {"model": "alcpt.question", "pk": 163, "fields": {"question_type": 1, "question_file": "/media/documents/question_163.mp3", "question": null, "option": "[\"at 1005\", \"at 1315\", \"at 1515\", \"at.\"]", "answer": 1, "difficult": 1, "use_time": 0, "correct_time": 0, "create_time": "2019-05-22T13:31:46.093Z", "created_by": 1, "update_time": "2019-10-14T11:59:36.836Z", "last_updated_by": 1, "enable": true, "used_to": [2, 3, 5]}}, {"model": "alcpt.question", "pk": 164, "fields": {"question_type": 1, "question_file": "/media/documents/question_164.mp3", "question": null, "option": "[\"put it on the desk\", \"look up words in it\", \"put a new cover on it\", \"correct it\"]", "answer": 1, "difficult": 1, "use_time": 0, "correct_time": 0, "create_time": "2019-05-22T13:33:09.677Z", "created_by": 1, "update_time": "2019-05-22T13:33:09.836Z", "last_updated_by": null, "enable": true, "used_to": [2, 3, 5]}}, {"model": "alcpt.question", "pk": 165, "fields": {"question_type": 1, "question_file": "/media/documents/question_165.mp3", "question": null, "option": "[\"for measuring lengths\", \"for painting boards\", \"for holding objects\", \"for sharpening tools\"]", "answer": 0, "difficult": 1, "use_time": 0, "correct_time": 0, "create_time": "2019-05-22T13:33:30.669Z", "created_by": 1, "update_time": "2019-10-14T12:31:45.708Z", "last_updated_by": 1, "enable": true, "used_to": [2, 3, 5]}}, {"model": "alcpt.question", "pk": 166, "fields": {"question_type": 1, "question_file": "/media/documents/question_166.mp3", "question": null, "option": "[\"buy a plane\", \"sell a plane\", \"travel on a plane\", \"find an old plane\"]", "answer": 2, "difficult": 1, "use_time": 0, "correct_time": 0, "create_time": "2019-05-22T13:35:02.141Z", "created_by": 1, "update_time": "2019-10-14T12:35:43.612Z", "last_updated_by": 1, "enable": true, "used_to": [2, 3, 5]}}, {"model": "alcpt.question", "pk": 167, "fields": {"question_type": 1, "question_file": "/media/documents/question_167.mp3", "question": null, "option": "[\"red\", \"wool\", \"rain\", \"small\"]", "answer": 0, "difficult": 1, "use_time": 0, "correct_time": 0, "create_time": "2019-05-22T13:35:29.866Z", "created_by": 1, "update_time": "2019-05-22T13:35:30.022Z", "last_updated_by": null, "enable": true, "used_to": [2, 3, 5]}}, {"model": "alcpt.question", "pk": 168, "fields": {"question_type": 1, "question_file": "/media/documents/question_168.mp3", "question": null, "option": "[\"a list of telephone numbers\", \"a new medicine\", \"a group of workers\", \"a place to eat\"]", "answer": 3, "difficult": 1, "use_time": 0, "correct_time": 0, "create_time": "2019-05-22T13:35:50.165Z", "created_by": 1, "update_time": "2019-05-22T13:35:50.554Z", "last_updated_by": null, "enable": true, "used_to": [2, 3, 5]}}, {"model": "alcpt.question", "pk": 169, "fields": {"question_type": 1, "question_file": "/media/documents/question_169.mp3", "question": null, "option": "[\"June\", \"April\", \"August\", \"September\"]", "answer": 2, "difficult": 1, "use_time": 0, "correct_time": 0, "create_time": "2019-05-22T13:36:15.188Z", "created_by": 1, "update_time": "2019-05-22T13:36:15.351Z", "last_updated_by": null, "enable": true, "used_to": [2, 3, 5]}}, {"model": "alcpt.question", "pk": 170, "fields": {"question_type": 1, "question_file": "/media/documents/question_170.mp3", "question": null, "option": "[\"He has a stomachache.\", \"He has a toothache.\", \"His feet hurt him.\", \"His eyes hurt him.\"]", "answer": 1, "difficult": 1, "use_time": 0, "correct_time": 0, "create_time": "2019-05-22T13:36:36.900Z", "created_by": 1, "update_time": "2019-05-22T13:36:37.065Z", "last_updated_by": null, "enable": true, "used_to": [2, 3, 5]}}, {"model": "alcpt.question", "pk": 171, "fields": {"question_type": 1, "question_file": "/media/documents/question_171.mp3", "question": null, "option": "[\"lesson one\", \"lesson two\", \"They are the same.\", \"Both are difficult.\"]", "answer": 0, "difficult": 1, "use_time": 0, "correct_time": 0, "create_time": "2019-05-22T13:39:22.886Z", "created_by": 1, "update_time": "2019-05-22T13:39:23.266Z", "last_updated_by": null, "enable": true, "used_to": [2, 3, 5]}}, {"model": "alcpt.question", "pk": 172, "fields": {"question_type": 1, "question_file": "/media/documents/question_172.mp3", "question": null, "option": "[\"your family name\", \"your father\\u2019s name\", \"your mother\\u2019s name\", \"your first name\"]", "answer": 0, "difficult": 1, "use_time": 0, "correct_time": 0, "create_time": "2019-05-22T13:39:45.853Z", "created_by": 1, "update_time": "2019-05-22T13:39:46.017Z", "last_updated_by": null, "enable": true, "used_to": [2, 3, 5]}}, {"model": "alcpt.question", "pk": 173, "fields": {"question_type": 1, "question_file": "/media/documents/question_173.mp3", "question": null, "option": "[\"cleaning\", \"price tags\", \"buttons\", \"changes\"]", "answer": 3, "difficult": 1, "use_time": 0, "correct_time": 0, "create_time": "2019-05-22T13:40:20.686Z", "created_by": 1, "update_time": "2019-05-22T13:40:20.793Z", "last_updated_by": null, "enable": true, "used_to": [2, 3, 5]}}, {"model": "alcpt.question", "pk": 174, "fields": {"question_type": 1, "question_file": "/media/documents/question_174.mp3", "question": null, "option": "[\"close the door\", \"follow him\", \"answer it\", \"look at them\"]", "answer": 2, "difficult": 1, "use_time": 0, "correct_time": 0, "create_time": "2019-05-22T13:40:40.220Z", "created_by": 1, "update_time": "2019-05-22T13:40:40.360Z", "last_updated_by": null, "enable": true, "used_to": [2, 3, 5]}}, {"model": "alcpt.question", "pk": 175, "fields": {"question_type": 1, "question_file": "/media/documents/question_175.mp3", "question": null, "option": "[\"They will fly.\", \"They will walk.\", \"They will run.\", \"They will drive.\"]", "answer": 0, "difficult": 1, "use_time": 0, "correct_time": 0, "create_time": "2019-05-22T13:40:55.719Z", "created_by": 1, "update_time": "2019-05-22T13:40:55.868Z", "last_updated_by": null, "enable": true, "used_to": [2, 3, 5]}}, {"model": "alcpt.question", "pk": 176, "fields": {"question_type": 1, "question_file": "/media/documents/question_176.mp3", "question": null, "option": "[\"yesterday\", \"on Saturday\", \"with George\", \"at the office\"]", "answer": 1, "difficult": 1, "use_time": 0, "correct_time": 0, "create_time": "2019-05-22T13:41:15.908Z", "created_by": 1, "update_time": "2019-05-22T13:41:16.034Z", "last_updated_by": null, "enable": true, "used_to": [2, 3, 5]}}, {"model": "alcpt.question", "pk": 177, "fields": {"question_type": 1, "question_file": "/media/documents/question_177.mp3", "question": null, "option": "[\"to board the ship\", \"to get a haircut\", \"to see the factory\", \"to meet his friend\\u2019s plane\"]", "answer": 3, "difficult": 1, "use_time": 0, "correct_time": 0, "create_time": "2019-05-22T13:41:31.822Z", "created_by": 1, "update_time": "2019-05-22T13:41:31.922Z", "last_updated_by": null, "enable": true, "used_to": [2, 3, 5]}}, {"model": "alcpt.question", "pk": 178, "fields": {"question_type": 1, "question_file": "/media/documents/question_178.mp3", "question": null, "option": "[\"stamping packages\", \"depositing letters\", \"filling envelopes\", \"collecting stamps\"]", "answer": 1, "difficult": 1, "use_time": 0, "correct_time": 0, "create_time": "2019-05-22T13:41:55.732Z", "created_by": 1, "update_time": "2019-05-22T13:41:55.877Z", "last_updated_by": null, "enable": true, "used_to": [2, 3, 5]}}, {"model": "alcpt.question", "pk": 179, "fields": {"question_type": 1, "question_file": "/media/documents/question_179.mp3", "question": null, "option": "[\"the ability to speed up\", \"the color of the car\", \"the slowing-down action\", \"the stopping action\"]", "answer": 0, "difficult": 1, "use_time": 0, "correct_time": 0, "create_time": "2019-05-22T13:42:23.885Z", "created_by": 1, "update_time": "2019-05-22T13:42:24.021Z", "last_updated_by": null, "enable": true, "used_to": [2, 3, 5]}}, {"model": "alcpt.question", "pk": 180, "fields": {"question_type": 1, "question_file": "/media/documents/question_180.mp3", "question": null, "option": "[\"in a large house\", \"in a small house\", \"in a crowded house\", \"in a busy house\"]", "answer": 0, "difficult": 1, "use_time": 0, "correct_time": 0, "create_time": "2019-05-22T13:42:42.028Z", "created_by": 1, "update_time": "2019-05-22T13:42:42.161Z", "last_updated_by": null, "enable": true, "used_to": [2, 3, 5]}}, {"model": "alcpt.question", "pk": 181, "fields": {"question_type": 1, "question_file": "/media/documents/question_181.mp3", "question": null, "option": "[\"a directional light\", \"a new headlight\", \"a spare tire\", \"a warning device\"]", "answer": 3, "difficult": 1, "use_time": 0, "correct_time": 0, "create_time": "2019-05-22T13:42:59.990Z", "created_by": 1, "update_time": "2019-05-22T13:43:00.122Z", "last_updated_by": null, "enable": true, "used_to": [2, 3, 5]}}, {"model": "alcpt.question", "pk": 182, "fields": {"question_type": 1, "question_file": "/media/documents/question_182.mp3", "question": null, "option": "[\"like him\", \"remember him\", \"contact him\", \"forget him\"]", "answer": 2, "difficult": 1, "use_time": 0, "correct_time": 0, "create_time": "2019-05-22T13:44:00.541Z", "created_by": 1, "update_time": "2019-05-22T13:44:00.646Z", "last_updated_by": null, "enable": true, "used_to": [2, 3, 5]}}, {"model": "alcpt.question", "pk": 183, "fields": {"question_type": 1, "question_file": "/media/documents/question_183.mp3", "question": null, "option": "[\"He got it at a store.\", \"He read it slowly.\", \"He looked at it for a long time.\", \"He read it quickly.\"]", "answer": 3, "difficult": 1, "use_time": 0, "correct_time": 0, "create_time": "2019-05-22T13:44:17.693Z", "created_by": 1, "update_time": "2019-05-22T13:44:17.838Z", "last_updated_by": null, "enable": true, "used_to": [2, 3, 5]}}, {"model": "alcpt.question", "pk": 184, "fields": {"question_type": 1, "question_file": "/media/documents/question_184.mp3", "question": null, "option": "[\"The wire is not good.\", \"The wire is not covered for protection.\", \"The wire is not carrying electricity.\", \"The wire is not visible.\"]", "answer": 0, "difficult": 1, "use_time": 0, "correct_time": 0, "create_time": "2019-05-22T13:44:33.534Z", "created_by": 1, "update_time": "2019-05-22T13:44:33.664Z", "last_updated_by": null, "enable": true, "used_to": [2, 3, 5]}}, {"model": "alcpt.question", "pk": 185, "fields": {"question_type": 1, "question_file": "/media/documents/question_185.mp3", "question": null, "option": "[\"Who used this book first?\", \"Who wants to use this book?\", \"Who used this book frequently?\", \"Who will be using this book?\"]", "answer": 0, "difficult": 1, "use_time": 0, "correct_time": 0, "create_time": "2019-05-22T13:44:51.724Z", "created_by": 1, "update_time": "2019-05-22T13:44:51.855Z", "last_updated_by": null, "enable": true, "used_to": [2, 3, 5]}}, {"model": "alcpt.question", "pk": 186, "fields": {"question_type": 1, "question_file": "/media/documents/question_186.mp3", "question": null, "option": "[\"Classes begin at eight o\\u2019clock.\", \"Only young children go to school there.\", \"The school is three miles from here.\", \"The school is closed for the day.\"]", "answer": 2, "difficult": 1, "use_time": 0, "correct_time": 0, "create_time": "2019-05-22T13:45:11.223Z", "created_by": 1, "update_time": "2019-05-22T13:45:11.357Z", "last_updated_by": null, "enable": true, "used_to": [2, 3, 5]}}, {"model": "alcpt.question", "pk": 187, "fields": {"question_type": 1, "question_file": "/media/documents/question_187.mp3", "question": null, "option": "[\"There are many people downtown.\", \"Many people are walking on Saturdays.\", \"There are many cars on the streets.\", \"There are many lights on the streets.\"]", "answer": 2, "difficult": 1, "use_time": 0, "correct_time": 0, "create_time": "2019-05-22T13:45:32.325Z", "created_by": 1, "update_time": "2019-05-22T13:45:32.455Z", "last_updated_by": null, "enable": true, "used_to": [2, 3, 5]}}, {"model": "alcpt.question", "pk": 188, "fields": {"question_type": 1, "question_file": "/media/documents/question_188.mp3", "question": null, "option": "[\"It can\\u2019t be seen.\", \"It is cool.\", \"It is not humid.\", \"It is warm.\"]", "answer": 0, "difficult": 1, "use_time": 0, "correct_time": 0, "create_time": "2019-05-22T13:45:48.917Z", "created_by": 1, "update_time": "2019-05-22T13:45:49.057Z", "last_updated_by": null, "enable": true, "used_to": [2, 3, 5]}}, {"model": "alcpt.question", "pk": 189, "fields": {"question_type": 1, "question_file": "/media/documents/question_189.mp3", "question": null, "option": "[\"He saw it.\", \"He made it.\", \"He moved it.\", \"He cut it.\"]", "answer": 0, "difficult": 1, "use_time": 0, "correct_time": 0, "create_time": "2019-05-22T13:46:09.702Z", "created_by": 1, "update_time": "2019-05-22T13:46:09.831Z", "last_updated_by": null, "enable": true, "used_to": [2, 3, 5]}}, {"model": "alcpt.question", "pk": 190, "fields": {"question_type": 1, "question_file": "/media/documents/question_190.mp3", "question": null, "option": "[\"It is easily bent.\", \"It is very hard.\", \"It is bright.\", \"It is heavy.\"]", "answer": 0, "difficult": 1, "use_time": 0, "correct_time": 0, "create_time": "2019-05-22T13:46:25.573Z", "created_by": 1, "update_time": "2019-05-22T13:46:25.707Z", "last_updated_by": null, "enable": true, "used_to": [2, 3, 5]}}, {"model": "alcpt.question", "pk": 191, "fields": {"question_type": 1, "question_file": "/media/documents/question_191.mp3", "question": null, "option": "[\"It plays too loudly.\", \"It needs repair.\", \"It\\u2019s in good condition.\", \"It\\u2019s a cheap radio.\"]", "answer": 2, "difficult": 1, "use_time": 0, "correct_time": 0, "create_time": "2019-05-22T13:46:48.215Z", "created_by": 1, "update_time": "2019-05-22T13:46:48.340Z", "last_updated_by": null, "enable": true, "used_to": [2, 3, 5]}}, {"model": "alcpt.question", "pk": 192, "fields": {"question_type": 1, "question_file": "/media/documents/question_192.mp3", "question": null, "option": "[\"He is well known.\", \"He is not known.\", \"He does not know anyone.\", \"He is a dangerous person.\"]", "answer": 0, "difficult": 1, "use_time": 0, "correct_time": 0, "create_time": "2019-05-22T13:47:05.599Z", "created_by": 1, "update_time": "2019-05-22T13:47:05.724Z", "last_updated_by": null, "enable": true, "used_to": [2, 3, 5]}}, {"model": "alcpt.question", "pk": 193, "fields": {"question_type": 1, "question_file": "/media/documents/question_193.mp3", "question": null, "option": "[\"He left a new student in class.\", \"He found a new student in class.\", \"He registered anew student.\", \"He presented a new student.\"]", "answer": 3, "difficult": 1, "use_time": 0, "correct_time": 0, "create_time": "2019-05-22T13:47:22.480Z", "created_by": 1, "update_time": "2019-05-22T13:47:22.573Z", "last_updated_by": null, "enable": true, "used_to": [2, 3, 5]}}, {"model": "alcpt.question", "pk": 194, "fields": {"question_type": 1, "question_file": "/media/documents/question_194.mp3", "question": null, "option": "[\"He is driving nails in the board.\", \"He is making holes in it.\", \"He is sawing the board.\", \"He is plugging holes.\"]", "answer": 1, "difficult": 1, "use_time": 0, "correct_time": 0, "create_time": "2019-05-22T13:47:39.196Z", "created_by": 1, "update_time": "2019-05-22T13:47:39.330Z", "last_updated_by": null, "enable": true, "used_to": [2, 3, 5]}}, {"model": "alcpt.question", "pk": 195, "fields": {"question_type": 1, "question_file": "/media/documents/question_195.mp3", "question": null, "option": "[\"He hears a high way noise.\", \"He hears an unfamiliar noise.\", \"He hears a familiar noise.\", \"He hears a low sound.\"]", "answer": 1, "difficult": 1, "use_time": 0, "correct_time": 0, "create_time": "2019-05-22T13:47:57.357Z", "created_by": 1, "update_time": "2019-05-22T13:47:57.483Z", "last_updated_by": null, "enable": true, "used_to": [2, 3, 5]}}, {"model": "alcpt.question", "pk": 196, "fields": {"question_type": 1, "question_file": "/media/documents/question_196.mp3", "question": null, "option": "[\"I want to sell this car.\", \"I will buy this car.\", \"I will follow this car.\", \"I have bought this car.\"]", "answer": 1, "difficult": 1, "use_time": 0, "correct_time": 0, "create_time": "2019-05-22T13:48:27.741Z", "created_by": 1, "update_time": "2019-05-22T13:48:27.867Z", "last_updated_by": null, "enable": true, "used_to": [2, 3, 5]}}, {"model": "alcpt.question", "pk": 197, "fields": {"question_type": 1, "question_file": "/media/documents/question_197.mp3", "question": null, "option": "[\"Bill called John.\", \"Bill hurt John.\", \"Bill telephoned John.\", \"Bill met John.\"]", "answer": 3, "difficult": 1, "use_time": 0, "correct_time": 0, "create_time": "2019-05-22T13:48:44.468Z", "created_by": 1, "update_time": "2019-05-22T13:48:44.592Z", "last_updated_by": null, "enable": true, "used_to": [2, 3, 5]}}, {"model": "alcpt.question", "pk": 198, "fields": {"question_type": 1, "question_file": "/media/documents/question_198.mp3", "question": null, "option": "[\"The lights are not working properly.\", \"They are colored.\", \"The lights are turned off completely.\", \"They are going on and off.\"]", "answer": 3, "difficult": 1, "use_time": 0, "correct_time": 0, "create_time": "2019-05-22T13:49:05.342Z", "created_by": 1, "update_time": "2019-05-22T13:49:05.470Z", "last_updated_by": null, "enable": true, "used_to": [2, 3, 5]}}, {"model": "alcpt.question", "pk": 199, "fields": {"question_type": 1, "question_file": "/media/documents/question_199.mp3", "question": null, "option": "[\"We eat different kinds of vegetables daily.\", \"We always eat the same vegetables.\", \"We eat vegetables with our meat every day.\", \"We eat only one vegetable every day.\"]", "answer": 0, "difficult": 1, "use_time": 0, "correct_time": 0, "create_time": "2019-05-22T13:49:21.796Z", "created_by": 1, "update_time": "2019-05-22T13:49:21.927Z", "last_updated_by": null, "enable": true, "used_to": [2, 3, 5]}}, {"model": "alcpt.question", "pk": 200, "fields": {"question_type": 1, "question_file": "/media/documents/question_200.mp3", "question": null, "option": "[\"There were many tickets for sale.\", \"We were lucky to get them.\", \"We could not get the tickets.\", \"There were no more games.\"]", "answer": 1, "difficult": 1, "use_time": 0, "correct_time": 0, "create_time": "2019-05-22T13:49:37.717Z", "created_by": 1, "update_time": "2019-05-22T13:49:37.843Z", "last_updated_by": null, "enable": true, "used_to": [2, 3, 5]}}, {"model": "alcpt.question", "pk": 201, "fields": {"question_type": 1, "question_file": "/media/documents/question_201.mp3", "question": null, "option": "[\"The airlines pay him for flying.\", \"He flies for the Air Force.\", \"He flies for sport.\", \"He sells airplanes.\"]", "answer": 0, "difficult": 1, "use_time": 0, "correct_time": 0, "create_time": "2019-05-22T13:49:53.782Z", "created_by": 1, "update_time": "2019-05-22T13:49:53.911Z", "last_updated_by": null, "enable": true, "used_to": [2, 3, 5]}}, {"model": "alcpt.question", "pk": 202, "fields": {"question_type": 2, "question_file": "/media/documents/question_202.mp3", "question": " ", "option": "[\"to quit smoking\", \"to reduce his smoking\", \"that he didn\\u2019t need to smoke regularly\", \"that he could continue smoking\"]", "answer": 0, "difficult": 1, "use_time": 0, "correct_time": 0, "create_time": "2019-05-22T13:51:55.439Z", "created_by": 1, "update_time": "2019-05-22T13:51:55.831Z", "last_updated_by": null, "enable": true, "used_to": [2, 3, 5]}}, {"model": "alcpt.question", "pk": 203, "fields": {"question_type": 2, "question_file": "/media/documents/question_203.mp3", "question": " ", "option": "[\"She likes roller-skating better.\", \"She has no choice.\", \"She prefers the movies.\", \"She doesn\\u2019t like either one.\"]", "answer": 2, "difficult": 1, "use_time": 0, "correct_time": 0, "create_time": "2019-05-22T13:52:46.013Z", "created_by": 1, "update_time": "2019-05-22T13:52:46.373Z", "last_updated_by": null, "enable": true, "used_to": [2, 3, 5]}}, {"model": "alcpt.question", "pk": 204, "fields": {"question_type": 2, "question_file": "/media/documents/question_204.mp3", "question": " ", "option": "[\"He is very unhappy with his studies.\", \"He has no great interest in his studies.\", \"He wants to change courses.\", \"He is very interested in his studies.\"]", "answer": 3, "difficult": 1, "use_time": 0, "correct_time": 0, "create_time": "2019-05-22T13:53:03.231Z", "created_by": 1, "update_time": "2019-05-22T13:53:03.357Z", "last_updated_by": null, "enable": true, "used_to": [2, 3, 5]}}, {"model": "alcpt.question", "pk": 205, "fields": {"question_type": 2, "question_file": "/media/documents/question_205.mp3", "question": " ", "option": "[\"He would repair it, but he wouldn\\u2019t replace it.\", \"He wouldn\\u2019t replace or repair it.\", \"He would replace it rather than repair it.\", \"He would repair it and replace it.\"]", "answer": 2, "difficult": 1, "use_time": 0, "correct_time": 0, "create_time": "2019-05-22T13:53:24.305Z", "created_by": 1, "update_time": "2019-05-22T13:53:24.429Z", "last_updated_by": null, "enable": true, "used_to": [2, 3, 5]}}, {"model": "alcpt.question", "pk": 206, "fields": {"question_type": 2, "question_file": "/media/documents/question_206.mp3", "question": " ", "option": "[\"It will stay in good condition.\", \"It will decay quickly.\", \"It will be safe to eat.\", \"It will remain unchanged.\"]", "answer": 1, "difficult": 1, "use_time": 0, "correct_time": 0, "create_time": "2019-05-22T13:53:41.665Z", "created_by": 1, "update_time": "2019-05-22T13:53:41.790Z", "last_updated_by": null, "enable": true, "used_to": [2, 3, 5]}}, {"model": "alcpt.question", "pk": 207, "fields": {"question_type": 2, "question_file": "/media/documents/question_207.mp3", "question": " ", "option": "[\"a happy one\", \"an unpleasant one\", \"an easy one\", \"a strange one\"]", "answer": 1, "difficult": 1, "use_time": 0, "correct_time": 0, "create_time": "2019-05-22T13:54:00.533Z", "created_by": 1, "update_time": "2019-05-22T13:54:00.663Z", "last_updated_by": null, "enable": true, "used_to": [2, 3, 5]}}, {"model": "alcpt.question", "pk": 208, "fields": {"question_type": 2, "question_file": "/media/documents/question_208.mp3", "question": " ", "option": "[\"He has bacon and eggs every day.\", \"He sometimes has bacon and eggs.\", \"He doesn\\u2019t eat bacon and eggs.\", \"He always has bacon and eggs.\"]", "answer": 1, "difficult": 1, "use_time": 0, "correct_time": 0, "create_time": "2019-05-22T13:54:29.974Z", "created_by": 1, "update_time": "2019-05-22T13:54:30.100Z", "last_updated_by": null, "enable": true, "used_to": [2, 3, 5]}}, {"model": "alcpt.question", "pk": 209, "fields": {"question_type": 2, "question_file": "/media/documents/question_209.mp3", "question": " ", "option": "[\"He is always tired.\", \"He is never tired.\", \"He is going to get up.\", \"He will be tired soon.\"]", "answer": 3, "difficult": 1, "use_time": 0, "correct_time": 0, "create_time": "2019-05-22T13:54:50.799Z", "created_by": 1, "update_time": "2019-05-22T13:54:50.923Z", "last_updated_by": null, "enable": true, "used_to": [2, 3, 5]}}, {"model": "alcpt.question", "pk": 210, "fields": {"question_type": 2, "question_file": "/media/documents/question_210.mp3", "question": " ", "option": "[\"a mistake\", \"a complaint\", \"a visitor\", \"a rest period\"]", "answer": 3, "difficult": 1, "use_time": 0, "correct_time": 0, "create_time": "2019-05-22T13:55:12.046Z", "created_by": 1, "update_time": "2019-05-22T13:55:12.174Z", "last_updated_by": null, "enable": true, "used_to": [2, 3, 5]}}, {"model": "alcpt.question", "pk": 211, "fields": {"question_type": 2, "question_file": "/media/documents/question_211.mp3", "question": " ", "option": "[\"He was undecided.\", \"He is going with John.\", \"He decided not to go.\", \"He went to the game.\"]", "answer": 2, "difficult": 1, "use_time": 0, "correct_time": 0, "create_time": "2019-05-22T13:55:32.535Z", "created_by": 1, "update_time": "2019-05-22T13:55:32.673Z", "last_updated_by": null, "enable": true, "used_to": [2, 3, 5]}}, {"model": "alcpt.question", "pk": 212, "fields": {"question_type": 2, "question_file": "/media/documents/question_212.mp3", "question": " ", "option": "[\"a loan\", \"a dollar bill\", \"a quarter\", \"a stamp\"]", "answer": 2, "difficult": 1, "use_time": 0, "correct_time": 0, "create_time": "2019-05-22T13:55:53.846Z", "created_by": 1, "update_time": "2019-05-22T13:55:53.975Z", "last_updated_by": null, "enable": true, "used_to": [2, 3, 5]}}, {"model": "alcpt.question", "pk": 213, "fields": {"question_type": 2, "question_file": "/media/documents/question_213.mp3", "question": " ", "option": "[\"a wrench\", \"the scissors\", \"a file\", \"the hammer\"]", "answer": 0, "difficult": 1, "use_time": 0, "correct_time": 0, "create_time": "2019-05-22T13:56:13.712Z", "created_by": 1, "update_time": "2019-05-22T13:56:13.840Z", "last_updated_by": null, "enable": true, "used_to": [2, 3, 5]}}, {"model": "alcpt.question", "pk": 214, "fields": {"question_type": 2, "question_file": "/media/documents/question_214.mp3", "question": " ", "option": "[\"wait a minute\", \"take the telephone line\", \"open the telephone book\", \"hang up the phone\"]", "answer": 0, "difficult": 1, "use_time": 0, "correct_time": 0, "create_time": "2019-05-22T13:56:37.278Z", "created_by": 1, "update_time": "2019-05-22T13:56:37.408Z", "last_updated_by": null, "enable": true, "used_to": [2, 3, 5]}}, {"model": "alcpt.question", "pk": 215, "fields": {"question_type": 2, "question_file": "/media/documents/question_215.mp3", "question": " ", "option": "[\"eat a big meal\", \"drink something hot\", \"eat a piece of candy\", \"eat something light\"]", "answer": 0, "difficult": 1, "use_time": 0, "correct_time": 0, "create_time": "2019-05-22T13:57:09.574Z", "created_by": 1, "update_time": "2019-05-22T13:57:09.704Z", "last_updated_by": null, "enable": true, "used_to": [2, 3, 5]}}, {"model": "alcpt.question", "pk": 216, "fields": {"question_type": 2, "question_file": "/media/documents/question_216.mp3", "question": " ", "option": "[\"the large room\", \"the wrong room\", \"the room on the left\", \"the correct room\"]", "answer": 3, "difficult": 1, "use_time": 0, "correct_time": 0, "create_time": "2019-05-22T13:57:30.886Z", "created_by": 1, "update_time": "2019-05-22T13:57:31.009Z", "last_updated_by": null, "enable": true, "used_to": [2, 3, 5]}}, {"model": "alcpt.question", "pk": 217, "fields": {"question_type": 2, "question_file": "/media/documents/question_217.mp3", "question": " ", "option": "[\"humidity\", \"atmospheric pressure\", \"temperature\", \"wind velocity\"]", "answer": 2, "difficult": 1, "use_time": 0, "correct_time": 0, "create_time": "2019-05-22T13:57:53.421Z", "created_by": 1, "update_time": "2019-05-22T13:57:53.551Z", "last_updated_by": null, "enable": true, "used_to": [2, 3, 5]}}, {"model": "alcpt.question", "pk": 218, "fields": {"question_type": 2, "question_file": "/media/documents/question_218.mp3", "question": " ", "option": "[\"He has a very good watch.\", \"He doesn\\u2019t wear it.\", \"It doesn\\u2019t keep good time.\", \"It is too tight.\"]", "answer": 2, "difficult": 1, "use_time": 0, "correct_time": 0, "create_time": "2019-05-22T13:58:14.568Z", "created_by": 1, "update_time": "2019-05-22T13:58:14.692Z", "last_updated_by": null, "enable": true, "used_to": [2, 3, 5]}}, {"model": "alcpt.question", "pk": 219, "fields": {"question_type": 2, "question_file": "/media/documents/question_219.mp3", "question": " ", "option": "[\"let the water run\", \"stop the flow of water\", \"make the water run more\", \"change the faucet\"]", "answer": 1, "difficult": 1, "use_time": 0, "correct_time": 0, "create_time": "2019-05-22T13:58:33.776Z", "created_by": 1, "update_time": "2019-05-22T13:58:33.909Z", "last_updated_by": null, "enable": true, "used_to": [2, 3, 5]}}, {"model": "alcpt.question", "pk": 220, "fields": {"question_type": 2, "question_file": "/media/documents/question_220.mp3", "question": " ", "option": "[\"windy\", \"hot and dry\", \"cool\", \"very damp\"]", "answer": 3, "difficult": 1, "use_time": 0, "correct_time": 0, "create_time": "2019-05-22T13:58:57.742Z", "created_by": 1, "update_time": "2019-05-22T13:58:57.868Z", "last_updated_by": null, "enable": true, "used_to": [2, 3, 5]}}, {"model": "alcpt.question", "pk": 221, "fields": {"question_type": 2, "question_file": "/media/documents/question_221.mp3", "question": " ", "option": "[\"in March\", \"in December\", \"every month\", \"in January\"]", "answer": 0, "difficult": 1, "use_time": 0, "correct_time": 0, "create_time": "2019-05-22T13:59:19.007Z", "created_by": 1, "update_time": "2019-05-22T13:59:19.136Z", "last_updated_by": null, "enable": true, "used_to": [2, 3, 5]}}, {"model": "alcpt.question", "pk": 222, "fields": {"question_type": 4, "question_file": null, "question": "If he ____ his sweater, he wouldn\u2019t have caught a cold.", "option": "[\"wear\", \"had worn\", \"wears\", \"wearing\"]", "answer": 1, "difficult": 1, "use_time": 0, "correct_time": 0, "create_time": "2019-05-19T16:18:54.592Z", "created_by": 2, "update_time": "2019-05-19T16:18:54.592Z", "last_updated_by": null, "enable": true, "used_to": [1, 2, 3]}}, {"model": "alcpt.question", "pk": 223, "fields": {"question_type": 4, "question_file": null, "question": "He is ____ in the military service.", "option": "[\"an officer\", \"officer\", \"a officer\", \"officers\"]", "answer": 0, "difficult": 1, "use_time": 0, "correct_time": 0, "create_time": "2019-05-19T16:18:54.592Z", "created_by": 2, "update_time": "2019-05-19T16:18:54.592Z", "last_updated_by": null, "enable": true, "used_to": [1, 2, 3]}}, {"model": "alcpt.question", "pk": 224, "fields": {"question_type": 4, "question_file": null, "question": "I can\u2019t go with you ____ I\u2019m busy.", "option": "[\"that\",\"and\",\"but\",\"because\"]", "answer": 0, "difficult": 1, "use_time": 0, "correct_time": 0, "create_time": "2019-05-19T16:18:54.592Z", "created_by": 2, "update_time": "2019-05-19T16:18:54.592Z", "last_updated_by": null, "enable": true, "used_to": [1, 2, 3, 5]}}, {"model": "alcpt.question", "pk": 225, "fields": {"question_type": 4, "question_file": null, "question": "They have been waiting for me ____ 5 o\u2019clock.", "option": "[\"during\",\"since\",\"between\",\"for\"]", "answer": 3, "difficult": 1, "use_time": 0, "correct_time": 0, "create_time": "2019-05-19T16:18:54.592Z", "created_by": 2, "update_time": "2019-05-19T16:18:54.592Z", "last_updated_by": null, "enable": true, "used_to": [1, 5]}}, {"model": "alcpt.question", "pk": 226, "fields": {"question_type": 4, "question_file": null, "question": "Most people ____  to read newspapers.", "option": "[\"likes\",\"like\",\"are alike\",\"were alike\"]", "answer": 1, "difficult": 1, "use_time": 0, "correct_time": 0, "create_time": "2019-05-19T16:18:54.592Z", "created_by": 2, "update_time": "2019-05-19T16:18:54.592Z", "last_updated_by": null, "enable": true, "used_to": [1, 2, 5]}}, {"model": "alcpt.question", "pk": 227, "fields": {"question_type": 4, "question_file": null, "question": "John would have called the police if he ____ the accident.", "option": "[\"see\",\"saw\",\"had seen\",\"sees\"]", "answer": 0, "difficult": 1, "use_time": 0, "correct_time": 0, "create_time": "2019-05-19T16:18:54.592Z", "created_by": 2, "update_time": "2019-05-19T16:18:54.592Z", "last_updated_by": null, "enable": true, "used_to": [1, 2, 3, 5]}}, {"model": "alcpt.question", "pk": 228, "fields": {"question_type": 4, "question_file": null, "question": "He finished ____ his tape.", "option": "[\"listened to\",\"listens by\",\"to listen\",\"listening to\"]", "answer": 2, "difficult": 1, "use_time": 0, "correct_time": 0, "create_time": "2019-05-19T16:18:54.592Z", "created_by": 2, "update_time": "2019-05-19T16:18:54.592Z", "last_updated_by": null, "enable": true, "used_to": [1, 2, 5]}}, {"model": "alcpt.question", "pk": 229, "fields": {"question_type": 4, "question_file": null, "question": "He left the office early ____ he could do some shopping.", "option": "[\"if\",\"unless\",\"that\",\"so\"]", "answer": 3, "difficult": 1, "use_time": 0, "correct_time": 0, "create_time": "2019-05-19T16:18:54.592Z", "created_by": 2, "update_time": "2019-05-19T16:18:54.592Z", "last_updated_by": null, "enable": true, "used_to": [1, 2, 3]}}, {"model": "alcpt.question", "pk": 230, "fields": {"question_type": 4, "question_file": null, "question": "____ you mind closing the window?", "option": "[\"May\",\"Could\",\"If\",\"Would\"]", "answer": 2, "difficult": 1, "use_time": 0, "correct_time": 0, "create_time": "2019-05-19T16:18:54.592Z", "created_by": 2, "update_time": "2019-05-19T16:18:54.592Z", "last_updated_by": null, "enable": true, "used_to": [1, 2, 3]}}, {"model": "alcpt.question", "pk": 231, "fields": {"question_type": 4, "question_file": null, "question": "You ____ review this lesson before you take the test.", "option": "[\"did\",\"had to\",\"ought to\",\"would\"]", "answer": 3, "difficult": 1, "use_time": 0, "correct_time": 0, "create_time": "2019-05-19T16:18:54.592Z", "created_by": 2, "update_time": "2019-05-19T16:18:54.592Z", "last_updated_by": null, "enable": true, "used_to": [1, 2, 3, 5]}}, {"model": "alcpt.question", "pk": 232, "fields": {"question_type": 4, "question_file": null, "question": "He has been studying English ____ four years.", "option": "[\"for\", \"since\", \"during\", \"until\"]", "answer": 1, "difficult": 1, "use_time": 0, "correct_time": 0, "create_time": "2019-05-19T16:18:54.592Z", "created_by": 2, "update_time": "2019-05-19T16:18:54.592Z", "last_updated_by": null, "enable": true, "used_to": [2, 3]}}, {"model": "alcpt.question", "pk": 233, "fields": {"question_type": 4, "question_file": null, "question": "The visibility was poor yesterday. I ____.", "option": "[\"couldn\u2019t see very far\",\"didn\u2019t have much money\",\"was sick\",\"made a bad grade\"]", "answer": 0, "difficult": 1, "use_time": 0, "correct_time": 0, "create_time": "2019-05-19T16:18:54.592Z", "created_by": 2, "update_time": "2019-05-19T16:18:54.592Z", "last_updated_by": null, "enable": true, "used_to": [1, 2, 3, 5]}}, {"model": "alcpt.question", "pk": 234, "fields": {"question_type": 4, "question_file": null, "question": "Howard finished ____ because he was the fastest.", "option": "[\"last\",\"lowest\",\"first\",\"slower\"]", "answer": 0, "difficult": 1, "use_time": 0, "correct_time": 0, "create_time": "2019-05-19T16:18:54.592Z", "created_by": 2, "update_time": "2019-05-19T16:18:54.592Z", "last_updated_by": null, "enable": true, "used_to": [3, 5]}}, {"model": "alcpt.question", "pk": 235, "fields": {"question_type": 4, "question_file": null, "question": "Get the red book.____ is on the shelf.", "option": "[\"What\",\"It\",\"She\",\"He\"]", "answer": 2, "difficult": 1, "use_time": 0, "correct_time": 0, "create_time": "2019-05-19T16:18:54.592Z", "created_by": 2, "update_time": "2019-05-19T16:18:54.592Z", "last_updated_by": null, "enable": true, "used_to": [3, 5]}}, {"model": "alcpt.question", "pk": 236, "fields": {"question_type": 4, "question_file": null, "question": "I am going ____ to buy a new car.", "option": "[\"for downtown\",\"downtown\",\"at downtown\",\"into downtown\"]", "answer": 1, "difficult": 1, "use_time": 0, "correct_time": 0, "create_time": "2019-05-19T16:18:54.592Z", "created_by": 2, "update_time": "2019-05-19T16:18:54.592Z", "last_updated_by": null, "enable": true, "used_to": [3, 5]}}, {"model": "alcpt.question", "pk": 237, "fields": {"question_type": 4, "question_file": null, "question": "The weather is ____ today than it was last night.", "option": "[\"good\",\"better\",\"nice\",\"best\"]", "answer": 1, "difficult": 1, "use_time": 0, "correct_time": 0, "create_time": "2019-05-19T16:18:54.592Z", "created_by": 2, "update_time": "2019-05-19T16:18:54.592Z", "last_updated_by": null, "enable": true, "used_to": [1, 2, 5]}}, {"model": "alcpt.question", "pk": 238, "fields": {"question_type": 4, "question_file": null, "question": "In the U.S., conversation is ____ proper during meals.", "option": "[\"consider\",\"considering\",\"considered\",\"considers\"]", "answer": 1, "difficult": 1, "use_time": 0, "correct_time": 0, "create_time": "2019-05-19T16:18:54.592Z", "created_by": 2, "update_time": "2019-05-19T16:18:54.592Z", "last_updated_by": null, "enable": true, "used_to": [1, 3, 5]}}, {"model": "alcpt.question", "pk": 239, "fields": {"question_type": 4, "question_file": null, "question": "____ spears for weapons, the men hunted wild animals.", "option": "[\"Will use\",\"Use\",\"To use\",\"Using\"]", "answer": 2, "difficult": 1, "use_time": 0, "correct_time": 0, "create_time": "2019-05-19T16:18:54.592Z", "created_by": 2, "update_time": "2019-05-19T16:18:54.592Z", "last_updated_by": null, "enable": true, "used_to": [2, 3, 5]}}, {"model": "alcpt.question", "pk": 240, "fields": {"question_type": 4, "question_file": null, "question": "Aircraft pilots communicate ____ control towers.", "option": "[\"at\",\"for\",\"during\",\"with\"]", "answer": 3, "difficult": 1, "use_time": 0, "correct_time": 0, "create_time": "2019-05-19T16:18:54.592Z", "created_by": 2, "update_time": "2019-05-19T16:18:54.592Z", "last_updated_by": null, "enable": true, "used_to": [1, 2, 3, 5]}}, {"model": "alcpt.question", "pk": 241, "fields": {"question_type": 4, "question_file": null, "question": "Did the students ____ a lot of homework last night?", "option": "[\"has\",\"had\",\"having\",\"have\"]", "answer": 3, "difficult": 1, "use_time": 0, "correct_time": 0, "create_time": "2019-05-19T16:18:54.592Z", "created_by": 2, "update_time": "2019-05-19T16:18:54.592Z", "last_updated_by": null, "enable": true, "used_to": [1, 2, 5]}}, {"model": "alcpt.question", "pk": 242, "fields": {"question_type": 3, "question_file": null, "question": "If he ____ his sweater, he wouldn\u2019t have caught a cold.", "option": "[\"had worn\", \"wear\", \"wears\", \"wearing\"]\r\n", "answer": 0, "difficult": 1, "use_time": 0, "correct_time": 0, "create_time": "2019-05-19T16:18:54.592Z", "created_by": 2, "update_time": "2019-05-19T16:18:54.592Z", "last_updated_by": null, "enable": true, "used_to": [1, 2, 3]}}, {"model": "alcpt.question", "pk": 243, "fields": {"question_type": 3, "question_file": null, "question": "He is ____ in the military service.", "option": "[\"an officer\",\"officer\",\"wears\",\"wearing\"]\r\n", "answer": 0, "difficult": 1, "use_time": 0, "correct_time": 0, "create_time": "2019-05-19T16:18:54.592Z", "created_by": 2, "update_time": "2019-05-19T16:18:54.592Z", "last_updated_by": null, "enable": true, "used_to": [1, 2, 3, 5]}}, {"model": "alcpt.question", "pk": 244, "fields": {"question_type": 3, "question_file": null, "question": "I can\u2019t go with you ____ I\u2019m busy.", "option": "[\"that\",\"and\",\"wears\",\"wearing\"]\r\n", "answer": 3, "difficult": 1, "use_time": 0, "correct_time": 0, "create_time": "2019-05-19T16:18:54.592Z", "created_by": 2, "update_time": "2019-05-19T16:18:54.592Z", "last_updated_by": null, "enable": true, "used_to": [1, 2, 3, 5]}}, {"model": "alcpt.question", "pk": 245, "fields": {"question_type": 3, "question_file": null, "question": "They have been waiting for me ____ 5 o\u2019clock.", "option": "[\"during\",\"since\",\"wears\",\"wearing\"]\r\n", "answer": 1, "difficult": 1, "use_time": 0, "correct_time": 0, "create_time": "2019-05-19T16:18:54.592Z", "created_by": 2, "update_time": "2019-05-19T16:18:54.592Z", "last_updated_by": null, "enable": true, "used_to": [1, 2, 3, 5]}}, {"model": "alcpt.question", "pk": 246, "fields": {"question_type": 3, "question_file": null, "question": "Most people ____  to read newspapers.", "option": "[\"likes\",\"like\",\"wears\",\"wearing\"]\r\n", "answer": 0, "difficult": 1, "use_time": 0, "correct_time": 0, "create_time": "2019-05-19T16:18:54.592Z", "created_by": 2, "update_time": "2019-05-19T16:18:54.592Z", "last_updated_by": null, "enable": true, "used_to": [1, 2, 3, 5]}}, {"model": "alcpt.question", "pk": 247, "fields": {"question_type": 3, "question_file": null, "question": "John would have called the police if he ____ the accident.", "option": "[\"see\",\"saw\",\"wears\",\"wearing\"]\r\n", "answer": 2, "difficult": 1, "use_time": 0, "correct_time": 0, "create_time": "2019-05-19T16:18:54.592Z", "created_by": 2, "update_time": "2019-05-19T16:18:54.592Z", "last_updated_by": null, "enable": true, "used_to": [1, 2, 3, 5]}}, {"model": "alcpt.question", "pk": 248, "fields": {"question_type": 3, "question_file": null, "question": "He finished ____ his tape.", "option": "[\"listened to\",\"listens by\",\"wears\",\"wearing\"]\r\n", "answer": 3, "difficult": 1, "use_time": 0, "correct_time": 0, "create_time": "2019-05-19T16:18:54.592Z", "created_by": 2, "update_time": "2019-05-19T16:18:54.592Z", "last_updated_by": null, "enable": true, "used_to": [2, 3, 5]}}, {"model": "alcpt.question", "pk": 249, "fields": {"question_type": 3, "question_file": null, "question": "He left the office early ____ he could do some shopping.", "option": "[\"if\",\"unless\",\"wears\",\"wearing\"]\r\n", "answer": 2, "difficult": 1, "use_time": 0, "correct_time": 0, "create_time": "2019-05-19T16:18:54.592Z", "created_by": 2, "update_time": "2019-05-19T16:18:54.592Z", "last_updated_by": null, "enable": true, "used_to": [1, 3, 5]}}, {"model": "alcpt.question", "pk": 250, "fields": {"question_type": 3, "question_file": null, "question": "____ you mind closing the window?", "option": "[\"May\",\"Could\",\"wears\",\"wearing\"]\r\n", "answer": 3, "difficult": 1, "use_time": 0, "correct_time": 0, "create_time": "2019-05-19T16:18:54.592Z", "created_by": 2, "update_time": "2019-05-19T16:18:54.592Z", "last_updated_by": null, "enable": true, "used_to": [1, 2, 3]}}, {"model": "alcpt.question", "pk": 251, "fields": {"question_type": 3, "question_file": null, "question": "You ____ review this lesson before you take the test.", "option": "[\"did\",\"had to\",\"wears\",\"wearing\"]\r\n", "answer": 1, "difficult": 1, "use_time": 0, "correct_time": 0, "create_time": "2019-05-19T16:18:54.592Z", "created_by": 2, "update_time": "2019-05-19T16:18:54.592Z", "last_updated_by": null, "enable": true, "used_to": [1, 2, 3, 5]}}, {"model": "alcpt.question", "pk": 252, "fields": {"question_type": 3, "question_file": null, "question": "He has been studying English ____ four years.", "option": "[\"for\",\"since\",\"wears\",\"wearing\"]\r\n", "answer": 0, "difficult": 1, "use_time": 0, "correct_time": 0, "create_time": "2019-05-19T16:18:54.592Z", "created_by": 2, "update_time": "2019-05-19T16:18:54.592Z", "last_updated_by": null, "enable": true, "used_to": [1, 2, 3, 5]}}, {"model": "alcpt.question", "pk": 253, "fields": {"question_type": 3, "question_file": null, "question": "The visibility was poor yesterday. I ____.", "option": "[\"couldn\u2019t see very far\",\"didn\u2019t have much money\",\"wears\",\"wearing\"]\r\n", "answer": 0, "difficult": 1, "use_time": 0, "correct_time": 0, "create_time": "2019-05-19T16:18:54.592Z", "created_by": 2, "update_time": "2019-05-19T16:18:54.592Z", "last_updated_by": null, "enable": true, "used_to": [1, 2, 3, 5]}}, {"model": "alcpt.question", "pk": 254, "fields": {"question_type": 3, "question_file": null, "question": "Howard finished ____ because he was the fastest.", "option": "[\"last\",\"lowest\",\"wears\",\"wearing\"]\r\n", "answer": 2, "difficult": 1, "use_time": 0, "correct_time": 0, "create_time": "2019-05-19T16:18:54.592Z", "created_by": 2, "update_time": "2019-05-19T16:18:54.592Z", "last_updated_by": null, "enable": true, "used_to": [1, 2, 5]}}, {"model": "alcpt.question", "pk": 255, "fields": {"question_type": 3, "question_file": null, "question": "Get the red book.____ is on the shelf.", "option": "[\"What\",\"It\",\"wears\",\"wearing\"]\r\n", "answer": 1, "difficult": 1, "use_time": 0, "correct_time": 0, "create_time": "2019-05-19T16:18:54.592Z", "created_by": 2, "update_time": "2019-05-19T16:18:54.592Z", "last_updated_by": null, "enable": true, "used_to": [1, 2, 3, 5]}}, {"model": "alcpt.question", "pk": 256, "fields": {"question_type": 3, "question_file": null, "question": "I am going ____ to buy a new car.", "option": "[\"for downtown\",\"downtown\",\"wears\",\"wearing\"]\r\n", "answer": 1, "difficult": 1, "use_time": 0, "correct_time": 0, "create_time": "2019-05-19T16:18:54.592Z", "created_by": 2, "update_time": "2019-05-19T16:18:54.592Z", "last_updated_by": null, "enable": true, "used_to": [1, 2, 3, 5]}}, {"model": "alcpt.question", "pk": 257, "fields": {"question_type": 3, "question_file": null, "question": "The weather is ____ today than it was last night.", "option": "[\"good\",\"better\",\"wears\",\"wearing\"]\r\n", "answer": 1, "difficult": 1, "use_time": 0, "correct_time": 0, "create_time": "2019-05-19T16:18:54.592Z", "created_by": 2, "update_time": "2019-05-19T16:18:54.592Z", "last_updated_by": null, "enable": true, "used_to": [1, 2, 3, 5]}}, {"model": "alcpt.question", "pk": 258, "fields": {"question_type": 3, "question_file": null, "question": "In the U.S., conversation is ____ proper during meals.", "option": "[\"consider\",\"considering\",\"wears\",\"wearing\"]\r\n", "answer": 2, "difficult": 1, "use_time": 0, "correct_time": 0, "create_time": "2019-05-19T16:18:54.592Z", "created_by": 2, "update_time": "2019-10-07T07:06:04.132Z", "last_updated_by": 1, "enable": true, "used_to": [5]}}, {"model": "alcpt.question", "pk": 259, "fields": {"question_type": 3, "question_file": null, "question": "____ spears for weapons, the men hunted wild animals.", "option": "[\"Will use\",\"Use\",\"wears\",\"wearing\"]\r\n", "answer": 3, "difficult": 1, "use_time": 0, "correct_time": 0, "create_time": "2019-05-19T16:18:54.592Z", "created_by": 2, "update_time": "2019-05-19T16:18:54.592Z", "last_updated_by": null, "enable": false, "used_to": []}}, {"model": "alcpt.question", "pk": 260, "fields": {"question_type": 3, "question_file": null, "question": "Aircraft pilots communicate ____ control towers.", "option": "[\"at\",\"for\",\"wears\",\"wearing\"]\r\n", "answer": 3, "difficult": 1, "use_time": 0, "correct_time": 0, "create_time": "2019-05-19T16:18:54.592Z", "created_by": 2, "update_time": "2019-05-19T16:18:54.592Z", "last_updated_by": null, "enable": false, "used_to": []}}, {"model": "alcpt.question", "pk": 261, "fields": {"question_type": 3, "question_file": null, "question": "Did the students ____ a lot of homework last night?", "option": "[\"has\",\"had\",\"wears\",\"wearing\"]\r\n", "answer": 3, "difficult": 1, "use_time": 0, "correct_time": 0, "create_time": "2019-05-19T16:18:54.592Z", "created_by": 2, "update_time": "2019-05-19T16:18:54.592Z", "last_updated_by": null, "enable": false, "used_to": []}}, {"model": "alcpt.question", "pk": 262, "fields": {"question_type": 5, "question_file": null, "question": "Jones has only a few days to learn to drive.", "option": "[\"He will need a lot of time.\", \"He has studied every day.\", \"He has little time left.\", \"He has studied every day.\", \"He has many days.\"]\r\n", "answer": 1, "difficult": 1, "use_time": 0, "correct_time": 0, "create_time": "2019-05-19T16:18:54.592Z", "created_by": 2, "update_time": "2019-05-19T16:18:54.592Z", "last_updated_by": null, "enable": true, "used_to": [1, 2, 3, 5]}}, {"model": "alcpt.question", "pk": 263, "fields": {"question_type": 5, "question_file": null, "question": "Martin wants approximately one hundred fifty dollars for that table.\nHe will accept between ____.", "option": "[\"$50.00 and $54.00\",\"and $117.\",\"$100.00 and $104.00\",\"and $117.\",\"$50.00 and 00 152.00\"]\r\n", "answer": 3, "difficult": 1, "use_time": 0, "correct_time": 0, "create_time": "2019-05-19T16:18:54.592Z", "created_by": 2, "update_time": "2019-05-19T16:18:54.592Z", "last_updated_by": null, "enable": true, "used_to": [1, 2, 3, 5]}}, {"model": "alcpt.question", "pk": 264, "fields": {"question_type": 5, "question_file": null, "question": "I\u2019m going to make reservations for my trip. I\u2019m going to ____.", "option": "[\"make some fiends\",\"make some money.\",\"have some food saved\",\"make some money.\",\"make some seat saved\"]\r\n", "answer": 3, "difficult": 1, "use_time": 0, "correct_time": 0, "create_time": "2019-05-19T16:18:54.592Z", "created_by": 2, "update_time": "2019-05-19T16:18:54.592Z", "last_updated_by": null, "enable": true, "used_to": [1, 2, 5]}}, {"model": "alcpt.question", "pk": 265, "fields": {"question_type": 5, "question_file": null, "question": "You should \"use your head\" when driving in heavy traffic.", "option": "[\"think intelligently\",\"turn your head often\",\"look straight ahead.\",\"think your head up\"]\r\n", "answer": 0, "difficult": 1, "use_time": 0, "correct_time": 0, "create_time": "2019-05-19T16:18:54.592Z", "created_by": 2, "update_time": "2019-05-19T16:18:54.592Z", "last_updated_by": null, "enable": true, "used_to": [2, 3, 5]}}, {"model": "alcpt.question", "pk": 266, "fields": {"question_type": 5, "question_file": null, "question": "The waitress asked, \u201cSir, what kind of dressing would you like?\u201d\n\u201c____,\u201d he answered.", "option": "[\"Oil and vinegar\",\"Well done\",\"French fries.\",\"Oil done and fork\"]\r\n", "answer": 0, "difficult": 1, "use_time": 0, "correct_time": 0, "create_time": "2019-05-19T16:18:54.592Z", "created_by": 2, "update_time": "2019-05-19T16:18:54.592Z", "last_updated_by": null, "enable": true, "used_to": [1, 3, 5]}}, {"model": "alcpt.question", "pk": 267, "fields": {"question_type": 5, "question_file": null, "question": "How far is it to school?", "option": "[\"The school is three miles from here.\",\"Classes begin at eight o\u2019clock.\",\"Only young children go to school here.\",\"The begin the day.\"]\r\n", "answer": 0, "difficult": 1, "use_time": 0, "correct_time": 0, "create_time": "2019-05-19T16:18:54.592Z", "created_by": 2, "update_time": "2019-05-19T16:18:54.592Z", "last_updated_by": null, "enable": true, "used_to": [1, 3, 5]}}, {"model": "alcpt.question", "pk": 268, "fields": {"question_type": 5, "question_file": null, "question": "Can you tell me where the base is?", "option": "[\"Where is the base located?\",\"What is the base for?\",\"Where are you going.\",\"Where is you now?\"]\r\n", "answer": 0, "difficult": 1, "use_time": 0, "correct_time": 0, "create_time": "2019-05-19T16:18:54.592Z", "created_by": 2, "update_time": "2019-05-19T16:18:54.592Z", "last_updated_by": null, "enable": true, "used_to": [1, 2, 3, 5]}}, {"model": "alcpt.question", "pk": 269, "fields": {"question_type": 5, "question_file": null, "question": "Do you have a sufficient amount of gas to make the trip?", "option": "[\"Do you have an extra amount of gas?\",\"Do you have enough gas?\",\"Do you have some high power gas.\",\"Do you of gas?\"]\r\n", "answer": 1, "difficult": 1, "use_time": 0, "correct_time": 0, "create_time": "2019-05-19T16:18:54.592Z", "created_by": 2, "update_time": "2019-05-19T16:18:54.592Z", "last_updated_by": null, "enable": true, "used_to": [1, 2, 3]}}, {"model": "alcpt.question", "pk": 270, "fields": {"question_type": 5, "question_file": null, "question": "When shall we meet you?", "option": "[\"at the barracks\",\"any time after 6:00\",\"Yes we shall.\",\"at time have met.\"]\r\n", "answer": 1, "difficult": 1, "use_time": 0, "correct_time": 0, "create_time": "2019-05-19T16:18:54.592Z", "created_by": 2, "update_time": "2019-05-19T16:18:54.592Z", "last_updated_by": null, "enable": true, "used_to": [1, 2, 3]}}, {"model": "alcpt.question", "pk": 271, "fields": {"question_type": 5, "question_file": null, "question": "Do they still live in San Antonio?", "option": "[\"Yes, they visit there frequently.\",\"No, they have.\",\"No they don\u2019t anymore.\",\"Yes they moved yesterday.\"]\r\n", "answer": 2, "difficult": 1, "use_time": 0, "correct_time": 0, "create_time": "2019-05-19T16:18:54.592Z", "created_by": 2, "update_time": "2019-05-19T16:18:54.592Z", "last_updated_by": null, "enable": true, "used_to": [2, 3, 5]}}, {"model": "alcpt.question", "pk": 272, "fields": {"question_type": 5, "question_file": null, "question": "What did your roommate put on for the party?", "option": "[\"He left at 8:00.\",\"He went with a friend.\",\"He wore a dark suit.\",\"He went Officer\u2019s Club.\"]\r\n", "answer": 2, "difficult": 1, "use_time": 0, "correct_time": 0, "create_time": "2019-05-19T16:18:54.592Z", "created_by": 2, "update_time": "2019-05-19T16:18:54.592Z", "last_updated_by": null, "enable": true, "used_to": [1, 2, 3, 5]}}, {"model": "alcpt.question", "pk": 273, "fields": {"question_type": 5, "question_file": null, "question": "Did you help her make up her mind?", "option": "[\"Yes, I decided for myself.\",\"Yes, I helped her decide.\",\"Yes I minded about the maid.\",\"Yes I new sign.\"]\r\n", "answer": 1, "difficult": 1, "use_time": 0, "correct_time": 0, "create_time": "2019-05-19T16:18:54.592Z", "created_by": 2, "update_time": "2019-05-19T16:18:54.592Z", "last_updated_by": null, "enable": true, "used_to": [1, 2, 5]}}, {"model": "alcpt.question", "pk": 274, "fields": {"question_type": 5, "question_file": null, "question": "Are you comfortable in this room?", "option": "[\"Yes, I came for the table.\",\"Yes, this room is too cold.\",\"Yes there are four tables here.\",\"Yes this at ease.\"]\r\n", "answer": 3, "difficult": 1, "use_time": 0, "correct_time": 0, "create_time": "2019-05-19T16:18:54.592Z", "created_by": 2, "update_time": "2019-05-19T16:18:54.592Z", "last_updated_by": null, "enable": false, "used_to": []}}, {"model": "alcpt.question", "pk": 275, "fields": {"question_type": 5, "question_file": "", "question": "Was the room crowded at the party?", "option": "[\"No, there wasn\u2019t much food.\",\"Yes, the party was in the blue room.\",\"Yes there were too many people.\",\"No the the party.\"]\r\n", "answer": 2, "difficult": 1, "use_time": 0, "correct_time": 0, "create_time": "2019-05-19T16:18:54.592Z", "created_by": 2, "update_time": "2019-05-19T16:18:54.592Z", "last_updated_by": null, "enable": false, "used_to": []}}, {"model": "alcpt.question", "pk": 276, "fields": {"question_type": 5, "question_file": null, "question": "When someone says they are all set, they ____ .", "option": "[\"are ready\",\"have the clock timed\",\"want to eat.\",\"are the sitting down\"]\r\n", "answer": 0, "difficult": 1, "use_time": 0, "correct_time": 0, "create_time": "2019-05-19T16:18:54.592Z", "created_by": 2, "update_time": "2019-05-19T16:18:54.592Z", "last_updated_by": null, "enable": false, "used_to": []}}, {"model": "alcpt.question", "pk": 282, "fields": {"question_type": 3, "question_file": null, "question": "I __ a student.", "option": "[\"am\", \"are\", \"were\", \"is\"]", "answer": 0, "difficult": 1, "use_time": 0, "correct_time": 0, "create_time": "2019-10-24T06:07:48.369Z", "created_by": 1, "update_time": "2019-10-24T06:18:20.538Z", "last_updated_by": 1, "enable": true, "used_to": []}}, {"model": "alcpt.answersheet", "pk": 9, "fields": {"exam": 7, "user": 1, "questions": "{\"0\": [28, [1, 2, 0, 3]], \"1\": [3, [1, 2, 0, 3]], \"2\": [12, [2, 3, 1, 0]], \"3\": [34, [2, 3, 0, 1]], \"4\": [20, [1, 2, 0, 3]], \"5\": [14, [0, 1, 2, 3]], \"6\": [39, [3, 1, 2, 0]], \"7\": [32, [2, 0, 1, 3]], \"8\": [13, [0, 3, 2, 1]], \"9\": [37, [0, 2, 1, 3]], \"10\": [36, [0, 3, 2, 1]], \"11\": [21, [0, 1, 3, 2]], \"12\": [26, [0, 2, 3, 1]], \"13\": [17, [2, 0, 3, 1]], \"14\": [6, [2, 3, 0, 1]], \"15\": [7, [2, 1, 3, 0]], \"16\": [5, [3, 0, 2, 1]], \"17\": [23, [3, 1, 2, 0]], \"18\": [9, [2, 0, 1, 3]], \"19\": [41, [3, 0, 2, 1]], \"20\": [4, [3, 0, 2, 1]], \"21\": [10, [3, 2, 1, 0]], \"22\": [29, [3, 0, 2, 1]], \"23\": [42, [2, 3, 1, 0]], \"24\": [18, [2, 0, 3, 1]], \"25\": [2, [2, 0, 3, 1]], \"26\": [38, [2, 3, 0, 1]], \"27\": [19, [2, 0, 3, 1]], \"28\": [22, [1, 2, 3, 0]], \"29\": [24, [0, 1, 3, 2]], \"30\": [31, [0, 3, 1, 2]], \"31\": [33, [3, 0, 1, 2]], \"32\": [40, [3, 0, 1, 2]], \"33\": [25, [2, 0, 3, 1]], \"34\": [35, [2, 3, 0, 1]], \"35\": [8, [3, 0, 1, 2]], \"36\": [11, [3, 2, 1, 0]], \"37\": [16, [1, 0, 2, 3]], \"38\": [27, [1, 0, 2, 3]], \"39\": [30, [2, 1, 3, 0]], \"40\": [79, [2, 1, 0, 3]], \"41\": [66, [1, 2, 3, 0]], \"42\": [54, [0, 1, 3, 2]], \"43\": [67, [0, 1, 3, 2]], \"44\": [63, [2, 0, 1, 3]], \"45\": [58, [1, 2, 0, 3]], \"46\": [68, [2, 1, 0, 3]], \"47\": [64, [2, 0, 3, 1]], \"48\": [70, [0, 2, 3, 1]], \"49\": [52, [3, 0, 2, 1]], \"50\": [77, [1, 2, 3, 0]], \"51\": [74, [0, 1, 3, 2]], \"52\": [53, [1, 2, 0, 3]], \"53\": [69, [3, 2, 1, 0]], \"54\": [80, [3, 1, 0, 2]], \"55\": [62, [2, 0, 3, 1]], \"56\": [90, [2, 3, 1, 0]], \"57\": [61, [3, 1, 2, 0]], \"58\": [89, [0, 1, 2, 3]], \"59\": [56, [2, 0, 1, 3]], \"60\": [123, [2, 0, 3, 1]], \"61\": [122, [1, 0, 3, 2]], \"62\": [128, [2, 0, 1, 3]], \"63\": [137, [2, 0, 1, 3]], \"64\": [136, [0, 1, 3, 2]], \"65\": [133, [2, 0, 1, 3]], \"66\": [126, [0, 3, 2, 1]], \"67\": [124, [1, 3, 0, 2]], \"68\": [130, [0, 2, 3, 1]], \"69\": [135, [0, 1, 2, 3]], \"70\": [132, [3, 0, 2, 1]], \"71\": [129, [0, 2, 3, 1]], \"72\": [134, [1, 0, 3, 2]], \"73\": [125, [0, 2, 1, 3]], \"74\": [127, [1, 0, 2, 3]], \"75\": [115, [1, 0, 3, 2]], \"76\": [93, [1, 0, 2, 3]], \"77\": [101, [0, 2, 1, 3]], \"78\": [107, [2, 3, 1, 0]], \"79\": [118, [0, 1, 2, 3]], \"80\": [100, [2, 1, 0, 3]], \"81\": [106, [0, 3, 1, 2]], \"82\": [97, [1, 0, 3, 2]], \"83\": [94, [3, 2, 1, 0]], \"84\": [109, [0, 3, 1, 2]], \"85\": [110, [1, 2, 3, 0]], \"86\": [95, [1, 0, 3, 2]], \"87\": [117, [3, 0, 1, 2]], \"88\": [96, [2, 3, 0, 1]], \"89\": [111, [0, 2, 1, 3]], \"90\": [161, [1, 3, 2, 0]], \"91\": [151, [2, 0, 1, 3]], \"92\": [149, [0, 2, 1, 3]], \"93\": [160, [1, 3, 2, 0]], \"94\": [158, [0, 1, 2, 3]], \"95\": [144, [3, 2, 0, 1]], \"96\": [145, [0, 1, 3, 2]], \"97\": [152, [0, 3, 2, 1]], \"98\": [159, [1, 3, 2, 0]], \"99\": [150, [1, 3, 2, 0]]}", "answers": "{\"28\": -1, \"3\": -1, \"12\": -1, \"34\": -1, \"20\": -1, \"14\": -1, \"39\": -1, \"32\": -1, \"13\": -1, \"37\": -1, \"36\": -1, \"21\": -1, \"26\": -1, \"17\": -1, \"6\": -1, \"7\": -1, \"5\": -1, \"23\": -1, \"9\": -1, \"41\": -1, \"4\": -1, \"10\": -1, \"29\": -1, \"42\": -1, \"18\": -1, \"2\": -1, \"38\": -1, \"19\": -1, \"22\": -1, \"24\": -1, \"31\": -1, \"33\": -1, \"40\": -1, \"25\": -1, \"35\": -1, \"8\": -1, \"11\": -1, \"16\": -1, \"27\": -1, \"30\": -1, \"79\": -1, \"66\": -1, \"54\": -1, \"67\": -1, \"63\": -1, \"58\": -1, \"68\": -1, \"64\": -1, \"70\": -1, \"52\": -1, \"77\": -1, \"74\": -1, \"53\": -1, \"69\": -1, \"80\": -1, \"62\": -1, \"90\": -1, \"61\": -1, \"89\": -1, \"56\": -1, \"123\": -1, \"122\": -1, \"128\": -1, \"137\": -1, \"136\": -1, \"133\": -1, \"126\": -1, \"124\": -1, \"130\": -1, \"135\": -1, \"132\": -1, \"129\": -1, \"134\": -1, \"125\": -1, \"127\": -1, \"115\": -1, \"93\": -1, \"101\": -1, \"107\": -1, \"118\": -1, \"100\": -1, \"106\": -1, \"97\": -1, \"94\": -1, \"109\": -1, \"110\": -1, \"95\": -1, \"117\": -1, \"96\": -1, \"111\": -1, \"161\": -1, \"151\": -1, \"149\": -1, \"160\": -1, \"158\": -1, \"144\": -1, \"145\": -1, \"152\": -1, \"159\": -1, \"150\": -1}", "create_time": "2019-05-19T22:21:43.643Z", "finish": false, "score": 0}}, {"model": "alcpt.answersheet", "pk": 10, "fields": {"exam": 6, "user": 1, "questions": "{\"0\": [8, [1, 2, 0, 3]], \"1\": [4, [1, 2, 0, 3]], \"2\": [30, [2, 3, 1, 0]], \"3\": [42, [2, 3, 0, 1]], \"4\": [40, [1, 2, 0, 3]], \"5\": [25, [0, 1, 2, 3]], \"6\": [21, [3, 1, 2, 0]], \"7\": [5, [2, 0, 1, 3]], \"8\": [2, [0, 3, 2, 1]], \"9\": [23, [0, 2, 1, 3]], \"10\": [12, [0, 3, 2, 1]], \"11\": [17, [0, 1, 3, 2]], \"12\": [35, [0, 2, 3, 1]], \"13\": [11, [2, 0, 3, 1]], \"14\": [26, [2, 3, 0, 1]], \"15\": [7, [2, 1, 3, 0]], \"16\": [22, [3, 0, 2, 1]], \"17\": [31, [3, 1, 2, 0]], \"18\": [27, [2, 0, 1, 3]], \"19\": [33, [3, 0, 2, 1]], \"20\": [36, [3, 0, 2, 1]], \"21\": [41, [3, 2, 1, 0]], \"22\": [10, [3, 0, 2, 1]], \"23\": [6, [2, 3, 1, 0]], \"24\": [18, [2, 0, 3, 1]], \"25\": [24, [2, 0, 3, 1]], \"26\": [39, [2, 3, 0, 1]], \"27\": [13, [2, 0, 3, 1]], \"28\": [28, [1, 2, 3, 0]], \"29\": [32, [0, 1, 3, 2]], \"30\": [14, [0, 3, 1, 2]], \"31\": [37, [3, 0, 1, 2]], \"32\": [3, [3, 0, 1, 2]], \"33\": [19, [2, 0, 3, 1]], \"34\": [38, [2, 3, 0, 1]], \"35\": [20, [3, 0, 1, 2]], \"36\": [29, [3, 2, 1, 0]], \"37\": [34, [1, 0, 2, 3]], \"38\": [16, [1, 0, 2, 3]], \"39\": [9, [2, 1, 3, 0]], \"40\": [53, [2, 1, 0, 3]], \"41\": [79, [1, 2, 3, 0]], \"42\": [62, [0, 1, 3, 2]], \"43\": [68, [0, 1, 3, 2]], \"44\": [66, [2, 0, 1, 3]], \"45\": [69, [1, 2, 0, 3]], \"46\": [70, [2, 1, 0, 3]], \"47\": [63, [2, 0, 3, 1]], \"48\": [90, [0, 2, 3, 1]], \"49\": [52, [3, 0, 2, 1]], \"50\": [54, [1, 2, 3, 0]], \"51\": [64, [0, 1, 3, 2]], \"52\": [89, [1, 2, 0, 3]], \"53\": [77, [3, 2, 1, 0]], \"54\": [56, [3, 1, 0, 2]], \"55\": [61, [2, 0, 3, 1]], \"56\": [74, [2, 3, 1, 0]], \"57\": [67, [3, 1, 2, 0]], \"58\": [58, [0, 1, 2, 3]], \"59\": [80, [2, 0, 1, 3]], \"60\": [137, [2, 0, 3, 1]], \"61\": [123, [1, 0, 3, 2]], \"62\": [134, [2, 0, 1, 3]], \"63\": [127, [2, 0, 1, 3]], \"64\": [135, [0, 1, 3, 2]], \"65\": [126, [2, 0, 1, 3]], \"66\": [124, [0, 3, 2, 1]], \"67\": [128, [1, 3, 0, 2]], \"68\": [130, [0, 2, 3, 1]], \"69\": [125, [0, 1, 2, 3]], \"70\": [136, [3, 0, 2, 1]], \"71\": [132, [0, 2, 3, 1]], \"72\": [122, [1, 0, 3, 2]], \"73\": [129, [0, 2, 1, 3]], \"74\": [133, [1, 0, 2, 3]], \"75\": [94, [1, 0, 3, 2]], \"76\": [115, [1, 0, 2, 3]], \"77\": [117, [0, 2, 1, 3]], \"78\": [111, [2, 3, 1, 0]], \"79\": [107, [0, 1, 2, 3]], \"80\": [110, [2, 1, 0, 3]], \"81\": [109, [0, 3, 1, 2]], \"82\": [95, [1, 0, 3, 2]], \"83\": [101, [3, 2, 1, 0]], \"84\": [118, [0, 3, 1, 2]], \"85\": [96, [1, 2, 3, 0]], \"86\": [93, [1, 0, 3, 2]], \"87\": [97, [3, 0, 1, 2]], \"88\": [100, [2, 3, 0, 1]], \"89\": [106, [0, 2, 1, 3]], \"90\": [151, [1, 3, 2, 0]], \"91\": [150, [2, 0, 1, 3]], \"92\": [145, [0, 2, 1, 3]], \"93\": [159, [1, 3, 2, 0]], \"94\": [149, [0, 1, 2, 3]], \"95\": [158, [3, 2, 0, 1]], \"96\": [161, [0, 1, 3, 2]], \"97\": [160, [0, 3, 2, 1]], \"98\": [152, [1, 3, 2, 0]], \"99\": [144, [1, 3, 2, 0]]}", "answers": "{\"8\": -1, \"4\": -1, \"30\": -1, \"42\": -1, \"40\": -1, \"25\": -1, \"21\": -1, \"5\": -1, \"2\": -1, \"23\": -1, \"12\": -1, \"17\": -1, \"35\": -1, \"11\": -1, \"26\": -1, \"7\": -1, \"22\": -1, \"31\": -1, \"27\": -1, \"33\": -1, \"36\": -1, \"41\": -1, \"10\": -1, \"6\": -1, \"18\": -1, \"24\": -1, \"39\": -1, \"13\": -1, \"28\": -1, \"32\": -1, \"14\": -1, \"37\": -1, \"3\": -1, \"19\": -1, \"38\": -1, \"20\": -1, \"29\": -1, \"34\": -1, \"16\": -1, \"9\": -1, \"53\": -1, \"79\": -1, \"62\": -1, \"68\": -1, \"66\": -1, \"69\": -1, \"70\": -1, \"63\": -1, \"90\": -1, \"52\": -1, \"54\": -1, \"64\": -1, \"89\": -1, \"77\": -1, \"56\": -1, \"61\": -1, \"74\": -1, \"67\": -1, \"58\": -1, \"80\": -1, \"137\": -1, \"123\": -1, \"134\": -1, \"127\": -1, \"135\": -1, \"126\": -1, \"124\": -1, \"128\": -1, \"130\": -1, \"125\": -1, \"136\": -1, \"132\": -1, \"122\": -1, \"129\": -1, \"133\": -1, \"94\": -1, \"115\": -1, \"117\": -1, \"111\": -1, \"107\": -1, \"110\": -1, \"109\": -1, \"95\": -1, \"101\": -1, \"118\": -1, \"96\": -1, \"93\": -1, \"97\": -1, \"100\": -1, \"106\": -1, \"151\": -1, \"150\": -1, \"145\": -1, \"159\": -1, \"149\": -1, \"158\": -1, \"161\": -1, \"160\": -1, \"152\": -1, \"144\": -1}", "create_time": "2019-05-19T22:36:29.033Z", "finish": false, "score": 0}}, {"model": "alcpt.answersheet", "pk": 11, "fields": {"exam": 21, "user": 1, "questions": "{\"0\": [180, [1, 2, 0, 3]], \"1\": [197, [1, 2, 0, 3]], \"2\": [165, [2, 3, 1, 0]], \"3\": [199, [2, 3, 0, 1]], \"4\": [200, [1, 2, 0, 3]], \"5\": [172, [0, 1, 2, 3]], \"6\": [167, [3, 1, 2, 0]], \"7\": [178, [2, 0, 1, 3]], \"8\": [169, [0, 3, 2, 1]], \"9\": [170, [0, 2, 1, 3]], \"10\": [166, [0, 3, 2, 1]], \"11\": [188, [0, 1, 3, 2]], \"12\": [195, [0, 2, 3, 1]], \"13\": [190, [2, 0, 3, 1]], \"14\": [179, [2, 3, 0, 1]], \"15\": [186, [2, 1, 3, 0]], \"16\": [171, [3, 0, 2, 1]], \"17\": [192, [3, 1, 2, 0]], \"18\": [181, [2, 0, 1, 3]], \"19\": [191, [3, 0, 2, 1]], \"20\": [198, [3, 0, 2, 1]], \"21\": [184, [3, 2, 1, 0]], \"22\": [163, [3, 0, 2, 1]], \"23\": [174, [2, 3, 1, 0]], \"24\": [176, [2, 0, 3, 1]], \"25\": [193, [2, 0, 3, 1]], \"26\": [175, [2, 3, 0, 1]], \"27\": [173, [2, 0, 3, 1]], \"28\": [182, [1, 2, 3, 0]], \"29\": [187, [0, 1, 3, 2]], \"30\": [185, [0, 3, 1, 2]], \"31\": [194, [3, 0, 1, 2]], \"32\": [164, [3, 0, 1, 2]], \"33\": [189, [2, 0, 3, 1]], \"34\": [162, [2, 3, 0, 1]], \"35\": [183, [3, 0, 1, 2]], \"36\": [196, [3, 2, 1, 0]], \"37\": [177, [1, 0, 2, 3]], \"38\": [201, [1, 0, 2, 3]], \"39\": [168, [2, 1, 3, 0]], \"40\": [214, [2, 1, 0, 3]], \"41\": [213, [1, 2, 3, 0]], \"42\": [208, [0, 1, 3, 2]], \"43\": [206, [0, 1, 3, 2]], \"44\": [221, [2, 0, 1, 3]], \"45\": [204, [1, 2, 0, 3]], \"46\": [217, [2, 1, 0, 3]], \"47\": [216, [2, 0, 3, 1]], \"48\": [207, [0, 2, 3, 1]], \"49\": [210, [3, 0, 2, 1]], \"50\": [203, [1, 2, 3, 0]], \"51\": [202, [0, 1, 3, 2]], \"52\": [220, [1, 2, 0, 3]], \"53\": [218, [3, 2, 1, 0]], \"54\": [211, [3, 1, 0, 2]], \"55\": [209, [2, 0, 3, 1]], \"56\": [212, [2, 3, 1, 0]], \"57\": [205, [3, 1, 2, 0]], \"58\": [215, [0, 1, 2, 3]], \"59\": [219, [2, 0, 1, 3]], \"60\": [255, [2, 0, 3, 1]], \"61\": [252, [1, 0, 3, 2]], \"62\": [247, [2, 0, 1, 3]], \"63\": [243, [2, 0, 1, 3]], \"64\": [248, [0, 1, 3, 2]], \"65\": [245, [2, 0, 1, 3]], \"66\": [253, [0, 3, 2, 1]], \"67\": [256, [1, 3, 0, 2]], \"68\": [249, [0, 2, 3, 1]], \"69\": [244, [0, 1, 2, 3]], \"70\": [251, [3, 0, 2, 1]], \"71\": [246, [0, 2, 3, 1]], \"72\": [242, [1, 0, 3, 2]], \"73\": [257, [0, 2, 1, 3]], \"74\": [250, [1, 0, 2, 3]], \"75\": [239, [1, 0, 3, 2]], \"76\": [238, [1, 0, 2, 3]], \"77\": [222, [0, 2, 1, 3]], \"78\": [227, [2, 3, 1, 0]], \"79\": [223, [0, 1, 2, 3]], \"80\": [229, [2, 1, 0, 3]], \"81\": [233, [0, 3, 1, 2]], \"82\": [232, [1, 0, 3, 2]], \"83\": [230, [3, 2, 1, 0]], \"84\": [234, [0, 3, 1, 2]], \"85\": [224, [1, 2, 3, 0]], \"86\": [236, [1, 0, 3, 2]], \"87\": [240, [3, 0, 1, 2]], \"88\": [231, [2, 3, 0, 1]], \"89\": [235, [0, 2, 1, 3]], \"90\": [272, [1, 3, 2, 0]], \"91\": [268, [2, 0, 1, 3]], \"92\": [263, [0, 2, 1, 3]], \"93\": [271, [1, 3, 2, 0]], \"94\": [262, [0, 1, 2, 3]], \"95\": [265, [3, 2, 0, 1]], \"96\": [269, [0, 1, 3, 2]], \"97\": [267, [0, 3, 2, 1]], \"98\": [270, [1, 3, 2, 0]], \"99\": [266, [1, 3, 2, 0]]}", "answers": "{\"180\": -1, \"197\": -1, \"165\": -1, \"199\": -1, \"200\": -1, \"172\": -1, \"167\": -1, \"178\": -1, \"169\": -1, \"170\": -1, \"166\": -1, \"188\": -1, \"195\": -1, \"190\": -1, \"179\": -1, \"186\": -1, \"171\": -1, \"192\": -1, \"181\": -1, \"191\": -1, \"198\": -1, \"184\": -1, \"163\": -1, \"174\": -1, \"176\": -1, \"193\": -1, \"175\": -1, \"173\": -1, \"182\": -1, \"187\": -1, \"185\": -1, \"194\": -1, \"164\": -1, \"189\": -1, \"162\": -1, \"183\": -1, \"196\": -1, \"177\": -1, \"201\": -1, \"168\": -1, \"214\": -1, \"213\": -1, \"208\": -1, \"206\": -1, \"221\": -1, \"204\": -1, \"217\": -1, \"216\": -1, \"207\": -1, \"210\": -1, \"203\": -1, \"202\": -1, \"220\": -1, \"218\": -1, \"211\": -1, \"209\": -1, \"212\": -1, \"205\": -1, \"215\": -1, \"219\": -1, \"255\": -1, \"252\": -1, \"247\": -1, \"243\": -1, \"248\": -1, \"245\": -1, \"253\": -1, \"256\": -1, \"249\": -1, \"244\": -1, \"251\": -1, \"246\": -1, \"242\": -1, \"257\": -1, \"250\": -1, \"239\": -1, \"238\": -1, \"222\": -1, \"227\": -1, \"223\": -1, \"229\": -1, \"233\": -1, \"232\": -1, \"230\": -1, \"234\": -1, \"224\": -1, \"236\": -1, \"240\": -1, \"231\": -1, \"235\": -1, \"272\": -1, \"268\": -1, \"263\": -1, \"271\": -1, \"262\": -1, \"265\": -1, \"269\": -1, \"267\": -1, \"270\": -1, \"266\": -1}", "create_time": "2019-05-23T02:36:50.776Z", "finish": false, "score": 0}}, {"model": "alcpt.answersheet", "pk": 12, "fields": {"exam": 26, "user": 1, "questions": "{\"0\": [162, [1, 2, 0, 3]], \"1\": [179, [1, 2, 0, 3]], \"2\": [196, [2, 3, 1, 0]], \"3\": [175, [2, 3, 0, 1]], \"4\": [201, [1, 2, 0, 3]], \"5\": [184, [0, 1, 2, 3]], \"6\": [172, [3, 1, 2, 0]], \"7\": [186, [2, 0, 1, 3]], \"8\": [191, [0, 3, 2, 1]], \"9\": [164, [0, 2, 1, 3]], \"10\": [177, [0, 3, 2, 1]], \"11\": [200, [0, 1, 3, 2]], \"12\": [182, [0, 2, 3, 1]], \"13\": [168, [2, 0, 3, 1]], \"14\": [199, [2, 3, 0, 1]], \"15\": [189, [2, 1, 3, 0]], \"16\": [181, [3, 0, 2, 1]], \"17\": [166, [3, 1, 2, 0]], \"18\": [194, [2, 0, 1, 3]], \"19\": [165, [3, 0, 2, 1]], \"20\": [183, [3, 0, 2, 1]], \"21\": [197, [3, 2, 1, 0]], \"22\": [174, [3, 0, 2, 1]], \"23\": [187, [2, 3, 1, 0]], \"24\": [163, [2, 0, 3, 1]], \"25\": [176, [2, 0, 3, 1]], \"26\": [190, [2, 3, 0, 1]], \"27\": [178, [2, 0, 3, 1]], \"28\": [198, [1, 2, 3, 0]], \"29\": [170, [0, 1, 3, 2]], \"30\": [188, [0, 3, 1, 2]], \"31\": [173, [3, 0, 1, 2]], \"32\": [195, [3, 0, 1, 2]], \"33\": [193, [2, 0, 3, 1]], \"34\": [192, [2, 3, 0, 1]], \"35\": [171, [3, 0, 1, 2]], \"36\": [180, [3, 2, 1, 0]], \"37\": [169, [1, 0, 2, 3]], \"38\": [185, [1, 0, 2, 3]], \"39\": [167, [2, 1, 3, 0]], \"40\": [205, [2, 1, 0, 3]], \"41\": [212, [1, 2, 3, 0]], \"42\": [206, [0, 1, 3, 2]], \"43\": [217, [0, 1, 3, 2]], \"44\": [214, [2, 0, 1, 3]], \"45\": [213, [1, 2, 0, 3]], \"46\": [210, [2, 1, 0, 3]], \"47\": [204, [2, 0, 3, 1]], \"48\": [221, [0, 2, 3, 1]], \"49\": [220, [3, 0, 2, 1]], \"50\": [202, [1, 2, 3, 0]], \"51\": [208, [0, 1, 3, 2]], \"52\": [218, [1, 2, 0, 3]], \"53\": [216, [3, 2, 1, 0]], \"54\": [209, [3, 1, 0, 2]], \"55\": [211, [2, 0, 3, 1]], \"56\": [215, [2, 3, 1, 0]], \"57\": [219, [3, 1, 2, 0]], \"58\": [203, [0, 1, 2, 3]], \"59\": [207, [2, 0, 1, 3]], \"60\": [249, [2, 0, 3, 1]], \"61\": [258, [1, 0, 3, 2]], \"62\": [256, [2, 0, 1, 3]], \"63\": [243, [2, 0, 1, 3]], \"64\": [257, [0, 1, 3, 2]], \"65\": [247, [2, 0, 1, 3]], \"66\": [244, [0, 3, 2, 1]], \"67\": [252, [1, 3, 0, 2]], \"68\": [254, [0, 2, 3, 1]], \"69\": [255, [0, 1, 2, 3]], \"70\": [246, [3, 0, 2, 1]], \"71\": [251, [0, 2, 3, 1]], \"72\": [245, [1, 0, 3, 2]], \"73\": [253, [0, 2, 1, 3]], \"74\": [248, [1, 0, 2, 3]], \"75\": [224, [1, 0, 3, 2]], \"76\": [237, [1, 0, 2, 3]], \"77\": [236, [0, 2, 1, 3]], \"78\": [228, [2, 3, 1, 0]], \"79\": [227, [0, 1, 2, 3]], \"80\": [226, [2, 1, 0, 3]], \"81\": [240, [0, 3, 1, 2]], \"82\": [231, [1, 0, 3, 2]], \"83\": [234, [3, 2, 1, 0]], \"84\": [241, [0, 3, 1, 2]], \"85\": [239, [1, 2, 3, 0]], \"86\": [233, [1, 0, 3, 2]], \"87\": [235, [3, 0, 1, 2]], \"88\": [238, [2, 3, 0, 1]], \"89\": [225, [0, 2, 1, 3]], \"90\": [271, [1, 3, 2, 0]], \"91\": [263, [2, 0, 1, 3]], \"92\": [273, [0, 2, 1, 3]], \"93\": [264, [1, 3, 2, 0]], \"94\": [262, [0, 1, 2, 3]], \"95\": [268, [3, 2, 0, 1]], \"96\": [265, [0, 1, 3, 2]], \"97\": [266, [0, 3, 2, 1]], \"98\": [267, [1, 3, 2, 0]], \"99\": [272, [1, 3, 2, 0]]}", "answers": "{\"162\": -1, \"179\": -1, \"196\": -1, \"175\": -1, \"201\": -1, \"184\": -1, \"172\": -1, \"186\": -1, \"191\": -1, \"164\": -1, \"177\": -1, \"200\": -1, \"182\": -1, \"168\": -1, \"199\": -1, \"189\": -1, \"181\": -1, \"166\": -1, \"194\": -1, \"165\": -1, \"183\": -1, \"197\": -1, \"174\": -1, \"187\": -1, \"163\": -1, \"176\": -1, \"190\": -1, \"178\": -1, \"198\": -1, \"170\": -1, \"188\": -1, \"173\": -1, \"195\": -1, \"193\": -1, \"192\": -1, \"171\": -1, \"180\": -1, \"169\": -1, \"185\": -1, \"167\": -1, \"205\": -1, \"212\": -1, \"206\": -1, \"217\": -1, \"214\": -1, \"213\": -1, \"210\": -1, \"204\": -1, \"221\": -1, \"220\": -1, \"202\": -1, \"208\": -1, \"218\": -1, \"216\": -1, \"209\": -1, \"211\": -1, \"215\": -1, \"219\": -1, \"203\": -1, \"207\": -1, \"249\": -1, \"258\": -1, \"256\": -1, \"243\": -1, \"257\": -1, \"247\": -1, \"244\": -1, \"252\": -1, \"254\": -1, \"255\": -1, \"246\": -1, \"251\": -1, \"245\": -1, \"253\": -1, \"248\": -1, \"224\": -1, \"237\": -1, \"236\": -1, \"228\": -1, \"227\": -1, \"226\": -1, \"240\": -1, \"231\": -1, \"234\": -1, \"241\": -1, \"239\": -1, \"233\": -1, \"235\": -1, \"238\": -1, \"225\": -1, \"271\": -1, \"263\": -1, \"273\": -1, \"264\": -1, \"262\": -1, \"268\": -1, \"265\": -1, \"266\": -1, \"267\": -1, \"272\": -1, \"179\": 3}", "create_time": "2019-10-08T03:27:05.679Z", "finish": false, "score": 0}}, {"model": "alcpt.answersheet", "pk": 13, "fields": {"exam": 26, "user": 19, "questions": "{\"0\": [169, [3, 0, 1, 2]], \"1\": [167, [3, 2, 1, 0]], \"2\": [185, [1, 3, 2, 0]], \"3\": [181, [0, 3, 2, 1]], \"4\": [162, [2, 1, 0, 3]], \"5\": [194, [3, 2, 0, 1]], \"6\": [196, [1, 0, 3, 2]], \"7\": [190, [0, 2, 1, 3]], \"8\": [201, [1, 3, 2, 0]], \"9\": [177, [0, 1, 3, 2]], \"10\": [171, [1, 3, 2, 0]], \"11\": [186, [2, 3, 1, 0]], \"12\": [182, [2, 3, 1, 0]], \"13\": [170, [0, 3, 2, 1]], \"14\": [180, [3, 0, 2, 1]], \"15\": [195, [3, 2, 1, 0]], \"16\": [200, [2, 1, 0, 3]], \"17\": [175, [2, 3, 0, 1]], \"18\": [197, [3, 2, 0, 1]], \"19\": [166, [0, 1, 2, 3]], \"20\": [179, [3, 2, 1, 0]], \"21\": [183, [2, 1, 3, 0]], \"22\": [174, [1, 3, 0, 2]], \"23\": [168, [1, 3, 0, 2]], \"24\": [199, [0, 2, 1, 3]], \"25\": [165, [1, 2, 3, 0]], \"26\": [193, [0, 1, 3, 2]], \"27\": [176, [1, 3, 0, 2]], \"28\": [191, [1, 0, 3, 2]], \"29\": [164, [3, 2, 0, 1]], \"30\": [163, [0, 2, 3, 1]], \"31\": [188, [1, 3, 2, 0]], \"32\": [198, [3, 1, 0, 2]], \"33\": [184, [0, 3, 2, 1]], \"34\": [178, [1, 3, 2, 0]], \"35\": [192, [2, 1, 0, 3]], \"36\": [173, [0, 2, 3, 1]], \"37\": [172, [1, 0, 3, 2]], \"38\": [187, [1, 2, 0, 3]], \"39\": [189, [3, 0, 1, 2]], \"40\": [213, [2, 1, 3, 0]], \"41\": [204, [0, 2, 3, 1]], \"42\": [207, [2, 0, 1, 3]], \"43\": [217, [3, 1, 2, 0]], \"44\": [206, [0, 3, 2, 1]], \"45\": [219, [3, 0, 1, 2]], \"46\": [211, [2, 0, 1, 3]], \"47\": [216, [0, 2, 1, 3]], \"48\": [203, [0, 3, 2, 1]], \"49\": [221, [3, 0, 2, 1]], \"50\": [220, [3, 2, 1, 0]], \"51\": [208, [2, 1, 3, 0]], \"52\": [212, [0, 2, 3, 1]], \"53\": [205, [2, 0, 3, 1]], \"54\": [218, [3, 1, 2, 0]], \"55\": [210, [0, 2, 3, 1]], \"56\": [202, [1, 3, 2, 0]], \"57\": [215, [0, 3, 1, 2]], \"58\": [209, [0, 2, 1, 3]], \"59\": [214, [1, 0, 2, 3]], \"60\": [257, [1, 2, 0, 3]], \"61\": [252, [2, 0, 3, 1]], \"62\": [256, [3, 0, 2, 1]], \"63\": [251, [2, 3, 0, 1]], \"64\": [253, [1, 2, 0, 3]], \"65\": [245, [0, 2, 1, 3]], \"66\": [243, [3, 1, 0, 2]], \"67\": [244, [3, 2, 0, 1]], \"68\": [255, [2, 3, 1, 0]], \"69\": [258, [3, 2, 1, 0]], \"70\": [248, [3, 0, 1, 2]], \"71\": [249, [0, 2, 1, 3]], \"72\": [254, [1, 0, 2, 3]], \"73\": [247, [1, 3, 2, 0]], \"74\": [246, [0, 2, 1, 3]], \"75\": [228, [1, 2, 0, 3]], \"76\": [224, [1, 3, 2, 0]], \"77\": [239, [1, 3, 0, 2]], \"78\": [233, [2, 1, 3, 0]], \"79\": [237, [2, 3, 1, 0]], \"80\": [235, [0, 3, 2, 1]], \"81\": [226, [1, 0, 2, 3]], \"82\": [238, [0, 2, 1, 3]], \"83\": [227, [2, 3, 1, 0]], \"84\": [231, [2, 3, 1, 0]], \"85\": [240, [3, 1, 0, 2]], \"86\": [234, [2, 1, 0, 3]], \"87\": [225, [2, 0, 1, 3]], \"88\": [236, [3, 1, 2, 0]], \"89\": [241, [2, 1, 0, 3]], \"90\": [266, [3, 1, 0, 2]], \"91\": [264, [0, 1, 2, 3]], \"92\": [268, [1, 2, 0, 3]], \"93\": [273, [1, 2, 3, 0]], \"94\": [262, [2, 3, 1, 0]], \"95\": [265, [1, 3, 0, 2]], \"96\": [272, [3, 2, 0, 1]], \"97\": [271, [2, 3, 1, 0]], \"98\": [267, [2, 1, 0, 3]], \"99\": [263, [1, 2, 0, 3]]}", "answers": "{\"169\": -1, \"167\": -1, \"185\": -1, \"181\": -1, \"162\": -1, \"194\": -1, \"196\": -1, \"190\": -1, \"201\": -1, \"177\": -1, \"171\": -1, \"186\": -1, \"182\": -1, \"170\": -1, \"180\": -1, \"195\": -1, \"200\": -1, \"175\": -1, \"197\": -1, \"166\": -1, \"179\": -1, \"183\": -1, \"174\": -1, \"168\": -1, \"199\": -1, \"165\": -1, \"193\": -1, \"176\": -1, \"191\": -1, \"164\": -1, \"163\": -1, \"188\": -1, \"198\": -1, \"184\": -1, \"178\": -1, \"192\": -1, \"173\": -1, \"172\": -1, \"187\": -1, \"189\": -1, \"213\": -1, \"204\": -1, \"207\": -1, \"217\": -1, \"206\": -1, \"219\": -1, \"211\": -1, \"216\": -1, \"203\": -1, \"221\": -1, \"220\": -1, \"208\": -1, \"212\": -1, \"205\": -1, \"218\": -1, \"210\": -1, \"202\": -1, \"215\": -1, \"209\": -1, \"214\": -1, \"257\": -1, \"252\": -1, \"256\": -1, \"251\": -1, \"253\": -1, \"245\": -1, \"243\": -1, \"244\": -1, \"255\": -1, \"258\": -1, \"248\": -1, \"249\": -1, \"254\": -1, \"247\": -1, \"246\": -1, \"228\": -1, \"224\": -1, \"239\": -1, \"233\": -1, \"237\": -1, \"235\": -1, \"226\": -1, \"238\": -1, \"227\": -1, \"231\": -1, \"240\": -1, \"234\": -1, \"225\": -1, \"236\": -1, \"241\": -1, \"266\": -1, \"264\": -1, \"268\": -1, \"273\": -1, \"262\": -1, \"265\": -1, \"272\": -1, \"271\": -1, \"267\": -1, \"263\": -1}", "create_time": "2019-10-08T03:35:13.434Z", "finish": false, "score": 0}}, {"model": "alcpt.group", "pk": 1, "fields": {"name": "109", "created_by": 1, "update_time": "2019-05-19T20:07:54.047Z", "create_time": "2019-05-19T20:07:54.033Z", "member": [16, 17, 18, 19]}}, {"model": "alcpt.group", "pk": 2, "fields": {"name": "\u4e09\u4e2d\u968a", "created_by": 20, "update_time": "2019-05-19T20:08:31.398Z", "create_time": "2019-05-19T20:08:31.369Z", "member": [1, 2, 3, 4, 5, 6, 7, 8, 9, 20]}}, {"model": "alcpt.group", "pk": 3, "fields": {"name": "YANGtest", "created_by": 1, "update_time": "2019-10-08T03:34:52.307Z", "create_time": "2019-10-08T03:26:11.940Z", "member": [19]}}, {"model": "alcpt.proclamation", "pk": 1, "fields": {"title": "109\u5e74\u7b2c\u4e00\u6b21\u6a21\u64ec\u8003", "text": "\u9810\u8a08\u65bc2020/3/21\u5be6\u65bd\u7b2c\u4e00\u6b21\u6a21\u64ec\u8003", "enable": true, "create": "2019-05-19T20:44:21.175Z", "created_by": 1}}, {"model": "auth.permission", "pk": 1, "fields": {"name": "Can add log entry", "content_type": 1, "codename": "add_logentry"}}, {"model": "auth.permission", "pk": 2, "fields": {"name": "Can change log entry", "content_type": 1, "codename": "change_logentry"}}, {"model": "auth.permission", "pk": 3, "fields": {"name": "Can delete log entry", "content_type": 1, "codename": "delete_logentry"}}, {"model": "auth.permission", "pk": 4, "fields": {"name": "Can add permission", "content_type": 2, "codename": "add_permission"}}, {"model": "auth.permission", "pk": 5, "fields": {"name": "Can change permission", "content_type": 2, "codename": "change_permission"}}, {"model": "auth.permission", "pk": 6, "fields": {"name": "Can delete permission", "content_type": 2, "codename": "delete_permission"}}, {"model": "auth.permission", "pk": 7, "fields": {"name": "Can add group", "content_type": 3, "codename": "add_group"}}, {"model": "auth.permission", "pk": 8, "fields": {"name": "Can change group", "content_type": 3, "codename": "change_group"}}, {"model": "auth.permission", "pk": 9, "fields": {"name": "Can delete group", "content_type": 3, "codename": "delete_group"}}, {"model": "auth.permission", "pk": 10, "fields": {"name": "Can add content type", "content_type": 4, "codename": "add_contenttype"}}, {"model": "auth.permission", "pk": 11, "fields": {"name": "Can change content type", "content_type": 4, "codename": "change_contenttype"}}, {"model": "auth.permission", "pk": 12, "fields": {"name": "Can delete content type", "content_type": 4, "codename": "delete_contenttype"}}, {"model": "auth.permission", "pk": 13, "fields": {"name": "Can add session", "content_type": 5, "codename": "add_session"}}, {"model": "auth.permission", "pk": 14, "fields": {"name": "Can change session", "content_type": 5, "codename": "change_session"}}, {"model": "auth.permission", "pk": 15, "fields": {"name": "Can delete session", "content_type": 5, "codename": "delete_session"}}, {"model": "auth.permission", "pk": 16, "fields": {"name": "Can add user", "content_type": 6, "codename": "add_user"}}, {"model": "auth.permission", "pk": 17, "fields": {"name": "Can change user", "content_type": 6, "codename": "change_user"}}, {"model": "auth.permission", "pk": 18, "fields": {"name": "Can delete user", "content_type": 6, "codename": "delete_user"}}, {"model": "auth.permission", "pk": 19, "fields": {"name": "Can add answer sheet", "content_type": 7, "codename": "add_answersheet"}}, {"model": "auth.permission", "pk": 20, "fields": {"name": "Can change answer sheet", "content_type": 7, "codename": "change_answersheet"}}, {"model": "auth.permission", "pk": 21, "fields": {"name": "Can delete answer sheet", "content_type": 7, "codename": "delete_answersheet"}}, {"model": "auth.permission", "pk": 22, "fields": {"name": "Can add department", "content_type": 8, "codename": "add_department"}}, {"model": "auth.permission", "pk": 23, "fields": {"name": "Can change department", "content_type": 8, "codename": "change_department"}}, {"model": "auth.permission", "pk": 24, "fields": {"name": "Can delete department", "content_type": 8, "codename": "delete_department"}}, {"model": "auth.permission", "pk": 25, "fields": {"name": "Can add exam", "content_type": 9, "codename": "add_exam"}}, {"model": "auth.permission", "pk": 26, "fields": {"name": "Can change exam", "content_type": 9, "codename": "change_exam"}}, {"model": "auth.permission", "pk": 27, "fields": {"name": "Can delete exam", "content_type": 9, "codename": "delete_exam"}}, {"model": "auth.permission", "pk": 28, "fields": {"name": "Can add group", "content_type": 10, "codename": "add_group"}}, {"model": "auth.permission", "pk": 29, "fields": {"name": "Can change group", "content_type": 10, "codename": "change_group"}}, {"model": "auth.permission", "pk": 30, "fields": {"name": "Can delete group", "content_type": 10, "codename": "delete_group"}}, {"model": "auth.permission", "pk": 31, "fields": {"name": "Can add proclamation", "content_type": 11, "codename": "add_proclamation"}}, {"model": "auth.permission", "pk": 32, "fields": {"name": "Can change proclamation", "content_type": 11, "codename": "change_proclamation"}}, {"model": "auth.permission", "pk": 33, "fields": {"name": "Can delete proclamation", "content_type": 11, "codename": "delete_proclamation"}}, {"model": "auth.permission", "pk": 34, "fields": {"name": "Can add question", "content_type": 12, "codename": "add_question"}}, {"model": "auth.permission", "pk": 35, "fields": {"name": "Can change question", "content_type": 12, "codename": "change_question"}}, {"model": "auth.permission", "pk": 36, "fields": {"name": "Can delete question", "content_type": 12, "codename": "delete_question"}}, {"model": "auth.permission", "pk": 37, "fields": {"name": "Can add squadron", "content_type": 13, "codename": "add_squadron"}}, {"model": "auth.permission", "pk": 38, "fields": {"name": "Can change squadron", "content_type": 13, "codename": "change_squadron"}}, {"model": "auth.permission", "pk": 39, "fields": {"name": "Can delete squadron", "content_type": 13, "codename": "delete_squadron"}}, {"model": "auth.permission", "pk": 40, "fields": {"name": "Can add student", "content_type": 14, "codename": "add_student"}}, {"model": "auth.permission", "pk": 41, "fields": {"name": "Can change student", "content_type": 14, "codename": "change_student"}}, {"model": "auth.permission", "pk": 42, "fields": {"name": "Can delete student", "content_type": 14, "codename": "delete_student"}}, {"model": "auth.permission", "pk": 43, "fields": {"name": "Can add test paper", "content_type": 15, "codename": "add_testpaper"}}, {"model": "auth.permission", "pk": 44, "fields": {"name": "Can change test paper", "content_type": 15, "codename": "change_testpaper"}}, {"model": "auth.permission", "pk": 45, "fields": {"name": "Can delete test paper", "content_type": 15, "codename": "delete_testpaper"}}]